102,-2,AuCA6ay3Le+DnjspxzyBjfPyt+k=,f90TjIWiukLkPvFc6DDYSCGvJ+A=
97,-7,L6H8jPDNYNvJxhPm6Iei1Oe5NKo=,f90TjIWiukLkPvFc6DDYSCGvJ+A=
101,-2,L6H8jPDNYNvJxhPm6Iei1Oe5NKo=,f90TjIWiukLkPvFc6DDYSCGvJ+A=
100,-13,L6H8jPDNYNvJxhPm6Iei1Oe5NKo=,7N38EbI5LYyy2uhLxZu37UlVgLM=
110,-14,L6H8jPDNYNvJxhPm6Iei1Oe5NKo=,AcMg7lg5tBBWPIwwGx/yiUCDkPQ=
101,-13,L6H8jPDNYNvJxhPm6Iei1Oe5NKo=,7N38EbI5LYyy2uhLxZu37UlVgLM=
104,-13,L6H8jPDNYNvJxhPm6Iei1Oe5NKo=,AcMg7lg5tBBWPIwwGx/yiUCDkPQ=
109,-14,L6H8jPDNYNvJxhPm6Iei1Oe5NKo=,AcMg7lg5tBBWPIwwGx/yiUCDkPQ=
99,-13,L6H8jPDNYNvJxhPm6Iei1Oe5NKo=,7N38EbI5LYyy2uhLxZu37UlVgLM=
105,-13,L6H8jPDNYNvJxhPm6Iei1Oe5NKo=,AcMg7lg5tBBWPIwwGx/yiUCDkPQ=
102,-14,L6H8jPDNYNvJxhPm6Iei1Oe5NKo=,7N38EbI5LYyy2uhLxZu37UlVgLM=
100,-9,L6H8jPDNYNvJxhPm6Iei1Oe5NKo=,7N38EbI5LYyy2uhLxZu37UlVgLM=
106,-13,L6H8jPDNYNvJxhPm6Iei1Oe5NKo=,AcMg7lg5tBBWPIwwGx/yiUCDkPQ=
99,-9,L6H8jPDNYNvJxhPm6Iei1Oe5NKo=,7N38EbI5LYyy2uhLxZu37UlVgLM=
102,-9,L6H8jPDNYNvJxhPm6Iei1Oe5NKo=,7N38EbI5LYyy2uhLxZu37UlVgLM=
102,-13,L6H8jPDNYNvJxhPm6Iei1Oe5NKo=,7N38EbI5LYyy2uhLxZu37UlVgLM=
103,-13,L6H8jPDNYNvJxhPm6Iei1Oe5NKo=,7N38EbI5LYyy2uhLxZu37UlVgLM=
98,-9,L6H8jPDNYNvJxhPm6Iei1Oe5NKo=,7N38EbI5LYyy2uhLxZu37UlVgLM=
97,-9,L6H8jPDNYNvJxhPm6Iei1Oe5NKo=,7N38EbI5LYyy2uhLxZu37UlVgLM=
102,-10,L6H8jPDNYNvJxhPm6Iei1Oe5NKo=,7N38EbI5LYyy2uhLxZu37UlVgLM=
101,-10,L6H8jPDNYNvJxhPm6Iei1Oe5NKo=,7N38EbI5LYyy2uhLxZu37UlVgLM=
100,-10,L6H8jPDNYNvJxhPm6Iei1Oe5NKo=,7N38EbI5LYyy2uhLxZu37UlVgLM=
99,-10,L6H8jPDNYNvJxhPm6Iei1Oe5NKo=,7N38EbI5LYyy2uhLxZu37UlVgLM=
101,-14,L6H8jPDNYNvJxhPm6Iei1Oe5NKo=,7N38EbI5LYyy2uhLxZu37UlVgLM=
101,-9,L6H8jPDNYNvJxhPm6Iei1Oe5NKo=,7N38EbI5LYyy2uhLxZu37UlVgLM=
97,-15,L6H8jPDNYNvJxhPm6Iei1Oe5NKo=,7N38EbI5LYyy2uhLxZu37UlVgLM=
108,-14,L6H8jPDNYNvJxhPm6Iei1Oe5NKo=,AcMg7lg5tBBWPIwwGx/yiUCDkPQ=
110,-4,L6H8jPDNYNvJxhPm6Iei1Oe5NKo=,2zYLb6cOyRuGEJWUwOqrnnxA7zc=
98,-10,L6H8jPDNYNvJxhPm6Iei1Oe5NKo=,7N38EbI5LYyy2uhLxZu37UlVgLM=
97,-10,L6H8jPDNYNvJxhPm6Iei1Oe5NKo=,7N38EbI5LYyy2uhLxZu37UlVgLM=
104,-3,L6H8jPDNYNvJxhPm6Iei1Oe5NKo=,2zYLb6cOyRuGEJWUwOqrnnxA7zc=
102,-11,L6H8jPDNYNvJxhPm6Iei1Oe5NKo=,7N38EbI5LYyy2uhLxZu37UlVgLM=
101,-11,L6H8jPDNYNvJxhPm6Iei1Oe5NKo=,7N38EbI5LYyy2uhLxZu37UlVgLM=
103,-9,L6H8jPDNYNvJxhPm6Iei1Oe5NKo=,7N38EbI5LYyy2uhLxZu37UlVgLM=
105,-3,L6H8jPDNYNvJxhPm6Iei1Oe5NKo=,2zYLb6cOyRuGEJWUwOqrnnxA7zc=
100,-14,L6H8jPDNYNvJxhPm6Iei1Oe5NKo=,7N38EbI5LYyy2uhLxZu37UlVgLM=
102,-15,L6H8jPDNYNvJxhPm6Iei1Oe5NKo=,7N38EbI5LYyy2uhLxZu37UlVgLM=
107,-13,L6H8jPDNYNvJxhPm6Iei1Oe5NKo=,AcMg7lg5tBBWPIwwGx/yiUCDkPQ=
106,-3,L6H8jPDNYNvJxhPm6Iei1Oe5NKo=,2zYLb6cOyRuGEJWUwOqrnnxA7zc=
107,-14,L6H8jPDNYNvJxhPm6Iei1Oe5NKo=,AcMg7lg5tBBWPIwwGx/yiUCDkPQ=
97,-12,L6H8jPDNYNvJxhPm6Iei1Oe5NKo=,7N38EbI5LYyy2uhLxZu37UlVgLM=
109,-4,L6H8jPDNYNvJxhPm6Iei1Oe5NKo=,2zYLb6cOyRuGEJWUwOqrnnxA7zc=
108,-13,L6H8jPDNYNvJxhPm6Iei1Oe5NKo=,AcMg7lg5tBBWPIwwGx/yiUCDkPQ=
103,-2,L6H8jPDNYNvJxhPm6Iei1Oe5NKo=,f90TjIWiukLkPvFc6DDYSCGvJ+A=
108,-4,L6H8jPDNYNvJxhPm6Iei1Oe5NKo=,2zYLb6cOyRuGEJWUwOqrnnxA7zc=
98,-12,L6H8jPDNYNvJxhPm6Iei1Oe5NKo=,7N38EbI5LYyy2uhLxZu37UlVgLM=
101,-15,L6H8jPDNYNvJxhPm6Iei1Oe5NKo=,7N38EbI5LYyy2uhLxZu37UlVgLM=
98,-13,L6H8jPDNYNvJxhPm6Iei1Oe5NKo=,7N38EbI5LYyy2uhLxZu37UlVgLM=
109,-13,L6H8jPDNYNvJxhPm6Iei1Oe5NKo=,AcMg7lg5tBBWPIwwGx/yiUCDkPQ=
98,-15,L6H8jPDNYNvJxhPm6Iei1Oe5NKo=,7N38EbI5LYyy2uhLxZu37UlVgLM=
99,-15,L6H8jPDNYNvJxhPm6Iei1Oe5NKo=,7N38EbI5LYyy2uhLxZu37UlVgLM=
110,-13,L6H8jPDNYNvJxhPm6Iei1Oe5NKo=,AcMg7lg5tBBWPIwwGx/yiUCDkPQ=
99,-12,L6H8jPDNYNvJxhPm6Iei1Oe5NKo=,7N38EbI5LYyy2uhLxZu37UlVgLM=
107,-4,L6H8jPDNYNvJxhPm6Iei1Oe5NKo=,2zYLb6cOyRuGEJWUwOqrnnxA7zc=
99,-14,L6H8jPDNYNvJxhPm6Iei1Oe5NKo=,7N38EbI5LYyy2uhLxZu37UlVgLM=
103,-10,L6H8jPDNYNvJxhPm6Iei1Oe5NKo=,7N38EbI5LYyy2uhLxZu37UlVgLM=
104,-12,L6H8jPDNYNvJxhPm6Iei1Oe5NKo=,AcMg7lg5tBBWPIwwGx/yiUCDkPQ=
97,-8,L6H8jPDNYNvJxhPm6Iei1Oe5NKo=,f90TjIWiukLkPvFc6DDYSCGvJ+A=
106,-4,L6H8jPDNYNvJxhPm6Iei1Oe5NKo=,2zYLb6cOyRuGEJWUwOqrnnxA7zc=
98,-14,L6H8jPDNYNvJxhPm6Iei1Oe5NKo=,7N38EbI5LYyy2uhLxZu37UlVgLM=
100,-11,L6H8jPDNYNvJxhPm6Iei1Oe5NKo=,7N38EbI5LYyy2uhLxZu37UlVgLM=
105,-12,L6H8jPDNYNvJxhPm6Iei1Oe5NKo=,AcMg7lg5tBBWPIwwGx/yiUCDkPQ=
106,-14,L6H8jPDNYNvJxhPm6Iei1Oe5NKo=,AcMg7lg5tBBWPIwwGx/yiUCDkPQ=
100,-2,L6H8jPDNYNvJxhPm6Iei1Oe5NKo=,f90TjIWiukLkPvFc6DDYSCGvJ+A=
104,-8,L6H8jPDNYNvJxhPm6Iei1Oe5NKo=,2zYLb6cOyRuGEJWUwOqrnnxA7zc=
105,-4,L6H8jPDNYNvJxhPm6Iei1Oe5NKo=,2zYLb6cOyRuGEJWUwOqrnnxA7zc=
100,-15,L6H8jPDNYNvJxhPm6Iei1Oe5NKo=,7N38EbI5LYyy2uhLxZu37UlVgLM=
104,-4,L6H8jPDNYNvJxhPm6Iei1Oe5NKo=,2zYLb6cOyRuGEJWUwOqrnnxA7zc=
97,-14,L6H8jPDNYNvJxhPm6Iei1Oe5NKo=,7N38EbI5LYyy2uhLxZu37UlVgLM=
105,-8,L6H8jPDNYNvJxhPm6Iei1Oe5NKo=,2zYLb6cOyRuGEJWUwOqrnnxA7zc=
97,-13,L6H8jPDNYNvJxhPm6Iei1Oe5NKo=,7N38EbI5LYyy2uhLxZu37UlVgLM=
103,-3,L6H8jPDNYNvJxhPm6Iei1Oe5NKo=,f90TjIWiukLkPvFc6DDYSCGvJ+A=
99,-11,L6H8jPDNYNvJxhPm6Iei1Oe5NKo=,7N38EbI5LYyy2uhLxZu37UlVgLM=
103,-8,L6H8jPDNYNvJxhPm6Iei1Oe5NKo=,f90TjIWiukLkPvFc6DDYSCGvJ+A=
97,-11,L6H8jPDNYNvJxhPm6Iei1Oe5NKo=,7N38EbI5LYyy2uhLxZu37UlVgLM=
102,-12,L6H8jPDNYNvJxhPm6Iei1Oe5NKo=,7N38EbI5LYyy2uhLxZu37UlVgLM=
110,-5,L6H8jPDNYNvJxhPm6Iei1Oe5NKo=,2zYLb6cOyRuGEJWUwOqrnnxA7zc=
107,-3,L6H8jPDNYNvJxhPm6Iei1Oe5NKo=,2zYLb6cOyRuGEJWUwOqrnnxA7zc=
110,-10,L6H8jPDNYNvJxhPm6Iei1Oe5NKo=,AcMg7lg5tBBWPIwwGx/yiUCDkPQ=
99,-2,L6H8jPDNYNvJxhPm6Iei1Oe5NKo=,f90TjIWiukLkPvFc6DDYSCGvJ+A=
108,-3,L6H8jPDNYNvJxhPm6Iei1Oe5NKo=,2zYLb6cOyRuGEJWUwOqrnnxA7zc=
100,-12,L6H8jPDNYNvJxhPm6Iei1Oe5NKo=,7N38EbI5LYyy2uhLxZu37UlVgLM=
109,-10,L6H8jPDNYNvJxhPm6Iei1Oe5NKo=,AcMg7lg5tBBWPIwwGx/yiUCDkPQ=
102,-8,L6H8jPDNYNvJxhPm6Iei1Oe5NKo=,f90TjIWiukLkPvFc6DDYSCGvJ+A=
101,-12,L6H8jPDNYNvJxhPm6Iei1Oe5NKo=,7N38EbI5LYyy2uhLxZu37UlVgLM=
109,-3,L6H8jPDNYNvJxhPm6Iei1Oe5NKo=,2zYLb6cOyRuGEJWUwOqrnnxA7zc=
98,-8,L6H8jPDNYNvJxhPm6Iei1Oe5NKo=,f90TjIWiukLkPvFc6DDYSCGvJ+A=
101,-8,L6H8jPDNYNvJxhPm6Iei1Oe5NKo=,f90TjIWiukLkPvFc6DDYSCGvJ+A=
99,-8,L6H8jPDNYNvJxhPm6Iei1Oe5NKo=,f90TjIWiukLkPvFc6DDYSCGvJ+A=
106,-12,L6H8jPDNYNvJxhPm6Iei1Oe5NKo=,AcMg7lg5tBBWPIwwGx/yiUCDkPQ=
109,-5,L6H8jPDNYNvJxhPm6Iei1Oe5NKo=,2zYLb6cOyRuGEJWUwOqrnnxA7zc=
110,-9,L6H8jPDNYNvJxhPm6Iei1Oe5NKo=,AcMg7lg5tBBWPIwwGx/yiUCDkPQ=
107,-12,L6H8jPDNYNvJxhPm6Iei1Oe5NKo=,AcMg7lg5tBBWPIwwGx/yiUCDkPQ=
105,-14,L6H8jPDNYNvJxhPm6Iei1Oe5NKo=,AcMg7lg5tBBWPIwwGx/yiUCDkPQ=
108,-5,L6H8jPDNYNvJxhPm6Iei1Oe5NKo=,2zYLb6cOyRuGEJWUwOqrnnxA7zc=
98,-11,L6H8jPDNYNvJxhPm6Iei1Oe5NKo=,7N38EbI5LYyy2uhLxZu37UlVgLM=
108,-10,L6H8jPDNYNvJxhPm6Iei1Oe5NKo=,AcMg7lg5tBBWPIwwGx/yiUCDkPQ=
108,-12,L6H8jPDNYNvJxhPm6Iei1Oe5NKo=,AcMg7lg5tBBWPIwwGx/yiUCDkPQ=
98,-2,L6H8jPDNYNvJxhPm6Iei1Oe5NKo=,f90TjIWiukLkPvFc6DDYSCGvJ+A=
103,-11,L6H8jPDNYNvJxhPm6Iei1Oe5NKo=,7N38EbI5LYyy2uhLxZu37UlVgLM=
104,-14,L6H8jPDNYNvJxhPm6Iei1Oe5NKo=,AcMg7lg5tBBWPIwwGx/yiUCDkPQ=
107,-5,L6H8jPDNYNvJxhPm6Iei1Oe5NKo=,2zYLb6cOyRuGEJWUwOqrnnxA7zc=
97,-2,L6H8jPDNYNvJxhPm6Iei1Oe5NKo=,f90TjIWiukLkPvFc6DDYSCGvJ+A=
109,-12,L6H8jPDNYNvJxhPm6Iei1Oe5NKo=,AcMg7lg5tBBWPIwwGx/yiUCDkPQ=
107,-10,L6H8jPDNYNvJxhPm6Iei1Oe5NKo=,AcMg7lg5tBBWPIwwGx/yiUCDkPQ=
106,-5,L6H8jPDNYNvJxhPm6Iei1Oe5NKo=,2zYLb6cOyRuGEJWUwOqrnnxA7zc=
100,-8,L6H8jPDNYNvJxhPm6Iei1Oe5NKo=,f90TjIWiukLkPvFc6DDYSCGvJ+A=
103,-15,L6H8jPDNYNvJxhPm6Iei1Oe5NKo=,7N38EbI5LYyy2uhLxZu37UlVgLM=
110,-12,L6H8jPDNYNvJxhPm6Iei1Oe5NKo=,AcMg7lg5tBBWPIwwGx/yiUCDkPQ=
110,-15,L6H8jPDNYNvJxhPm6Iei1Oe5NKo=,AcMg7lg5tBBWPIwwGx/yiUCDkPQ=
109,-15,L6H8jPDNYNvJxhPm6Iei1Oe5NKo=,AcMg7lg5tBBWPIwwGx/yiUCDkPQ=
101,-3,L6H8jPDNYNvJxhPm6Iei1Oe5NKo=,f90TjIWiukLkPvFc6DDYSCGvJ+A=
106,-10,L6H8jPDNYNvJxhPm6Iei1Oe5NKo=,AcMg7lg5tBBWPIwwGx/yiUCDkPQ=
108,-15,L6H8jPDNYNvJxhPm6Iei1Oe5NKo=,AcMg7lg5tBBWPIwwGx/yiUCDkPQ=
105,-10,L6H8jPDNYNvJxhPm6Iei1Oe5NKo=,AcMg7lg5tBBWPIwwGx/yiUCDkPQ=
105,-5,L6H8jPDNYNvJxhPm6Iei1Oe5NKo=,2zYLb6cOyRuGEJWUwOqrnnxA7zc=
104,-10,L6H8jPDNYNvJxhPm6Iei1Oe5NKo=,AcMg7lg5tBBWPIwwGx/yiUCDkPQ=
103,-4,L6H8jPDNYNvJxhPm6Iei1Oe5NKo=,f90TjIWiukLkPvFc6DDYSCGvJ+A=
111,-14,L6H8jPDNYNvJxhPm6Iei1Oe5NKo=,AcMg7lg5tBBWPIwwGx/yiUCDkPQ=
110,-3,L6H8jPDNYNvJxhPm6Iei1Oe5NKo=,2zYLb6cOyRuGEJWUwOqrnnxA7zc=
104,-5,L6H8jPDNYNvJxhPm6Iei1Oe5NKo=,2zYLb6cOyRuGEJWUwOqrnnxA7zc=
109,-9,L6H8jPDNYNvJxhPm6Iei1Oe5NKo=,AcMg7lg5tBBWPIwwGx/yiUCDkPQ=
103,-7,L6H8jPDNYNvJxhPm6Iei1Oe5NKo=,f90TjIWiukLkPvFc6DDYSCGvJ+A=
111,-13,L6H8jPDNYNvJxhPm6Iei1Oe5NKo=,AcMg7lg5tBBWPIwwGx/yiUCDkPQ=
111,-10,L6H8jPDNYNvJxhPm6Iei1Oe5NKo=,AcMg7lg5tBBWPIwwGx/yiUCDkPQ=
111,-15,L6H8jPDNYNvJxhPm6Iei1Oe5NKo=,AcMg7lg5tBBWPIwwGx/yiUCDkPQ=
104,-2,L6H8jPDNYNvJxhPm6Iei1Oe5NKo=,2zYLb6cOyRuGEJWUwOqrnnxA7zc=
111,-12,L6H8jPDNYNvJxhPm6Iei1Oe5NKo=,AcMg7lg5tBBWPIwwGx/yiUCDkPQ=
111,-11,L6H8jPDNYNvJxhPm6Iei1Oe5NKo=,AcMg7lg5tBBWPIwwGx/yiUCDkPQ=
106,-15,L6H8jPDNYNvJxhPm6Iei1Oe5NKo=,AcMg7lg5tBBWPIwwGx/yiUCDkPQ=
105,-2,L6H8jPDNYNvJxhPm6Iei1Oe5NKo=,2zYLb6cOyRuGEJWUwOqrnnxA7zc=
105,-15,L6H8jPDNYNvJxhPm6Iei1Oe5NKo=,AcMg7lg5tBBWPIwwGx/yiUCDkPQ=
104,-15,L6H8jPDNYNvJxhPm6Iei1Oe5NKo=,AcMg7lg5tBBWPIwwGx/yiUCDkPQ=
102,-3,L6H8jPDNYNvJxhPm6Iei1Oe5NKo=,f90TjIWiukLkPvFc6DDYSCGvJ+A=
106,-2,L6H8jPDNYNvJxhPm6Iei1Oe5NKo=,2zYLb6cOyRuGEJWUwOqrnnxA7zc=
103,-14,L6H8jPDNYNvJxhPm6Iei1Oe5NKo=,7N38EbI5LYyy2uhLxZu37UlVgLM=
109,-11,L6H8jPDNYNvJxhPm6Iei1Oe5NKo=,AcMg7lg5tBBWPIwwGx/yiUCDkPQ=
110,-11,L6H8jPDNYNvJxhPm6Iei1Oe5NKo=,AcMg7lg5tBBWPIwwGx/yiUCDkPQ=
108,-11,L6H8jPDNYNvJxhPm6Iei1Oe5NKo=,AcMg7lg5tBBWPIwwGx/yiUCDkPQ=
107,-2,L6H8jPDNYNvJxhPm6Iei1Oe5NKo=,2zYLb6cOyRuGEJWUwOqrnnxA7zc=
104,-11,L6H8jPDNYNvJxhPm6Iei1Oe5NKo=,AcMg7lg5tBBWPIwwGx/yiUCDkPQ=
105,-11,L6H8jPDNYNvJxhPm6Iei1Oe5NKo=,AcMg7lg5tBBWPIwwGx/yiUCDkPQ=
109,-6,L6H8jPDNYNvJxhPm6Iei1Oe5NKo=,2zYLb6cOyRuGEJWUwOqrnnxA7zc=
103,-12,L6H8jPDNYNvJxhPm6Iei1Oe5NKo=,7N38EbI5LYyy2uhLxZu37UlVgLM=
107,-15,L6H8jPDNYNvJxhPm6Iei1Oe5NKo=,AcMg7lg5tBBWPIwwGx/yiUCDkPQ=
106,-11,L6H8jPDNYNvJxhPm6Iei1Oe5NKo=,AcMg7lg5tBBWPIwwGx/yiUCDkPQ=
100,-3,L6H8jPDNYNvJxhPm6Iei1Oe5NKo=,f90TjIWiukLkPvFc6DDYSCGvJ+A=
99,-3,L6H8jPDNYNvJxhPm6Iei1Oe5NKo=,f90TjIWiukLkPvFc6DDYSCGvJ+A=
98,-3,L6H8jPDNYNvJxhPm6Iei1Oe5NKo=,f90TjIWiukLkPvFc6DDYSCGvJ+A=
108,-9,L6H8jPDNYNvJxhPm6Iei1Oe5NKo=,AcMg7lg5tBBWPIwwGx/yiUCDkPQ=
97,-3,L6H8jPDNYNvJxhPm6Iei1Oe5NKo=,f90TjIWiukLkPvFc6DDYSCGvJ+A=
108,-6,L6H8jPDNYNvJxhPm6Iei1Oe5NKo=,2zYLb6cOyRuGEJWUwOqrnnxA7zc=
102,-4,L6H8jPDNYNvJxhPm6Iei1Oe5NKo=,f90TjIWiukLkPvFc6DDYSCGvJ+A=
101,-4,L6H8jPDNYNvJxhPm6Iei1Oe5NKo=,f90TjIWiukLkPvFc6DDYSCGvJ+A=
105,-1,L6H8jPDNYNvJxhPm6Iei1Oe5NKo=,2zYLb6cOyRuGEJWUwOqrnnxA7zc=
110,-6,L6H8jPDNYNvJxhPm6Iei1Oe5NKo=,2zYLb6cOyRuGEJWUwOqrnnxA7zc=
109,-1,L6H8jPDNYNvJxhPm6Iei1Oe5NKo=,2zYLb6cOyRuGEJWUwOqrnnxA7zc=
100,-4,L6H8jPDNYNvJxhPm6Iei1Oe5NKo=,f90TjIWiukLkPvFc6DDYSCGvJ+A=
99,-4,L6H8jPDNYNvJxhPm6Iei1Oe5NKo=,f90TjIWiukLkPvFc6DDYSCGvJ+A=
106,-1,L6H8jPDNYNvJxhPm6Iei1Oe5NKo=,2zYLb6cOyRuGEJWUwOqrnnxA7zc=
107,-6,L6H8jPDNYNvJxhPm6Iei1Oe5NKo=,2zYLb6cOyRuGEJWUwOqrnnxA7zc=
108,-1,L6H8jPDNYNvJxhPm6Iei1Oe5NKo=,2zYLb6cOyRuGEJWUwOqrnnxA7zc=
97,-4,L6H8jPDNYNvJxhPm6Iei1Oe5NKo=,f90TjIWiukLkPvFc6DDYSCGvJ+A=
106,-6,L6H8jPDNYNvJxhPm6Iei1Oe5NKo=,2zYLb6cOyRuGEJWUwOqrnnxA7zc=
105,-6,L6H8jPDNYNvJxhPm6Iei1Oe5NKo=,2zYLb6cOyRuGEJWUwOqrnnxA7zc=
107,-1,L6H8jPDNYNvJxhPm6Iei1Oe5NKo=,2zYLb6cOyRuGEJWUwOqrnnxA7zc=
101,-5,L6H8jPDNYNvJxhPm6Iei1Oe5NKo=,f90TjIWiukLkPvFc6DDYSCGvJ+A=
100,-5,L6H8jPDNYNvJxhPm6Iei1Oe5NKo=,f90TjIWiukLkPvFc6DDYSCGvJ+A=
98,-5,L6H8jPDNYNvJxhPm6Iei1Oe5NKo=,f90TjIWiukLkPvFc6DDYSCGvJ+A=
99,-5,L6H8jPDNYNvJxhPm6Iei1Oe5NKo=,f90TjIWiukLkPvFc6DDYSCGvJ+A=
111,-4,L6H8jPDNYNvJxhPm6Iei1Oe5NKo=,2zYLb6cOyRuGEJWUwOqrnnxA7zc=
97,-1,L6H8jPDNYNvJxhPm6Iei1Oe5NKo=,f90TjIWiukLkPvFc6DDYSCGvJ+A=
97,-5,L6H8jPDNYNvJxhPm6Iei1Oe5NKo=,f90TjIWiukLkPvFc6DDYSCGvJ+A=
102,-6,L6H8jPDNYNvJxhPm6Iei1Oe5NKo=,f90TjIWiukLkPvFc6DDYSCGvJ+A=
107,-9,L6H8jPDNYNvJxhPm6Iei1Oe5NKo=,AcMg7lg5tBBWPIwwGx/yiUCDkPQ=
111,-3,L6H8jPDNYNvJxhPm6Iei1Oe5NKo=,2zYLb6cOyRuGEJWUwOqrnnxA7zc=
98,-1,L6H8jPDNYNvJxhPm6Iei1Oe5NKo=,f90TjIWiukLkPvFc6DDYSCGvJ+A=
111,-9,L6H8jPDNYNvJxhPm6Iei1Oe5NKo=,AcMg7lg5tBBWPIwwGx/yiUCDkPQ=
104,-1,L6H8jPDNYNvJxhPm6Iei1Oe5NKo=,2zYLb6cOyRuGEJWUwOqrnnxA7zc=
111,-5,L6H8jPDNYNvJxhPm6Iei1Oe5NKo=,2zYLb6cOyRuGEJWUwOqrnnxA7zc=
111,-2,L6H8jPDNYNvJxhPm6Iei1Oe5NKo=,2zYLb6cOyRuGEJWUwOqrnnxA7zc=
111,-6,L6H8jPDNYNvJxhPm6Iei1Oe5NKo=,2zYLb6cOyRuGEJWUwOqrnnxA7zc=
111,-7,L6H8jPDNYNvJxhPm6Iei1Oe5NKo=,2zYLb6cOyRuGEJWUwOqrnnxA7zc=
110,-7,L6H8jPDNYNvJxhPm6Iei1Oe5NKo=,2zYLb6cOyRuGEJWUwOqrnnxA7zc=
111,-8,L6H8jPDNYNvJxhPm6Iei1Oe5NKo=,2zYLb6cOyRuGEJWUwOqrnnxA7zc=
107,-11,L6H8jPDNYNvJxhPm6Iei1Oe5NKo=,AcMg7lg5tBBWPIwwGx/yiUCDkPQ=
108,-2,L6H8jPDNYNvJxhPm6Iei1Oe5NKo=,2zYLb6cOyRuGEJWUwOqrnnxA7zc=
109,-7,L6H8jPDNYNvJxhPm6Iei1Oe5NKo=,2zYLb6cOyRuGEJWUwOqrnnxA7zc=
99,-6,L6H8jPDNYNvJxhPm6Iei1Oe5NKo=,f90TjIWiukLkPvFc6DDYSCGvJ+A=
109,-2,L6H8jPDNYNvJxhPm6Iei1Oe5NKo=,2zYLb6cOyRuGEJWUwOqrnnxA7zc=
108,-7,L6H8jPDNYNvJxhPm6Iei1Oe5NKo=,2zYLb6cOyRuGEJWUwOqrnnxA7zc=
100,-6,L6H8jPDNYNvJxhPm6Iei1Oe5NKo=,f90TjIWiukLkPvFc6DDYSCGvJ+A=
101,-6,L6H8jPDNYNvJxhPm6Iei1Oe5NKo=,f90TjIWiukLkPvFc6DDYSCGvJ+A=
110,-2,L6H8jPDNYNvJxhPm6Iei1Oe5NKo=,2zYLb6cOyRuGEJWUwOqrnnxA7zc=
97,-6,L6H8jPDNYNvJxhPm6Iei1Oe5NKo=,f90TjIWiukLkPvFc6DDYSCGvJ+A=
98,-6,L6H8jPDNYNvJxhPm6Iei1Oe5NKo=,f90TjIWiukLkPvFc6DDYSCGvJ+A=
98,-4,L6H8jPDNYNvJxhPm6Iei1Oe5NKo=,f90TjIWiukLkPvFc6DDYSCGvJ+A=
106,-9,L6H8jPDNYNvJxhPm6Iei1Oe5NKo=,AcMg7lg5tBBWPIwwGx/yiUCDkPQ=
110,-1,L6H8jPDNYNvJxhPm6Iei1Oe5NKo=,2zYLb6cOyRuGEJWUwOqrnnxA7zc=
103,-6,L6H8jPDNYNvJxhPm6Iei1Oe5NKo=,f90TjIWiukLkPvFc6DDYSCGvJ+A=
101,-7,L6H8jPDNYNvJxhPm6Iei1Oe5NKo=,f90TjIWiukLkPvFc6DDYSCGvJ+A=
102,-7,L6H8jPDNYNvJxhPm6Iei1Oe5NKo=,f90TjIWiukLkPvFc6DDYSCGvJ+A=
100,-7,L6H8jPDNYNvJxhPm6Iei1Oe5NKo=,f90TjIWiukLkPvFc6DDYSCGvJ+A=
105,-9,L6H8jPDNYNvJxhPm6Iei1Oe5NKo=,AcMg7lg5tBBWPIwwGx/yiUCDkPQ=
99,-7,L6H8jPDNYNvJxhPm6Iei1Oe5NKo=,f90TjIWiukLkPvFc6DDYSCGvJ+A=
103,-5,L6H8jPDNYNvJxhPm6Iei1Oe5NKo=,f90TjIWiukLkPvFc6DDYSCGvJ+A=
98,-7,L6H8jPDNYNvJxhPm6Iei1Oe5NKo=,f90TjIWiukLkPvFc6DDYSCGvJ+A=
106,-7,L6H8jPDNYNvJxhPm6Iei1Oe5NKo=,2zYLb6cOyRuGEJWUwOqrnnxA7zc=
103,-1,L6H8jPDNYNvJxhPm6Iei1Oe5NKo=,f90TjIWiukLkPvFc6DDYSCGvJ+A=
102,-1,L6H8jPDNYNvJxhPm6Iei1Oe5NKo=,f90TjIWiukLkPvFc6DDYSCGvJ+A=
104,-6,L6H8jPDNYNvJxhPm6Iei1Oe5NKo=,2zYLb6cOyRuGEJWUwOqrnnxA7zc=
102,-5,L6H8jPDNYNvJxhPm6Iei1Oe5NKo=,f90TjIWiukLkPvFc6DDYSCGvJ+A=
104,-9,L6H8jPDNYNvJxhPm6Iei1Oe5NKo=,AcMg7lg5tBBWPIwwGx/yiUCDkPQ=
105,-7,L6H8jPDNYNvJxhPm6Iei1Oe5NKo=,2zYLb6cOyRuGEJWUwOqrnnxA7zc=
96,-14,L6H8jPDNYNvJxhPm6Iei1Oe5NKo=,7N38EbI5LYyy2uhLxZu37UlVgLM=
101,-1,L6H8jPDNYNvJxhPm6Iei1Oe5NKo=,f90TjIWiukLkPvFc6DDYSCGvJ+A=
96,-10,L6H8jPDNYNvJxhPm6Iei1Oe5NKo=,7N38EbI5LYyy2uhLxZu37UlVgLM=
110,-8,L6H8jPDNYNvJxhPm6Iei1Oe5NKo=,2zYLb6cOyRuGEJWUwOqrnnxA7zc=
109,-8,L6H8jPDNYNvJxhPm6Iei1Oe5NKo=,2zYLb6cOyRuGEJWUwOqrnnxA7zc=
96,-15,L6H8jPDNYNvJxhPm6Iei1Oe5NKo=,7N38EbI5LYyy2uhLxZu37UlVgLM=
108,-8,L6H8jPDNYNvJxhPm6Iei1Oe5NKo=,2zYLb6cOyRuGEJWUwOqrnnxA7zc=
96,-13,L6H8jPDNYNvJxhPm6Iei1Oe5NKo=,7N38EbI5LYyy2uhLxZu37UlVgLM=
100,-16,L6H8jPDNYNvJxhPm6Iei1Oe5NKo=,7N38EbI5LYyy2uhLxZu37UlVgLM=
107,-8,L6H8jPDNYNvJxhPm6Iei1Oe5NKo=,2zYLb6cOyRuGEJWUwOqrnnxA7zc=
96,-12,L6H8jPDNYNvJxhPm6Iei1Oe5NKo=,7N38EbI5LYyy2uhLxZu37UlVgLM=
96,-11,L6H8jPDNYNvJxhPm6Iei1Oe5NKo=,7N38EbI5LYyy2uhLxZu37UlVgLM=
99,-1,L6H8jPDNYNvJxhPm6Iei1Oe5NKo=,f90TjIWiukLkPvFc6DDYSCGvJ+A=
101,-16,L6H8jPDNYNvJxhPm6Iei1Oe5NKo=,7N38EbI5LYyy2uhLxZu37UlVgLM=
103,-16,L6H8jPDNYNvJxhPm6Iei1Oe5NKo=,7N38EbI5LYyy2uhLxZu37UlVgLM=
110,-16,L6H8jPDNYNvJxhPm6Iei1Oe5NKo=,AcMg7lg5tBBWPIwwGx/yiUCDkPQ=
99,-16,L6H8jPDNYNvJxhPm6Iei1Oe5NKo=,7N38EbI5LYyy2uhLxZu37UlVgLM=
102,-16,L6H8jPDNYNvJxhPm6Iei1Oe5NKo=,7N38EbI5LYyy2uhLxZu37UlVgLM=
104,-16,L6H8jPDNYNvJxhPm6Iei1Oe5NKo=,AcMg7lg5tBBWPIwwGx/yiUCDkPQ=
109,-16,L6H8jPDNYNvJxhPm6Iei1Oe5NKo=,AcMg7lg5tBBWPIwwGx/yiUCDkPQ=
111,-1,L6H8jPDNYNvJxhPm6Iei1Oe5NKo=,2zYLb6cOyRuGEJWUwOqrnnxA7zc=
96,-16,L6H8jPDNYNvJxhPm6Iei1Oe5NKo=,7N38EbI5LYyy2uhLxZu37UlVgLM=
96,-1,L6H8jPDNYNvJxhPm6Iei1Oe5NKo=,f90TjIWiukLkPvFc6DDYSCGvJ+A=
97,-16,L6H8jPDNYNvJxhPm6Iei1Oe5NKo=,7N38EbI5LYyy2uhLxZu37UlVgLM=
108,-16,L6H8jPDNYNvJxhPm6Iei1Oe5NKo=,AcMg7lg5tBBWPIwwGx/yiUCDkPQ=
107,-16,L6H8jPDNYNvJxhPm6Iei1Oe5NKo=,AcMg7lg5tBBWPIwwGx/yiUCDkPQ=
98,-16,L6H8jPDNYNvJxhPm6Iei1Oe5NKo=,7N38EbI5LYyy2uhLxZu37UlVgLM=
96,-8,L6H8jPDNYNvJxhPm6Iei1Oe5NKo=,f90TjIWiukLkPvFc6DDYSCGvJ+A=
107,-7,L6H8jPDNYNvJxhPm6Iei1Oe5NKo=,2zYLb6cOyRuGEJWUwOqrnnxA7zc=
106,-8,L6H8jPDNYNvJxhPm6Iei1Oe5NKo=,2zYLb6cOyRuGEJWUwOqrnnxA7zc=
106,-16,L6H8jPDNYNvJxhPm6Iei1Oe5NKo=,AcMg7lg5tBBWPIwwGx/yiUCDkPQ=
96,-3,L6H8jPDNYNvJxhPm6Iei1Oe5NKo=,f90TjIWiukLkPvFc6DDYSCGvJ+A=
96,-2,L6H8jPDNYNvJxhPm6Iei1Oe5NKo=,f90TjIWiukLkPvFc6DDYSCGvJ+A=
96,-7,L6H8jPDNYNvJxhPm6Iei1Oe5NKo=,f90TjIWiukLkPvFc6DDYSCGvJ+A=
104,-7,L6H8jPDNYNvJxhPm6Iei1Oe5NKo=,2zYLb6cOyRuGEJWUwOqrnnxA7zc=
96,-6,L6H8jPDNYNvJxhPm6Iei1Oe5NKo=,f90TjIWiukLkPvFc6DDYSCGvJ+A=
96,-4,L6H8jPDNYNvJxhPm6Iei1Oe5NKo=,f90TjIWiukLkPvFc6DDYSCGvJ+A=
105,-16,L6H8jPDNYNvJxhPm6Iei1Oe5NKo=,AcMg7lg5tBBWPIwwGx/yiUCDkPQ=
96,-5,L6H8jPDNYNvJxhPm6Iei1Oe5NKo=,f90TjIWiukLkPvFc6DDYSCGvJ+A=
111,-16,L6H8jPDNYNvJxhPm6Iei1Oe5NKo=,AcMg7lg5tBBWPIwwGx/yiUCDkPQ=
100,-1,L6H8jPDNYNvJxhPm6Iei1Oe5NKo=,f90TjIWiukLkPvFc6DDYSCGvJ+A=
96,-9,L6H8jPDNYNvJxhPm6Iei1Oe5NKo=,7N38EbI5LYyy2uhLxZu37UlVgLM=
116,-11,l0/9ywY40UVU4UHinvDStorJ5aQ=,f03m3MyEW5R8Z5Y6fgBbiasfzxw=
117,-11,l0/9ywY40UVU4UHinvDStorJ5aQ=,f03m3MyEW5R8Z5Y6fgBbiasfzxw=
126,-4,l0/9ywY40UVU4UHinvDStorJ5aQ=,c/VcMciEw/QRJWmVnMIIH23z2E8=
118,-11,l0/9ywY40UVU4UHinvDStorJ5aQ=,f03m3MyEW5R8Z5Y6fgBbiasfzxw=
123,-3,l0/9ywY40UVU4UHinvDStorJ5aQ=,c/VcMciEw/QRJWmVnMIIH23z2E8=
125,-4,l0/9ywY40UVU4UHinvDStorJ5aQ=,c/VcMciEw/QRJWmVnMIIH23z2E8=
120,-3,l0/9ywY40UVU4UHinvDStorJ5aQ=,c/VcMciEw/QRJWmVnMIIH23z2E8=
124,-4,l0/9ywY40UVU4UHinvDStorJ5aQ=,c/VcMciEw/QRJWmVnMIIH23z2E8=
123,-4,l0/9ywY40UVU4UHinvDStorJ5aQ=,c/VcMciEw/QRJWmVnMIIH23z2E8=
124,-13,l0/9ywY40UVU4UHinvDStorJ5aQ=,cXNoVhBgzj4SP+TW9wjIBQbQQa0=
113,-10,l0/9ywY40UVU4UHinvDStorJ5aQ=,f03m3MyEW5R8Z5Y6fgBbiasfzxw=
122,-4,l0/9ywY40UVU4UHinvDStorJ5aQ=,c/VcMciEw/QRJWmVnMIIH23z2E8=
126,-9,l0/9ywY40UVU4UHinvDStorJ5aQ=,cXNoVhBgzj4SP+TW9wjIBQbQQa0=
126,-7,l0/9ywY40UVU4UHinvDStorJ5aQ=,c/VcMciEw/QRJWmVnMIIH23z2E8=
116,-5,l0/9ywY40UVU4UHinvDStorJ5aQ=,MzTD0ajrrfIeIjQNzXnVwzr3l1o=
125,-13,l0/9ywY40UVU4UHinvDStorJ5aQ=,cXNoVhBgzj4SP+TW9wjIBQbQQa0=
125,-5,l0/9ywY40UVU4UHinvDStorJ5aQ=,c/VcMciEw/QRJWmVnMIIH23z2E8=
114,-10,l0/9ywY40UVU4UHinvDStorJ5aQ=,f03m3MyEW5R8Z5Y6fgBbiasfzxw=
115,-5,l0/9ywY40UVU4UHinvDStorJ5aQ=,MzTD0ajrrfIeIjQNzXnVwzr3l1o=
122,-3,l0/9ywY40UVU4UHinvDStorJ5aQ=,c/VcMciEw/QRJWmVnMIIH23z2E8=
119,-12,l0/9ywY40UVU4UHinvDStorJ5aQ=,f03m3MyEW5R8Z5Y6fgBbiasfzxw=
120,-4,l0/9ywY40UVU4UHinvDStorJ5aQ=,c/VcMciEw/QRJWmVnMIIH23z2E8=
126,-13,l0/9ywY40UVU4UHinvDStorJ5aQ=,cXNoVhBgzj4SP+TW9wjIBQbQQa0=
125,-9,l0/9ywY40UVU4UHinvDStorJ5aQ=,cXNoVhBgzj4SP+TW9wjIBQbQQa0=
115,-10,l0/9ywY40UVU4UHinvDStorJ5aQ=,f03m3MyEW5R8Z5Y6fgBbiasfzxw=
114,-5,l0/9ywY40UVU4UHinvDStorJ5aQ=,MzTD0ajrrfIeIjQNzXnVwzr3l1o=
121,-3,l0/9ywY40UVU4UHinvDStorJ5aQ=,c/VcMciEw/QRJWmVnMIIH23z2E8=
125,-7,l0/9ywY40UVU4UHinvDStorJ5aQ=,c/VcMciEw/QRJWmVnMIIH23z2E8=
120,-6,l0/9ywY40UVU4UHinvDStorJ5aQ=,c/VcMciEw/QRJWmVnMIIH23z2E8=
119,-11,l0/9ywY40UVU4UHinvDStorJ5aQ=,f03m3MyEW5R8Z5Y6fgBbiasfzxw=
124,-5,l0/9ywY40UVU4UHinvDStorJ5aQ=,c/VcMciEw/QRJWmVnMIIH23z2E8=
116,-10,l0/9ywY40UVU4UHinvDStorJ5aQ=,f03m3MyEW5R8Z5Y6fgBbiasfzxw=
124,-9,l0/9ywY40UVU4UHinvDStorJ5aQ=,cXNoVhBgzj4SP+TW9wjIBQbQQa0=
113,-5,l0/9ywY40UVU4UHinvDStorJ5aQ=,MzTD0ajrrfIeIjQNzXnVwzr3l1o=
124,-7,l0/9ywY40UVU4UHinvDStorJ5aQ=,c/VcMciEw/QRJWmVnMIIH23z2E8=
117,-5,l0/9ywY40UVU4UHinvDStorJ5aQ=,MzTD0ajrrfIeIjQNzXnVwzr3l1o=
120,-8,l0/9ywY40UVU4UHinvDStorJ5aQ=,c/VcMciEw/QRJWmVnMIIH23z2E8=
119,-6,l0/9ywY40UVU4UHinvDStorJ5aQ=,MzTD0ajrrfIeIjQNzXnVwzr3l1o=
117,-10,l0/9ywY40UVU4UHinvDStorJ5aQ=,f03m3MyEW5R8Z5Y6fgBbiasfzxw=
120,-5,l0/9ywY40UVU4UHinvDStorJ5aQ=,c/VcMciEw/QRJWmVnMIIH23z2E8=
123,-5,l0/9ywY40UVU4UHinvDStorJ5aQ=,c/VcMciEw/QRJWmVnMIIH23z2E8=
121,-7,l0/9ywY40UVU4UHinvDStorJ5aQ=,c/VcMciEw/QRJWmVnMIIH23z2E8=
123,-7,l0/9ywY40UVU4UHinvDStorJ5aQ=,c/VcMciEw/QRJWmVnMIIH23z2E8=
121,-8,l0/9ywY40UVU4UHinvDStorJ5aQ=,c/VcMciEw/QRJWmVnMIIH23z2E8=
123,-9,l0/9ywY40UVU4UHinvDStorJ5aQ=,cXNoVhBgzj4SP+TW9wjIBQbQQa0=
118,-10,l0/9ywY40UVU4UHinvDStorJ5aQ=,f03m3MyEW5R8Z5Y6fgBbiasfzxw=
118,-5,l0/9ywY40UVU4UHinvDStorJ5aQ=,MzTD0ajrrfIeIjQNzXnVwzr3l1o=
126,-2,l0/9ywY40UVU4UHinvDStorJ5aQ=,c/VcMciEw/QRJWmVnMIIH23z2E8=
122,-5,l0/9ywY40UVU4UHinvDStorJ5aQ=,c/VcMciEw/QRJWmVnMIIH23z2E8=
120,-12,l0/9ywY40UVU4UHinvDStorJ5aQ=,cXNoVhBgzj4SP+TW9wjIBQbQQa0=
122,-7,l0/9ywY40UVU4UHinvDStorJ5aQ=,c/VcMciEw/QRJWmVnMIIH23z2E8=
113,-15,l0/9ywY40UVU4UHinvDStorJ5aQ=,f03m3MyEW5R8Z5Y6fgBbiasfzxw=
118,-6,l0/9ywY40UVU4UHinvDStorJ5aQ=,MzTD0ajrrfIeIjQNzXnVwzr3l1o=
119,-5,l0/9ywY40UVU4UHinvDStorJ5aQ=,MzTD0ajrrfIeIjQNzXnVwzr3l1o=
122,-9,l0/9ywY40UVU4UHinvDStorJ5aQ=,cXNoVhBgzj4SP+TW9wjIBQbQQa0=
115,-11,l0/9ywY40UVU4UHinvDStorJ5aQ=,f03m3MyEW5R8Z5Y6fgBbiasfzxw=
121,-12,l0/9ywY40UVU4UHinvDStorJ5aQ=,cXNoVhBgzj4SP+TW9wjIBQbQQa0=
125,-2,l0/9ywY40UVU4UHinvDStorJ5aQ=,c/VcMciEw/QRJWmVnMIIH23z2E8=
124,-2,l0/9ywY40UVU4UHinvDStorJ5aQ=,c/VcMciEw/QRJWmVnMIIH23z2E8=
114,-15,l0/9ywY40UVU4UHinvDStorJ5aQ=,f03m3MyEW5R8Z5Y6fgBbiasfzxw=
113,-9,l0/9ywY40UVU4UHinvDStorJ5aQ=,f03m3MyEW5R8Z5Y6fgBbiasfzxw=
123,-2,l0/9ywY40UVU4UHinvDStorJ5aQ=,c/VcMciEw/QRJWmVnMIIH23z2E8=
117,-6,l0/9ywY40UVU4UHinvDStorJ5aQ=,MzTD0ajrrfIeIjQNzXnVwzr3l1o=
122,-2,l0/9ywY40UVU4UHinvDStorJ5aQ=,c/VcMciEw/QRJWmVnMIIH23z2E8=
114,-9,l0/9ywY40UVU4UHinvDStorJ5aQ=,f03m3MyEW5R8Z5Y6fgBbiasfzxw=
119,-10,l0/9ywY40UVU4UHinvDStorJ5aQ=,f03m3MyEW5R8Z5Y6fgBbiasfzxw=
121,-2,l0/9ywY40UVU4UHinvDStorJ5aQ=,c/VcMciEw/QRJWmVnMIIH23z2E8=
115,-15,l0/9ywY40UVU4UHinvDStorJ5aQ=,f03m3MyEW5R8Z5Y6fgBbiasfzxw=
121,-9,l0/9ywY40UVU4UHinvDStorJ5aQ=,cXNoVhBgzj4SP+TW9wjIBQbQQa0=
121,-5,l0/9ywY40UVU4UHinvDStorJ5aQ=,c/VcMciEw/QRJWmVnMIIH23z2E8=
122,-12,l0/9ywY40UVU4UHinvDStorJ5aQ=,cXNoVhBgzj4SP+TW9wjIBQbQQa0=
113,-4,l0/9ywY40UVU4UHinvDStorJ5aQ=,MzTD0ajrrfIeIjQNzXnVwzr3l1o=
114,-11,l0/9ywY40UVU4UHinvDStorJ5aQ=,f03m3MyEW5R8Z5Y6fgBbiasfzxw=
116,-6,l0/9ywY40UVU4UHinvDStorJ5aQ=,MzTD0ajrrfIeIjQNzXnVwzr3l1o=
126,-3,l0/9ywY40UVU4UHinvDStorJ5aQ=,c/VcMciEw/QRJWmVnMIIH23z2E8=
116,-15,l0/9ywY40UVU4UHinvDStorJ5aQ=,f03m3MyEW5R8Z5Y6fgBbiasfzxw=
115,-6,l0/9ywY40UVU4UHinvDStorJ5aQ=,MzTD0ajrrfIeIjQNzXnVwzr3l1o=
122,-8,l0/9ywY40UVU4UHinvDStorJ5aQ=,c/VcMciEw/QRJWmVnMIIH23z2E8=
123,-13,l0/9ywY40UVU4UHinvDStorJ5aQ=,cXNoVhBgzj4SP+TW9wjIBQbQQa0=
117,-15,l0/9ywY40UVU4UHinvDStorJ5aQ=,f03m3MyEW5R8Z5Y6fgBbiasfzxw=
122,-13,l0/9ywY40UVU4UHinvDStorJ5aQ=,cXNoVhBgzj4SP+TW9wjIBQbQQa0=
114,-4,l0/9ywY40UVU4UHinvDStorJ5aQ=,MzTD0ajrrfIeIjQNzXnVwzr3l1o=
114,-6,l0/9ywY40UVU4UHinvDStorJ5aQ=,MzTD0ajrrfIeIjQNzXnVwzr3l1o=
126,-6,l0/9ywY40UVU4UHinvDStorJ5aQ=,c/VcMciEw/QRJWmVnMIIH23z2E8=
121,-13,l0/9ywY40UVU4UHinvDStorJ5aQ=,cXNoVhBgzj4SP+TW9wjIBQbQQa0=
123,-12,l0/9ywY40UVU4UHinvDStorJ5aQ=,cXNoVhBgzj4SP+TW9wjIBQbQQa0=
115,-9,l0/9ywY40UVU4UHinvDStorJ5aQ=,f03m3MyEW5R8Z5Y6fgBbiasfzxw=
120,-13,l0/9ywY40UVU4UHinvDStorJ5aQ=,cXNoVhBgzj4SP+TW9wjIBQbQQa0=
118,-15,l0/9ywY40UVU4UHinvDStorJ5aQ=,f03m3MyEW5R8Z5Y6fgBbiasfzxw=
113,-6,l0/9ywY40UVU4UHinvDStorJ5aQ=,MzTD0ajrrfIeIjQNzXnVwzr3l1o=
120,-9,l0/9ywY40UVU4UHinvDStorJ5aQ=,cXNoVhBgzj4SP+TW9wjIBQbQQa0=
124,-8,l0/9ywY40UVU4UHinvDStorJ5aQ=,c/VcMciEw/QRJWmVnMIIH23z2E8=
126,-14,l0/9ywY40UVU4UHinvDStorJ5aQ=,cXNoVhBgzj4SP+TW9wjIBQbQQa0=
116,-9,l0/9ywY40UVU4UHinvDStorJ5aQ=,f03m3MyEW5R8Z5Y6fgBbiasfzxw=
119,-7,l0/9ywY40UVU4UHinvDStorJ5aQ=,MzTD0ajrrfIeIjQNzXnVwzr3l1o=
125,-14,l0/9ywY40UVU4UHinvDStorJ5aQ=,cXNoVhBgzj4SP+TW9wjIBQbQQa0=
118,-7,l0/9ywY40UVU4UHinvDStorJ5aQ=,MzTD0ajrrfIeIjQNzXnVwzr3l1o=
113,-14,l0/9ywY40UVU4UHinvDStorJ5aQ=,f03m3MyEW5R8Z5Y6fgBbiasfzxw=
124,-12,l0/9ywY40UVU4UHinvDStorJ5aQ=,cXNoVhBgzj4SP+TW9wjIBQbQQa0=
125,-6,l0/9ywY40UVU4UHinvDStorJ5aQ=,c/VcMciEw/QRJWmVnMIIH23z2E8=
117,-9,l0/9ywY40UVU4UHinvDStorJ5aQ=,f03m3MyEW5R8Z5Y6fgBbiasfzxw=
124,-6,l0/9ywY40UVU4UHinvDStorJ5aQ=,c/VcMciEw/QRJWmVnMIIH23z2E8=
114,-14,l0/9ywY40UVU4UHinvDStorJ5aQ=,f03m3MyEW5R8Z5Y6fgBbiasfzxw=
125,-3,l0/9ywY40UVU4UHinvDStorJ5aQ=,c/VcMciEw/QRJWmVnMIIH23z2E8=
125,-12,l0/9ywY40UVU4UHinvDStorJ5aQ=,cXNoVhBgzj4SP+TW9wjIBQbQQa0=
123,-6,l0/9ywY40UVU4UHinvDStorJ5aQ=,c/VcMciEw/QRJWmVnMIIH23z2E8=
117,-7,l0/9ywY40UVU4UHinvDStorJ5aQ=,MzTD0ajrrfIeIjQNzXnVwzr3l1o=
120,-2,l0/9ywY40UVU4UHinvDStorJ5aQ=,c/VcMciEw/QRJWmVnMIIH23z2E8=
116,-7,l0/9ywY40UVU4UHinvDStorJ5aQ=,MzTD0ajrrfIeIjQNzXnVwzr3l1o=
115,-14,l0/9ywY40UVU4UHinvDStorJ5aQ=,f03m3MyEW5R8Z5Y6fgBbiasfzxw=
124,-14,l0/9ywY40UVU4UHinvDStorJ5aQ=,cXNoVhBgzj4SP+TW9wjIBQbQQa0=
122,-6,l0/9ywY40UVU4UHinvDStorJ5aQ=,c/VcMciEw/QRJWmVnMIIH23z2E8=
119,-9,l0/9ywY40UVU4UHinvDStorJ5aQ=,f03m3MyEW5R8Z5Y6fgBbiasfzxw=
121,-6,l0/9ywY40UVU4UHinvDStorJ5aQ=,c/VcMciEw/QRJWmVnMIIH23z2E8=
115,-4,l0/9ywY40UVU4UHinvDStorJ5aQ=,MzTD0ajrrfIeIjQNzXnVwzr3l1o=
121,-4,l0/9ywY40UVU4UHinvDStorJ5aQ=,c/VcMciEw/QRJWmVnMIIH23z2E8=
116,-14,l0/9ywY40UVU4UHinvDStorJ5aQ=,f03m3MyEW5R8Z5Y6fgBbiasfzxw=
123,-14,l0/9ywY40UVU4UHinvDStorJ5aQ=,cXNoVhBgzj4SP+TW9wjIBQbQQa0=
124,-3,l0/9ywY40UVU4UHinvDStorJ5aQ=,c/VcMciEw/QRJWmVnMIIH23z2E8=
119,-15,l0/9ywY40UVU4UHinvDStorJ5aQ=,f03m3MyEW5R8Z5Y6fgBbiasfzxw=
126,-5,l0/9ywY40UVU4UHinvDStorJ5aQ=,c/VcMciEw/QRJWmVnMIIH23z2E8=
118,-9,l0/9ywY40UVU4UHinvDStorJ5aQ=,f03m3MyEW5R8Z5Y6fgBbiasfzxw=
117,-14,l0/9ywY40UVU4UHinvDStorJ5aQ=,f03m3MyEW5R8Z5Y6fgBbiasfzxw=
122,-14,l0/9ywY40UVU4UHinvDStorJ5aQ=,cXNoVhBgzj4SP+TW9wjIBQbQQa0=
125,-8,l0/9ywY40UVU4UHinvDStorJ5aQ=,c/VcMciEw/QRJWmVnMIIH23z2E8=
116,-4,l0/9ywY40UVU4UHinvDStorJ5aQ=,MzTD0ajrrfIeIjQNzXnVwzr3l1o=
121,-14,l0/9ywY40UVU4UHinvDStorJ5aQ=,cXNoVhBgzj4SP+TW9wjIBQbQQa0=
115,-7,l0/9ywY40UVU4UHinvDStorJ5aQ=,MzTD0ajrrfIeIjQNzXnVwzr3l1o=
127,-13,l0/9ywY40UVU4UHinvDStorJ5aQ=,cXNoVhBgzj4SP+TW9wjIBQbQQa0=
127,-14,l0/9ywY40UVU4UHinvDStorJ5aQ=,cXNoVhBgzj4SP+TW9wjIBQbQQa0=
118,-14,l0/9ywY40UVU4UHinvDStorJ5aQ=,f03m3MyEW5R8Z5Y6fgBbiasfzxw=
126,-12,l0/9ywY40UVU4UHinvDStorJ5aQ=,cXNoVhBgzj4SP+TW9wjIBQbQQa0=
117,-4,l0/9ywY40UVU4UHinvDStorJ5aQ=,MzTD0ajrrfIeIjQNzXnVwzr3l1o=
114,-7,l0/9ywY40UVU4UHinvDStorJ5aQ=,MzTD0ajrrfIeIjQNzXnVwzr3l1o=
119,-2,l0/9ywY40UVU4UHinvDStorJ5aQ=,MzTD0ajrrfIeIjQNzXnVwzr3l1o=
113,-13,l0/9ywY40UVU4UHinvDStorJ5aQ=,f03m3MyEW5R8Z5Y6fgBbiasfzxw=
127,-12,l0/9ywY40UVU4UHinvDStorJ5aQ=,cXNoVhBgzj4SP+TW9wjIBQbQQa0=
120,-14,l0/9ywY40UVU4UHinvDStorJ5aQ=,cXNoVhBgzj4SP+TW9wjIBQbQQa0=
126,-8,l0/9ywY40UVU4UHinvDStorJ5aQ=,c/VcMciEw/QRJWmVnMIIH23z2E8=
118,-4,l0/9ywY40UVU4UHinvDStorJ5aQ=,MzTD0ajrrfIeIjQNzXnVwzr3l1o=
114,-13,l0/9ywY40UVU4UHinvDStorJ5aQ=,f03m3MyEW5R8Z5Y6fgBbiasfzxw=
113,-11,l0/9ywY40UVU4UHinvDStorJ5aQ=,f03m3MyEW5R8Z5Y6fgBbiasfzxw=
127,-11,l0/9ywY40UVU4UHinvDStorJ5aQ=,cXNoVhBgzj4SP+TW9wjIBQbQQa0=
127,-15,l0/9ywY40UVU4UHinvDStorJ5aQ=,cXNoVhBgzj4SP+TW9wjIBQbQQa0=
118,-2,l0/9ywY40UVU4UHinvDStorJ5aQ=,MzTD0ajrrfIeIjQNzXnVwzr3l1o=
120,-11,l0/9ywY40UVU4UHinvDStorJ5aQ=,cXNoVhBgzj4SP+TW9wjIBQbQQa0=
119,-4,l0/9ywY40UVU4UHinvDStorJ5aQ=,MzTD0ajrrfIeIjQNzXnVwzr3l1o=
115,-13,l0/9ywY40UVU4UHinvDStorJ5aQ=,f03m3MyEW5R8Z5Y6fgBbiasfzxw=
127,-10,l0/9ywY40UVU4UHinvDStorJ5aQ=,cXNoVhBgzj4SP+TW9wjIBQbQQa0=
119,-8,l0/9ywY40UVU4UHinvDStorJ5aQ=,MzTD0ajrrfIeIjQNzXnVwzr3l1o=
119,-14,l0/9ywY40UVU4UHinvDStorJ5aQ=,f03m3MyEW5R8Z5Y6fgBbiasfzxw=
117,-2,l0/9ywY40UVU4UHinvDStorJ5aQ=,MzTD0ajrrfIeIjQNzXnVwzr3l1o=
113,-8,l0/9ywY40UVU4UHinvDStorJ5aQ=,MzTD0ajrrfIeIjQNzXnVwzr3l1o=
116,-13,l0/9ywY40UVU4UHinvDStorJ5aQ=,f03m3MyEW5R8Z5Y6fgBbiasfzxw=
118,-12,l0/9ywY40UVU4UHinvDStorJ5aQ=,f03m3MyEW5R8Z5Y6fgBbiasfzxw=
126,-15,l0/9ywY40UVU4UHinvDStorJ5aQ=,cXNoVhBgzj4SP+TW9wjIBQbQQa0=
121,-11,l0/9ywY40UVU4UHinvDStorJ5aQ=,cXNoVhBgzj4SP+TW9wjIBQbQQa0=
117,-13,l0/9ywY40UVU4UHinvDStorJ5aQ=,f03m3MyEW5R8Z5Y6fgBbiasfzxw=
127,-4,l0/9ywY40UVU4UHinvDStorJ5aQ=,c/VcMciEw/QRJWmVnMIIH23z2E8=
114,-8,l0/9ywY40UVU4UHinvDStorJ5aQ=,MzTD0ajrrfIeIjQNzXnVwzr3l1o=
117,-12,l0/9ywY40UVU4UHinvDStorJ5aQ=,f03m3MyEW5R8Z5Y6fgBbiasfzxw=
116,-2,l0/9ywY40UVU4UHinvDStorJ5aQ=,MzTD0ajrrfIeIjQNzXnVwzr3l1o=
116,-12,l0/9ywY40UVU4UHinvDStorJ5aQ=,f03m3MyEW5R8Z5Y6fgBbiasfzxw=
122,-11,l0/9ywY40UVU4UHinvDStorJ5aQ=,cXNoVhBgzj4SP+TW9wjIBQbQQa0=
118,-13,l0/9ywY40UVU4UHinvDStorJ5aQ=,f03m3MyEW5R8Z5Y6fgBbiasfzxw=
127,-5,l0/9ywY40UVU4UHinvDStorJ5aQ=,c/VcMciEw/QRJWmVnMIIH23z2E8=
113,-3,l0/9ywY40UVU4UHinvDStorJ5aQ=,MzTD0ajrrfIeIjQNzXnVwzr3l1o=
115,-12,l0/9ywY40UVU4UHinvDStorJ5aQ=,f03m3MyEW5R8Z5Y6fgBbiasfzxw=
126,-10,l0/9ywY40UVU4UHinvDStorJ5aQ=,cXNoVhBgzj4SP+TW9wjIBQbQQa0=
125,-15,l0/9ywY40UVU4UHinvDStorJ5aQ=,cXNoVhBgzj4SP+TW9wjIBQbQQa0=
123,-11,l0/9ywY40UVU4UHinvDStorJ5aQ=,cXNoVhBgzj4SP+TW9wjIBQbQQa0=
114,-3,l0/9ywY40UVU4UHinvDStorJ5aQ=,MzTD0ajrrfIeIjQNzXnVwzr3l1o=
127,-3,l0/9ywY40UVU4UHinvDStorJ5aQ=,c/VcMciEw/QRJWmVnMIIH23z2E8=
113,-12,l0/9ywY40UVU4UHinvDStorJ5aQ=,f03m3MyEW5R8Z5Y6fgBbiasfzxw=
114,-12,l0/9ywY40UVU4UHinvDStorJ5aQ=,f03m3MyEW5R8Z5Y6fgBbiasfzxw=
113,-7,l0/9ywY40UVU4UHinvDStorJ5aQ=,MzTD0ajrrfIeIjQNzXnVwzr3l1o=
124,-11,l0/9ywY40UVU4UHinvDStorJ5aQ=,cXNoVhBgzj4SP+TW9wjIBQbQQa0=
115,-8,l0/9ywY40UVU4UHinvDStorJ5aQ=,MzTD0ajrrfIeIjQNzXnVwzr3l1o=
127,-8,l0/9ywY40UVU4UHinvDStorJ5aQ=,c/VcMciEw/QRJWmVnMIIH23z2E8=
115,-2,l0/9ywY40UVU4UHinvDStorJ5aQ=,MzTD0ajrrfIeIjQNzXnVwzr3l1o=
114,-2,l0/9ywY40UVU4UHinvDStorJ5aQ=,MzTD0ajrrfIeIjQNzXnVwzr3l1o=
124,-15,l0/9ywY40UVU4UHinvDStorJ5aQ=,cXNoVhBgzj4SP+TW9wjIBQbQQa0=
121,-1,l0/9ywY40UVU4UHinvDStorJ5aQ=,c/VcMciEw/QRJWmVnMIIH23z2E8=
125,-11,l0/9ywY40UVU4UHinvDStorJ5aQ=,cXNoVhBgzj4SP+TW9wjIBQbQQa0=
120,-7,l0/9ywY40UVU4UHinvDStorJ5aQ=,c/VcMciEw/QRJWmVnMIIH23z2E8=
127,-2,l0/9ywY40UVU4UHinvDStorJ5aQ=,c/VcMciEw/QRJWmVnMIIH23z2E8=
127,-9,l0/9ywY40UVU4UHinvDStorJ5aQ=,cXNoVhBgzj4SP+TW9wjIBQbQQa0=
123,-15,l0/9ywY40UVU4UHinvDStorJ5aQ=,cXNoVhBgzj4SP+TW9wjIBQbQQa0=
126,-1,l0/9ywY40UVU4UHinvDStorJ5aQ=,c/VcMciEw/QRJWmVnMIIH23z2E8=
122,-1,l0/9ywY40UVU4UHinvDStorJ5aQ=,c/VcMciEw/QRJWmVnMIIH23z2E8=
116,-8,l0/9ywY40UVU4UHinvDStorJ5aQ=,MzTD0ajrrfIeIjQNzXnVwzr3l1o=
126,-11,l0/9ywY40UVU4UHinvDStorJ5aQ=,cXNoVhBgzj4SP+TW9wjIBQbQQa0=
127,-6,l0/9ywY40UVU4UHinvDStorJ5aQ=,c/VcMciEw/QRJWmVnMIIH23z2E8=
122,-15,l0/9ywY40UVU4UHinvDStorJ5aQ=,cXNoVhBgzj4SP+TW9wjIBQbQQa0=
113,-2,l0/9ywY40UVU4UHinvDStorJ5aQ=,MzTD0ajrrfIeIjQNzXnVwzr3l1o=
123,-1,l0/9ywY40UVU4UHinvDStorJ5aQ=,c/VcMciEw/QRJWmVnMIIH23z2E8=
117,-8,l0/9ywY40UVU4UHinvDStorJ5aQ=,MzTD0ajrrfIeIjQNzXnVwzr3l1o=
119,-3,l0/9ywY40UVU4UHinvDStorJ5aQ=,MzTD0ajrrfIeIjQNzXnVwzr3l1o=
120,-10,l0/9ywY40UVU4UHinvDStorJ5aQ=,cXNoVhBgzj4SP+TW9wjIBQbQQa0=
127,-7,l0/9ywY40UVU4UHinvDStorJ5aQ=,c/VcMciEw/QRJWmVnMIIH23z2E8=
124,-1,l0/9ywY40UVU4UHinvDStorJ5aQ=,c/VcMciEw/QRJWmVnMIIH23z2E8=
121,-10,l0/9ywY40UVU4UHinvDStorJ5aQ=,cXNoVhBgzj4SP+TW9wjIBQbQQa0=
118,-8,l0/9ywY40UVU4UHinvDStorJ5aQ=,MzTD0ajrrfIeIjQNzXnVwzr3l1o=
121,-15,l0/9ywY40UVU4UHinvDStorJ5aQ=,cXNoVhBgzj4SP+TW9wjIBQbQQa0=
119,-13,l0/9ywY40UVU4UHinvDStorJ5aQ=,f03m3MyEW5R8Z5Y6fgBbiasfzxw=
120,-15,l0/9ywY40UVU4UHinvDStorJ5aQ=,cXNoVhBgzj4SP+TW9wjIBQbQQa0=
120,-1,l0/9ywY40UVU4UHinvDStorJ5aQ=,c/VcMciEw/QRJWmVnMIIH23z2E8=
125,-1,l0/9ywY40UVU4UHinvDStorJ5aQ=,c/VcMciEw/QRJWmVnMIIH23z2E8=
115,-3,l0/9ywY40UVU4UHinvDStorJ5aQ=,MzTD0ajrrfIeIjQNzXnVwzr3l1o=
123,-8,l0/9ywY40UVU4UHinvDStorJ5aQ=,c/VcMciEw/QRJWmVnMIIH23z2E8=
125,-10,l0/9ywY40UVU4UHinvDStorJ5aQ=,cXNoVhBgzj4SP+TW9wjIBQbQQa0=
118,-3,l0/9ywY40UVU4UHinvDStorJ5aQ=,MzTD0ajrrfIeIjQNzXnVwzr3l1o=
113,-1,l0/9ywY40UVU4UHinvDStorJ5aQ=,MzTD0ajrrfIeIjQNzXnVwzr3l1o=
116,-3,l0/9ywY40UVU4UHinvDStorJ5aQ=,MzTD0ajrrfIeIjQNzXnVwzr3l1o=
122,-10,l0/9ywY40UVU4UHinvDStorJ5aQ=,cXNoVhBgzj4SP+TW9wjIBQbQQa0=
124,-10,l0/9ywY40UVU4UHinvDStorJ5aQ=,cXNoVhBgzj4SP+TW9wjIBQbQQa0=
112,-4,l0/9ywY40UVU4UHinvDStorJ5aQ=,MzTD0ajrrfIeIjQNzXnVwzr3l1o=
117,-3,l0/9ywY40UVU4UHinvDStorJ5aQ=,MzTD0ajrrfIeIjQNzXnVwzr3l1o=
114,-1,l0/9ywY40UVU4UHinvDStorJ5aQ=,MzTD0ajrrfIeIjQNzXnVwzr3l1o=
119,-1,l0/9ywY40UVU4UHinvDStorJ5aQ=,MzTD0ajrrfIeIjQNzXnVwzr3l1o=
123,-10,l0/9ywY40UVU4UHinvDStorJ5aQ=,cXNoVhBgzj4SP+TW9wjIBQbQQa0=
112,-3,l0/9ywY40UVU4UHinvDStorJ5aQ=,MzTD0ajrrfIeIjQNzXnVwzr3l1o=
113,-16,l0/9ywY40UVU4UHinvDStorJ5aQ=,f03m3MyEW5R8Z5Y6fgBbiasfzxw=
115,-1,l0/9ywY40UVU4UHinvDStorJ5aQ=,MzTD0ajrrfIeIjQNzXnVwzr3l1o=
112,-6,l0/9ywY40UVU4UHinvDStorJ5aQ=,MzTD0ajrrfIeIjQNzXnVwzr3l1o=
112,-5,l0/9ywY40UVU4UHinvDStorJ5aQ=,MzTD0ajrrfIeIjQNzXnVwzr3l1o=
112,-10,l0/9ywY40UVU4UHinvDStorJ5aQ=,f03m3MyEW5R8Z5Y6fgBbiasfzxw=
112,-7,l0/9ywY40UVU4UHinvDStorJ5aQ=,MzTD0ajrrfIeIjQNzXnVwzr3l1o=
114,-16,l0/9ywY40UVU4UHinvDStorJ5aQ=,f03m3MyEW5R8Z5Y6fgBbiasfzxw=
112,-2,l0/9ywY40UVU4UHinvDStorJ5aQ=,MzTD0ajrrfIeIjQNzXnVwzr3l1o=
116,-1,l0/9ywY40UVU4UHinvDStorJ5aQ=,MzTD0ajrrfIeIjQNzXnVwzr3l1o=
112,-16,l0/9ywY40UVU4UHinvDStorJ5aQ=,f03m3MyEW5R8Z5Y6fgBbiasfzxw=
112,-11,l0/9ywY40UVU4UHinvDStorJ5aQ=,f03m3MyEW5R8Z5Y6fgBbiasfzxw=
112,-9,l0/9ywY40UVU4UHinvDStorJ5aQ=,f03m3MyEW5R8Z5Y6fgBbiasfzxw=
112,-12,l0/9ywY40UVU4UHinvDStorJ5aQ=,f03m3MyEW5R8Z5Y6fgBbiasfzxw=
112,-13,l0/9ywY40UVU4UHinvDStorJ5aQ=,f03m3MyEW5R8Z5Y6fgBbiasfzxw=
115,-16,l0/9ywY40UVU4UHinvDStorJ5aQ=,f03m3MyEW5R8Z5Y6fgBbiasfzxw=
117,-1,l0/9ywY40UVU4UHinvDStorJ5aQ=,MzTD0ajrrfIeIjQNzXnVwzr3l1o=
112,-14,l0/9ywY40UVU4UHinvDStorJ5aQ=,f03m3MyEW5R8Z5Y6fgBbiasfzxw=
112,-15,l0/9ywY40UVU4UHinvDStorJ5aQ=,f03m3MyEW5R8Z5Y6fgBbiasfzxw=
119,-16,l0/9ywY40UVU4UHinvDStorJ5aQ=,f03m3MyEW5R8Z5Y6fgBbiasfzxw=
112,-1,l0/9ywY40UVU4UHinvDStorJ5aQ=,MzTD0ajrrfIeIjQNzXnVwzr3l1o=
112,-8,l0/9ywY40UVU4UHinvDStorJ5aQ=,MzTD0ajrrfIeIjQNzXnVwzr3l1o=
118,-1,l0/9ywY40UVU4UHinvDStorJ5aQ=,MzTD0ajrrfIeIjQNzXnVwzr3l1o=
116,-16,l0/9ywY40UVU4UHinvDStorJ5aQ=,f03m3MyEW5R8Z5Y6fgBbiasfzxw=
118,-16,l0/9ywY40UVU4UHinvDStorJ5aQ=,f03m3MyEW5R8Z5Y6fgBbiasfzxw=
117,-16,l0/9ywY40UVU4UHinvDStorJ5aQ=,f03m3MyEW5R8Z5Y6fgBbiasfzxw=
120,-16,l0/9ywY40UVU4UHinvDStorJ5aQ=,cXNoVhBgzj4SP+TW9wjIBQbQQa0=
127,-16,l0/9ywY40UVU4UHinvDStorJ5aQ=,cXNoVhBgzj4SP+TW9wjIBQbQQa0=
127,-1,l0/9ywY40UVU4UHinvDStorJ5aQ=,c/VcMciEw/QRJWmVnMIIH23z2E8=
126,-16,l0/9ywY40UVU4UHinvDStorJ5aQ=,cXNoVhBgzj4SP+TW9wjIBQbQQa0=
125,-16,l0/9ywY40UVU4UHinvDStorJ5aQ=,cXNoVhBgzj4SP+TW9wjIBQbQQa0=
123,-16,l0/9ywY40UVU4UHinvDStorJ5aQ=,cXNoVhBgzj4SP+TW9wjIBQbQQa0=
122,-16,l0/9ywY40UVU4UHinvDStorJ5aQ=,cXNoVhBgzj4SP+TW9wjIBQbQQa0=
124,-16,l0/9ywY40UVU4UHinvDStorJ5aQ=,cXNoVhBgzj4SP+TW9wjIBQbQQa0=
121,-16,l0/9ywY40UVU4UHinvDStorJ5aQ=,cXNoVhBgzj4SP+TW9wjIBQbQQa0=
