196,75,6KaJaEDcdHs/Hd6C6PCvYEJKUcQ=,VBYzPRBFj8NsChgx0JnxK2o2tGg=
204,77,6KaJaEDcdHs/Hd6C6PCvYEJKUcQ=,5LJ4yMR9bMVg5VvP1b/K5Kd0Eus=
198,68,6KaJaEDcdHs/Hd6C6PCvYEJKUcQ=,/qWnZ4FcXy2mKcMK2ETNJM1XQUU=
198,67,6KaJaEDcdHs/Hd6C6PCvYEJKUcQ=,/qWnZ4FcXy2mKcMK2ETNJM1XQUU=
205,77,6KaJaEDcdHs/Hd6C6PCvYEJKUcQ=,5LJ4yMR9bMVg5VvP1b/K5Kd0Eus=
197,68,6KaJaEDcdHs/Hd6C6PCvYEJKUcQ=,/qWnZ4FcXy2mKcMK2ETNJM1XQUU=
195,68,6KaJaEDcdHs/Hd6C6PCvYEJKUcQ=,/qWnZ4FcXy2mKcMK2ETNJM1XQUU=
196,68,6KaJaEDcdHs/Hd6C6PCvYEJKUcQ=,/qWnZ4FcXy2mKcMK2ETNJM1XQUU=
199,68,6KaJaEDcdHs/Hd6C6PCvYEJKUcQ=,/qWnZ4FcXy2mKcMK2ETNJM1XQUU=
193,68,6KaJaEDcdHs/Hd6C6PCvYEJKUcQ=,/qWnZ4FcXy2mKcMK2ETNJM1XQUU=
206,77,6KaJaEDcdHs/Hd6C6PCvYEJKUcQ=,5LJ4yMR9bMVg5VvP1b/K5Kd0Eus=
195,69,6KaJaEDcdHs/Hd6C6PCvYEJKUcQ=,/qWnZ4FcXy2mKcMK2ETNJM1XQUU=
194,69,6KaJaEDcdHs/Hd6C6PCvYEJKUcQ=,/qWnZ4FcXy2mKcMK2ETNJM1XQUU=
193,69,6KaJaEDcdHs/Hd6C6PCvYEJKUcQ=,/qWnZ4FcXy2mKcMK2ETNJM1XQUU=
199,67,6KaJaEDcdHs/Hd6C6PCvYEJKUcQ=,/qWnZ4FcXy2mKcMK2ETNJM1XQUU=
197,67,6KaJaEDcdHs/Hd6C6PCvYEJKUcQ=,/qWnZ4FcXy2mKcMK2ETNJM1XQUU=
193,66,6KaJaEDcdHs/Hd6C6PCvYEJKUcQ=,/qWnZ4FcXy2mKcMK2ETNJM1XQUU=
199,75,6KaJaEDcdHs/Hd6C6PCvYEJKUcQ=,VBYzPRBFj8NsChgx0JnxK2o2tGg=
194,68,6KaJaEDcdHs/Hd6C6PCvYEJKUcQ=,/qWnZ4FcXy2mKcMK2ETNJM1XQUU=
193,65,6KaJaEDcdHs/Hd6C6PCvYEJKUcQ=,/qWnZ4FcXy2mKcMK2ETNJM1XQUU=
204,67,6KaJaEDcdHs/Hd6C6PCvYEJKUcQ=,O8fcFkCvwgB+z3W2kkrsdsfttCk=
203,67,6KaJaEDcdHs/Hd6C6PCvYEJKUcQ=,O8fcFkCvwgB+z3W2kkrsdsfttCk=
194,66,6KaJaEDcdHs/Hd6C6PCvYEJKUcQ=,/qWnZ4FcXy2mKcMK2ETNJM1XQUU=
202,67,6KaJaEDcdHs/Hd6C6PCvYEJKUcQ=,O8fcFkCvwgB+z3W2kkrsdsfttCk=
201,67,6KaJaEDcdHs/Hd6C6PCvYEJKUcQ=,O8fcFkCvwgB+z3W2kkrsdsfttCk=
205,67,6KaJaEDcdHs/Hd6C6PCvYEJKUcQ=,O8fcFkCvwgB+z3W2kkrsdsfttCk=
200,78,6KaJaEDcdHs/Hd6C6PCvYEJKUcQ=,5LJ4yMR9bMVg5VvP1b/K5Kd0Eus=
200,67,6KaJaEDcdHs/Hd6C6PCvYEJKUcQ=,O8fcFkCvwgB+z3W2kkrsdsfttCk=
203,77,6KaJaEDcdHs/Hd6C6PCvYEJKUcQ=,5LJ4yMR9bMVg5VvP1b/K5Kd0Eus=
195,66,6KaJaEDcdHs/Hd6C6PCvYEJKUcQ=,/qWnZ4FcXy2mKcMK2ETNJM1XQUU=
206,67,6KaJaEDcdHs/Hd6C6PCvYEJKUcQ=,O8fcFkCvwgB+z3W2kkrsdsfttCk=
206,71,6KaJaEDcdHs/Hd6C6PCvYEJKUcQ=,O8fcFkCvwgB+z3W2kkrsdsfttCk=
202,77,6KaJaEDcdHs/Hd6C6PCvYEJKUcQ=,5LJ4yMR9bMVg5VvP1b/K5Kd0Eus=
198,65,6KaJaEDcdHs/Hd6C6PCvYEJKUcQ=,/qWnZ4FcXy2mKcMK2ETNJM1XQUU=
201,78,6KaJaEDcdHs/Hd6C6PCvYEJKUcQ=,5LJ4yMR9bMVg5VvP1b/K5Kd0Eus=
205,71,6KaJaEDcdHs/Hd6C6PCvYEJKUcQ=,O8fcFkCvwgB+z3W2kkrsdsfttCk=
200,68,6KaJaEDcdHs/Hd6C6PCvYEJKUcQ=,O8fcFkCvwgB+z3W2kkrsdsfttCk=
196,66,6KaJaEDcdHs/Hd6C6PCvYEJKUcQ=,/qWnZ4FcXy2mKcMK2ETNJM1XQUU=
195,75,6KaJaEDcdHs/Hd6C6PCvYEJKUcQ=,VBYzPRBFj8NsChgx0JnxK2o2tGg=
196,67,6KaJaEDcdHs/Hd6C6PCvYEJKUcQ=,/qWnZ4FcXy2mKcMK2ETNJM1XQUU=
198,72,6KaJaEDcdHs/Hd6C6PCvYEJKUcQ=,VBYzPRBFj8NsChgx0JnxK2o2tGg=
197,65,6KaJaEDcdHs/Hd6C6PCvYEJKUcQ=,/qWnZ4FcXy2mKcMK2ETNJM1XQUU=
201,68,6KaJaEDcdHs/Hd6C6PCvYEJKUcQ=,O8fcFkCvwgB+z3W2kkrsdsfttCk=
200,73,6KaJaEDcdHs/Hd6C6PCvYEJKUcQ=,5LJ4yMR9bMVg5VvP1b/K5Kd0Eus=
197,66,6KaJaEDcdHs/Hd6C6PCvYEJKUcQ=,/qWnZ4FcXy2mKcMK2ETNJM1XQUU=
206,66,6KaJaEDcdHs/Hd6C6PCvYEJKUcQ=,O8fcFkCvwgB+z3W2kkrsdsfttCk=
202,68,6KaJaEDcdHs/Hd6C6PCvYEJKUcQ=,O8fcFkCvwgB+z3W2kkrsdsfttCk=
198,66,6KaJaEDcdHs/Hd6C6PCvYEJKUcQ=,/qWnZ4FcXy2mKcMK2ETNJM1XQUU=
195,72,6KaJaEDcdHs/Hd6C6PCvYEJKUcQ=,VBYzPRBFj8NsChgx0JnxK2o2tGg=
205,66,6KaJaEDcdHs/Hd6C6PCvYEJKUcQ=,O8fcFkCvwgB+z3W2kkrsdsfttCk=
203,68,6KaJaEDcdHs/Hd6C6PCvYEJKUcQ=,O8fcFkCvwgB+z3W2kkrsdsfttCk=
196,72,6KaJaEDcdHs/Hd6C6PCvYEJKUcQ=,VBYzPRBFj8NsChgx0JnxK2o2tGg=
196,69,6KaJaEDcdHs/Hd6C6PCvYEJKUcQ=,/qWnZ4FcXy2mKcMK2ETNJM1XQUU=
202,78,6KaJaEDcdHs/Hd6C6PCvYEJKUcQ=,5LJ4yMR9bMVg5VvP1b/K5Kd0Eus=
201,77,6KaJaEDcdHs/Hd6C6PCvYEJKUcQ=,5LJ4yMR9bMVg5VvP1b/K5Kd0Eus=
204,68,6KaJaEDcdHs/Hd6C6PCvYEJKUcQ=,O8fcFkCvwgB+z3W2kkrsdsfttCk=
197,72,6KaJaEDcdHs/Hd6C6PCvYEJKUcQ=,VBYzPRBFj8NsChgx0JnxK2o2tGg=
197,69,6KaJaEDcdHs/Hd6C6PCvYEJKUcQ=,/qWnZ4FcXy2mKcMK2ETNJM1XQUU=
204,71,6KaJaEDcdHs/Hd6C6PCvYEJKUcQ=,O8fcFkCvwgB+z3W2kkrsdsfttCk=
203,66,6KaJaEDcdHs/Hd6C6PCvYEJKUcQ=,O8fcFkCvwgB+z3W2kkrsdsfttCk=
205,68,6KaJaEDcdHs/Hd6C6PCvYEJKUcQ=,O8fcFkCvwgB+z3W2kkrsdsfttCk=
203,78,6KaJaEDcdHs/Hd6C6PCvYEJKUcQ=,5LJ4yMR9bMVg5VvP1b/K5Kd0Eus=
198,69,6KaJaEDcdHs/Hd6C6PCvYEJKUcQ=,/qWnZ4FcXy2mKcMK2ETNJM1XQUU=
196,65,6KaJaEDcdHs/Hd6C6PCvYEJKUcQ=,/qWnZ4FcXy2mKcMK2ETNJM1XQUU=
206,68,6KaJaEDcdHs/Hd6C6PCvYEJKUcQ=,O8fcFkCvwgB+z3W2kkrsdsfttCk=
204,66,6KaJaEDcdHs/Hd6C6PCvYEJKUcQ=,O8fcFkCvwgB+z3W2kkrsdsfttCk=
194,75,6KaJaEDcdHs/Hd6C6PCvYEJKUcQ=,VBYzPRBFj8NsChgx0JnxK2o2tGg=
200,77,6KaJaEDcdHs/Hd6C6PCvYEJKUcQ=,5LJ4yMR9bMVg5VvP1b/K5Kd0Eus=
193,70,6KaJaEDcdHs/Hd6C6PCvYEJKUcQ=,/qWnZ4FcXy2mKcMK2ETNJM1XQUU=
194,72,6KaJaEDcdHs/Hd6C6PCvYEJKUcQ=,VBYzPRBFj8NsChgx0JnxK2o2tGg=
200,72,6KaJaEDcdHs/Hd6C6PCvYEJKUcQ=,5LJ4yMR9bMVg5VvP1b/K5Kd0Eus=
193,72,6KaJaEDcdHs/Hd6C6PCvYEJKUcQ=,VBYzPRBFj8NsChgx0JnxK2o2tGg=
202,66,6KaJaEDcdHs/Hd6C6PCvYEJKUcQ=,O8fcFkCvwgB+z3W2kkrsdsfttCk=
199,76,6KaJaEDcdHs/Hd6C6PCvYEJKUcQ=,VBYzPRBFj8NsChgx0JnxK2o2tGg=
194,70,6KaJaEDcdHs/Hd6C6PCvYEJKUcQ=,/qWnZ4FcXy2mKcMK2ETNJM1XQUU=
198,71,6KaJaEDcdHs/Hd6C6PCvYEJKUcQ=,/qWnZ4FcXy2mKcMK2ETNJM1XQUU=
206,76,6KaJaEDcdHs/Hd6C6PCvYEJKUcQ=,5LJ4yMR9bMVg5VvP1b/K5Kd0Eus=
201,66,6KaJaEDcdHs/Hd6C6PCvYEJKUcQ=,O8fcFkCvwgB+z3W2kkrsdsfttCk=
201,72,6KaJaEDcdHs/Hd6C6PCvYEJKUcQ=,5LJ4yMR9bMVg5VvP1b/K5Kd0Eus=
194,65,6KaJaEDcdHs/Hd6C6PCvYEJKUcQ=,/qWnZ4FcXy2mKcMK2ETNJM1XQUU=
197,71,6KaJaEDcdHs/Hd6C6PCvYEJKUcQ=,/qWnZ4FcXy2mKcMK2ETNJM1XQUU=
202,72,6KaJaEDcdHs/Hd6C6PCvYEJKUcQ=,5LJ4yMR9bMVg5VvP1b/K5Kd0Eus=
204,78,6KaJaEDcdHs/Hd6C6PCvYEJKUcQ=,5LJ4yMR9bMVg5VvP1b/K5Kd0Eus=
195,70,6KaJaEDcdHs/Hd6C6PCvYEJKUcQ=,/qWnZ4FcXy2mKcMK2ETNJM1XQUU=
197,74,6KaJaEDcdHs/Hd6C6PCvYEJKUcQ=,VBYzPRBFj8NsChgx0JnxK2o2tGg=
199,69,6KaJaEDcdHs/Hd6C6PCvYEJKUcQ=,/qWnZ4FcXy2mKcMK2ETNJM1XQUU=
200,66,6KaJaEDcdHs/Hd6C6PCvYEJKUcQ=,O8fcFkCvwgB+z3W2kkrsdsfttCk=
193,75,6KaJaEDcdHs/Hd6C6PCvYEJKUcQ=,VBYzPRBFj8NsChgx0JnxK2o2tGg=
196,70,6KaJaEDcdHs/Hd6C6PCvYEJKUcQ=,/qWnZ4FcXy2mKcMK2ETNJM1XQUU=
198,74,6KaJaEDcdHs/Hd6C6PCvYEJKUcQ=,VBYzPRBFj8NsChgx0JnxK2o2tGg=
196,74,6KaJaEDcdHs/Hd6C6PCvYEJKUcQ=,VBYzPRBFj8NsChgx0JnxK2o2tGg=
203,72,6KaJaEDcdHs/Hd6C6PCvYEJKUcQ=,5LJ4yMR9bMVg5VvP1b/K5Kd0Eus=
201,73,6KaJaEDcdHs/Hd6C6PCvYEJKUcQ=,5LJ4yMR9bMVg5VvP1b/K5Kd0Eus=
197,70,6KaJaEDcdHs/Hd6C6PCvYEJKUcQ=,/qWnZ4FcXy2mKcMK2ETNJM1XQUU=
204,72,6KaJaEDcdHs/Hd6C6PCvYEJKUcQ=,5LJ4yMR9bMVg5VvP1b/K5Kd0Eus=
195,71,6KaJaEDcdHs/Hd6C6PCvYEJKUcQ=,/qWnZ4FcXy2mKcMK2ETNJM1XQUU=
196,71,6KaJaEDcdHs/Hd6C6PCvYEJKUcQ=,/qWnZ4FcXy2mKcMK2ETNJM1XQUU=
205,76,6KaJaEDcdHs/Hd6C6PCvYEJKUcQ=,5LJ4yMR9bMVg5VvP1b/K5Kd0Eus=
195,74,6KaJaEDcdHs/Hd6C6PCvYEJKUcQ=,VBYzPRBFj8NsChgx0JnxK2o2tGg=
202,73,6KaJaEDcdHs/Hd6C6PCvYEJKUcQ=,5LJ4yMR9bMVg5VvP1b/K5Kd0Eus=
198,70,6KaJaEDcdHs/Hd6C6PCvYEJKUcQ=,/qWnZ4FcXy2mKcMK2ETNJM1XQUU=
205,72,6KaJaEDcdHs/Hd6C6PCvYEJKUcQ=,5LJ4yMR9bMVg5VvP1b/K5Kd0Eus=
195,67,6KaJaEDcdHs/Hd6C6PCvYEJKUcQ=,/qWnZ4FcXy2mKcMK2ETNJM1XQUU=
203,71,6KaJaEDcdHs/Hd6C6PCvYEJKUcQ=,O8fcFkCvwgB+z3W2kkrsdsfttCk=
194,67,6KaJaEDcdHs/Hd6C6PCvYEJKUcQ=,/qWnZ4FcXy2mKcMK2ETNJM1XQUU=
193,71,6KaJaEDcdHs/Hd6C6PCvYEJKUcQ=,/qWnZ4FcXy2mKcMK2ETNJM1XQUU=
193,74,6KaJaEDcdHs/Hd6C6PCvYEJKUcQ=,VBYzPRBFj8NsChgx0JnxK2o2tGg=
200,69,6KaJaEDcdHs/Hd6C6PCvYEJKUcQ=,O8fcFkCvwgB+z3W2kkrsdsfttCk=
194,74,6KaJaEDcdHs/Hd6C6PCvYEJKUcQ=,VBYzPRBFj8NsChgx0JnxK2o2tGg=
205,78,6KaJaEDcdHs/Hd6C6PCvYEJKUcQ=,5LJ4yMR9bMVg5VvP1b/K5Kd0Eus=
193,67,6KaJaEDcdHs/Hd6C6PCvYEJKUcQ=,/qWnZ4FcXy2mKcMK2ETNJM1XQUU=
195,65,6KaJaEDcdHs/Hd6C6PCvYEJKUcQ=,/qWnZ4FcXy2mKcMK2ETNJM1XQUU=
206,72,6KaJaEDcdHs/Hd6C6PCvYEJKUcQ=,5LJ4yMR9bMVg5VvP1b/K5Kd0Eus=
194,71,6KaJaEDcdHs/Hd6C6PCvYEJKUcQ=,/qWnZ4FcXy2mKcMK2ETNJM1XQUU=
199,65,6KaJaEDcdHs/Hd6C6PCvYEJKUcQ=,/qWnZ4FcXy2mKcMK2ETNJM1XQUU=
203,76,6KaJaEDcdHs/Hd6C6PCvYEJKUcQ=,5LJ4yMR9bMVg5VvP1b/K5Kd0Eus=
206,78,6KaJaEDcdHs/Hd6C6PCvYEJKUcQ=,5LJ4yMR9bMVg5VvP1b/K5Kd0Eus=
198,73,6KaJaEDcdHs/Hd6C6PCvYEJKUcQ=,VBYzPRBFj8NsChgx0JnxK2o2tGg=
206,65,6KaJaEDcdHs/Hd6C6PCvYEJKUcQ=,O8fcFkCvwgB+z3W2kkrsdsfttCk=
201,69,6KaJaEDcdHs/Hd6C6PCvYEJKUcQ=,O8fcFkCvwgB+z3W2kkrsdsfttCk=
207,67,6KaJaEDcdHs/Hd6C6PCvYEJKUcQ=,O8fcFkCvwgB+z3W2kkrsdsfttCk=
207,65,6KaJaEDcdHs/Hd6C6PCvYEJKUcQ=,O8fcFkCvwgB+z3W2kkrsdsfttCk=
197,73,6KaJaEDcdHs/Hd6C6PCvYEJKUcQ=,VBYzPRBFj8NsChgx0JnxK2o2tGg=
207,66,6KaJaEDcdHs/Hd6C6PCvYEJKUcQ=,O8fcFkCvwgB+z3W2kkrsdsfttCk=
204,76,6KaJaEDcdHs/Hd6C6PCvYEJKUcQ=,5LJ4yMR9bMVg5VvP1b/K5Kd0Eus=
205,65,6KaJaEDcdHs/Hd6C6PCvYEJKUcQ=,O8fcFkCvwgB+z3W2kkrsdsfttCk=
203,73,6KaJaEDcdHs/Hd6C6PCvYEJKUcQ=,5LJ4yMR9bMVg5VvP1b/K5Kd0Eus=
202,69,6KaJaEDcdHs/Hd6C6PCvYEJKUcQ=,O8fcFkCvwgB+z3W2kkrsdsfttCk=
202,65,6KaJaEDcdHs/Hd6C6PCvYEJKUcQ=,O8fcFkCvwgB+z3W2kkrsdsfttCk=
204,65,6KaJaEDcdHs/Hd6C6PCvYEJKUcQ=,O8fcFkCvwgB+z3W2kkrsdsfttCk=
203,65,6KaJaEDcdHs/Hd6C6PCvYEJKUcQ=,O8fcFkCvwgB+z3W2kkrsdsfttCk=
207,68,6KaJaEDcdHs/Hd6C6PCvYEJKUcQ=,O8fcFkCvwgB+z3W2kkrsdsfttCk=
207,70,6KaJaEDcdHs/Hd6C6PCvYEJKUcQ=,O8fcFkCvwgB+z3W2kkrsdsfttCk=
196,73,6KaJaEDcdHs/Hd6C6PCvYEJKUcQ=,VBYzPRBFj8NsChgx0JnxK2o2tGg=
204,73,6KaJaEDcdHs/Hd6C6PCvYEJKUcQ=,5LJ4yMR9bMVg5VvP1b/K5Kd0Eus=
201,65,6KaJaEDcdHs/Hd6C6PCvYEJKUcQ=,O8fcFkCvwgB+z3W2kkrsdsfttCk=
195,73,6KaJaEDcdHs/Hd6C6PCvYEJKUcQ=,VBYzPRBFj8NsChgx0JnxK2o2tGg=
199,70,6KaJaEDcdHs/Hd6C6PCvYEJKUcQ=,/qWnZ4FcXy2mKcMK2ETNJM1XQUU=
207,69,6KaJaEDcdHs/Hd6C6PCvYEJKUcQ=,O8fcFkCvwgB+z3W2kkrsdsfttCk=
200,65,6KaJaEDcdHs/Hd6C6PCvYEJKUcQ=,O8fcFkCvwgB+z3W2kkrsdsfttCk=
203,69,6KaJaEDcdHs/Hd6C6PCvYEJKUcQ=,O8fcFkCvwgB+z3W2kkrsdsfttCk=
200,71,6KaJaEDcdHs/Hd6C6PCvYEJKUcQ=,O8fcFkCvwgB+z3W2kkrsdsfttCk=
202,71,6KaJaEDcdHs/Hd6C6PCvYEJKUcQ=,O8fcFkCvwgB+z3W2kkrsdsfttCk=
205,73,6KaJaEDcdHs/Hd6C6PCvYEJKUcQ=,5LJ4yMR9bMVg5VvP1b/K5Kd0Eus=
205,70,6KaJaEDcdHs/Hd6C6PCvYEJKUcQ=,O8fcFkCvwgB+z3W2kkrsdsfttCk=
207,71,6KaJaEDcdHs/Hd6C6PCvYEJKUcQ=,O8fcFkCvwgB+z3W2kkrsdsfttCk=
201,71,6KaJaEDcdHs/Hd6C6PCvYEJKUcQ=,O8fcFkCvwgB+z3W2kkrsdsfttCk=
206,73,6KaJaEDcdHs/Hd6C6PCvYEJKUcQ=,5LJ4yMR9bMVg5VvP1b/K5Kd0Eus=
198,78,6KaJaEDcdHs/Hd6C6PCvYEJKUcQ=,VBYzPRBFj8NsChgx0JnxK2o2tGg=
207,77,6KaJaEDcdHs/Hd6C6PCvYEJKUcQ=,5LJ4yMR9bMVg5VvP1b/K5Kd0Eus=
194,73,6KaJaEDcdHs/Hd6C6PCvYEJKUcQ=,VBYzPRBFj8NsChgx0JnxK2o2tGg=
204,70,6KaJaEDcdHs/Hd6C6PCvYEJKUcQ=,O8fcFkCvwgB+z3W2kkrsdsfttCk=
199,66,6KaJaEDcdHs/Hd6C6PCvYEJKUcQ=,/qWnZ4FcXy2mKcMK2ETNJM1XQUU=
206,70,6KaJaEDcdHs/Hd6C6PCvYEJKUcQ=,O8fcFkCvwgB+z3W2kkrsdsfttCk=
199,77,6KaJaEDcdHs/Hd6C6PCvYEJKUcQ=,VBYzPRBFj8NsChgx0JnxK2o2tGg=
193,73,6KaJaEDcdHs/Hd6C6PCvYEJKUcQ=,VBYzPRBFj8NsChgx0JnxK2o2tGg=
202,76,6KaJaEDcdHs/Hd6C6PCvYEJKUcQ=,5LJ4yMR9bMVg5VvP1b/K5Kd0Eus=
207,75,6KaJaEDcdHs/Hd6C6PCvYEJKUcQ=,5LJ4yMR9bMVg5VvP1b/K5Kd0Eus=
199,71,6KaJaEDcdHs/Hd6C6PCvYEJKUcQ=,/qWnZ4FcXy2mKcMK2ETNJM1XQUU=
207,74,6KaJaEDcdHs/Hd6C6PCvYEJKUcQ=,5LJ4yMR9bMVg5VvP1b/K5Kd0Eus=
207,76,6KaJaEDcdHs/Hd6C6PCvYEJKUcQ=,5LJ4yMR9bMVg5VvP1b/K5Kd0Eus=
207,72,6KaJaEDcdHs/Hd6C6PCvYEJKUcQ=,5LJ4yMR9bMVg5VvP1b/K5Kd0Eus=
203,70,6KaJaEDcdHs/Hd6C6PCvYEJKUcQ=,O8fcFkCvwgB+z3W2kkrsdsfttCk=
207,78,6KaJaEDcdHs/Hd6C6PCvYEJKUcQ=,5LJ4yMR9bMVg5VvP1b/K5Kd0Eus=
200,74,6KaJaEDcdHs/Hd6C6PCvYEJKUcQ=,5LJ4yMR9bMVg5VvP1b/K5Kd0Eus=
204,69,6KaJaEDcdHs/Hd6C6PCvYEJKUcQ=,O8fcFkCvwgB+z3W2kkrsdsfttCk=
199,72,6KaJaEDcdHs/Hd6C6PCvYEJKUcQ=,VBYzPRBFj8NsChgx0JnxK2o2tGg=
197,78,6KaJaEDcdHs/Hd6C6PCvYEJKUcQ=,VBYzPRBFj8NsChgx0JnxK2o2tGg=
202,70,6KaJaEDcdHs/Hd6C6PCvYEJKUcQ=,O8fcFkCvwgB+z3W2kkrsdsfttCk=
205,69,6KaJaEDcdHs/Hd6C6PCvYEJKUcQ=,O8fcFkCvwgB+z3W2kkrsdsfttCk=
201,74,6KaJaEDcdHs/Hd6C6PCvYEJKUcQ=,5LJ4yMR9bMVg5VvP1b/K5Kd0Eus=
207,73,6KaJaEDcdHs/Hd6C6PCvYEJKUcQ=,5LJ4yMR9bMVg5VvP1b/K5Kd0Eus=
206,69,6KaJaEDcdHs/Hd6C6PCvYEJKUcQ=,O8fcFkCvwgB+z3W2kkrsdsfttCk=
196,78,6KaJaEDcdHs/Hd6C6PCvYEJKUcQ=,VBYzPRBFj8NsChgx0JnxK2o2tGg=
195,78,6KaJaEDcdHs/Hd6C6PCvYEJKUcQ=,VBYzPRBFj8NsChgx0JnxK2o2tGg=
194,78,6KaJaEDcdHs/Hd6C6PCvYEJKUcQ=,VBYzPRBFj8NsChgx0JnxK2o2tGg=
201,70,6KaJaEDcdHs/Hd6C6PCvYEJKUcQ=,O8fcFkCvwgB+z3W2kkrsdsfttCk=
202,74,6KaJaEDcdHs/Hd6C6PCvYEJKUcQ=,5LJ4yMR9bMVg5VvP1b/K5Kd0Eus=
200,70,6KaJaEDcdHs/Hd6C6PCvYEJKUcQ=,O8fcFkCvwgB+z3W2kkrsdsfttCk=
201,79,6KaJaEDcdHs/Hd6C6PCvYEJKUcQ=,5LJ4yMR9bMVg5VvP1b/K5Kd0Eus=
193,78,6KaJaEDcdHs/Hd6C6PCvYEJKUcQ=,VBYzPRBFj8NsChgx0JnxK2o2tGg=
203,74,6KaJaEDcdHs/Hd6C6PCvYEJKUcQ=,5LJ4yMR9bMVg5VvP1b/K5Kd0Eus=
206,79,6KaJaEDcdHs/Hd6C6PCvYEJKUcQ=,5LJ4yMR9bMVg5VvP1b/K5Kd0Eus=
205,79,6KaJaEDcdHs/Hd6C6PCvYEJKUcQ=,5LJ4yMR9bMVg5VvP1b/K5Kd0Eus=
202,79,6KaJaEDcdHs/Hd6C6PCvYEJKUcQ=,5LJ4yMR9bMVg5VvP1b/K5Kd0Eus=
200,79,6KaJaEDcdHs/Hd6C6PCvYEJKUcQ=,5LJ4yMR9bMVg5VvP1b/K5Kd0Eus=
198,77,6KaJaEDcdHs/Hd6C6PCvYEJKUcQ=,VBYzPRBFj8NsChgx0JnxK2o2tGg=
204,79,6KaJaEDcdHs/Hd6C6PCvYEJKUcQ=,5LJ4yMR9bMVg5VvP1b/K5Kd0Eus=
204,74,6KaJaEDcdHs/Hd6C6PCvYEJKUcQ=,5LJ4yMR9bMVg5VvP1b/K5Kd0Eus=
199,79,6KaJaEDcdHs/Hd6C6PCvYEJKUcQ=,VBYzPRBFj8NsChgx0JnxK2o2tGg=
203,79,6KaJaEDcdHs/Hd6C6PCvYEJKUcQ=,5LJ4yMR9bMVg5VvP1b/K5Kd0Eus=
201,76,6KaJaEDcdHs/Hd6C6PCvYEJKUcQ=,5LJ4yMR9bMVg5VvP1b/K5Kd0Eus=
193,79,6KaJaEDcdHs/Hd6C6PCvYEJKUcQ=,VBYzPRBFj8NsChgx0JnxK2o2tGg=
197,79,6KaJaEDcdHs/Hd6C6PCvYEJKUcQ=,VBYzPRBFj8NsChgx0JnxK2o2tGg=
196,79,6KaJaEDcdHs/Hd6C6PCvYEJKUcQ=,VBYzPRBFj8NsChgx0JnxK2o2tGg=
200,76,6KaJaEDcdHs/Hd6C6PCvYEJKUcQ=,5LJ4yMR9bMVg5VvP1b/K5Kd0Eus=
192,75,6KaJaEDcdHs/Hd6C6PCvYEJKUcQ=,VBYzPRBFj8NsChgx0JnxK2o2tGg=
205,74,6KaJaEDcdHs/Hd6C6PCvYEJKUcQ=,5LJ4yMR9bMVg5VvP1b/K5Kd0Eus=
197,77,6KaJaEDcdHs/Hd6C6PCvYEJKUcQ=,VBYzPRBFj8NsChgx0JnxK2o2tGg=
192,76,6KaJaEDcdHs/Hd6C6PCvYEJKUcQ=,VBYzPRBFj8NsChgx0JnxK2o2tGg=
198,79,6KaJaEDcdHs/Hd6C6PCvYEJKUcQ=,VBYzPRBFj8NsChgx0JnxK2o2tGg=
194,79,6KaJaEDcdHs/Hd6C6PCvYEJKUcQ=,VBYzPRBFj8NsChgx0JnxK2o2tGg=
195,79,6KaJaEDcdHs/Hd6C6PCvYEJKUcQ=,VBYzPRBFj8NsChgx0JnxK2o2tGg=
206,74,6KaJaEDcdHs/Hd6C6PCvYEJKUcQ=,5LJ4yMR9bMVg5VvP1b/K5Kd0Eus=
192,78,6KaJaEDcdHs/Hd6C6PCvYEJKUcQ=,VBYzPRBFj8NsChgx0JnxK2o2tGg=
192,77,6KaJaEDcdHs/Hd6C6PCvYEJKUcQ=,VBYzPRBFj8NsChgx0JnxK2o2tGg=
196,77,6KaJaEDcdHs/Hd6C6PCvYEJKUcQ=,VBYzPRBFj8NsChgx0JnxK2o2tGg=
195,77,6KaJaEDcdHs/Hd6C6PCvYEJKUcQ=,VBYzPRBFj8NsChgx0JnxK2o2tGg=
192,73,6KaJaEDcdHs/Hd6C6PCvYEJKUcQ=,VBYzPRBFj8NsChgx0JnxK2o2tGg=
192,74,6KaJaEDcdHs/Hd6C6PCvYEJKUcQ=,VBYzPRBFj8NsChgx0JnxK2o2tGg=
198,76,6KaJaEDcdHs/Hd6C6PCvYEJKUcQ=,VBYzPRBFj8NsChgx0JnxK2o2tGg=
197,76,6KaJaEDcdHs/Hd6C6PCvYEJKUcQ=,VBYzPRBFj8NsChgx0JnxK2o2tGg=
196,76,6KaJaEDcdHs/Hd6C6PCvYEJKUcQ=,VBYzPRBFj8NsChgx0JnxK2o2tGg=
200,75,6KaJaEDcdHs/Hd6C6PCvYEJKUcQ=,5LJ4yMR9bMVg5VvP1b/K5Kd0Eus=
194,76,6KaJaEDcdHs/Hd6C6PCvYEJKUcQ=,VBYzPRBFj8NsChgx0JnxK2o2tGg=
197,75,6KaJaEDcdHs/Hd6C6PCvYEJKUcQ=,VBYzPRBFj8NsChgx0JnxK2o2tGg=
206,75,6KaJaEDcdHs/Hd6C6PCvYEJKUcQ=,5LJ4yMR9bMVg5VvP1b/K5Kd0Eus=
205,75,6KaJaEDcdHs/Hd6C6PCvYEJKUcQ=,5LJ4yMR9bMVg5VvP1b/K5Kd0Eus=
192,65,6KaJaEDcdHs/Hd6C6PCvYEJKUcQ=,/qWnZ4FcXy2mKcMK2ETNJM1XQUU=
199,73,6KaJaEDcdHs/Hd6C6PCvYEJKUcQ=,VBYzPRBFj8NsChgx0JnxK2o2tGg=
195,76,6KaJaEDcdHs/Hd6C6PCvYEJKUcQ=,VBYzPRBFj8NsChgx0JnxK2o2tGg=
194,77,6KaJaEDcdHs/Hd6C6PCvYEJKUcQ=,VBYzPRBFj8NsChgx0JnxK2o2tGg=
193,77,6KaJaEDcdHs/Hd6C6PCvYEJKUcQ=,VBYzPRBFj8NsChgx0JnxK2o2tGg=
195,64,6KaJaEDcdHs/Hd6C6PCvYEJKUcQ=,/qWnZ4FcXy2mKcMK2ETNJM1XQUU=
194,64,6KaJaEDcdHs/Hd6C6PCvYEJKUcQ=,/qWnZ4FcXy2mKcMK2ETNJM1XQUU=
193,76,6KaJaEDcdHs/Hd6C6PCvYEJKUcQ=,VBYzPRBFj8NsChgx0JnxK2o2tGg=
204,75,6KaJaEDcdHs/Hd6C6PCvYEJKUcQ=,5LJ4yMR9bMVg5VvP1b/K5Kd0Eus=
193,64,6KaJaEDcdHs/Hd6C6PCvYEJKUcQ=,/qWnZ4FcXy2mKcMK2ETNJM1XQUU=
198,75,6KaJaEDcdHs/Hd6C6PCvYEJKUcQ=,VBYzPRBFj8NsChgx0JnxK2o2tGg=
192,69,6KaJaEDcdHs/Hd6C6PCvYEJKUcQ=,/qWnZ4FcXy2mKcMK2ETNJM1XQUU=
199,74,6KaJaEDcdHs/Hd6C6PCvYEJKUcQ=,VBYzPRBFj8NsChgx0JnxK2o2tGg=
201,75,6KaJaEDcdHs/Hd6C6PCvYEJKUcQ=,5LJ4yMR9bMVg5VvP1b/K5Kd0Eus=
192,79,6KaJaEDcdHs/Hd6C6PCvYEJKUcQ=,VBYzPRBFj8NsChgx0JnxK2o2tGg=
196,64,6KaJaEDcdHs/Hd6C6PCvYEJKUcQ=,/qWnZ4FcXy2mKcMK2ETNJM1XQUU=
192,72,6KaJaEDcdHs/Hd6C6PCvYEJKUcQ=,VBYzPRBFj8NsChgx0JnxK2o2tGg=
207,79,6KaJaEDcdHs/Hd6C6PCvYEJKUcQ=,5LJ4yMR9bMVg5VvP1b/K5Kd0Eus=
203,75,6KaJaEDcdHs/Hd6C6PCvYEJKUcQ=,5LJ4yMR9bMVg5VvP1b/K5Kd0Eus=
192,71,6KaJaEDcdHs/Hd6C6PCvYEJKUcQ=,/qWnZ4FcXy2mKcMK2ETNJM1XQUU=
198,64,6KaJaEDcdHs/Hd6C6PCvYEJKUcQ=,/qWnZ4FcXy2mKcMK2ETNJM1XQUU=
192,70,6KaJaEDcdHs/Hd6C6PCvYEJKUcQ=,/qWnZ4FcXy2mKcMK2ETNJM1XQUU=
192,66,6KaJaEDcdHs/Hd6C6PCvYEJKUcQ=,/qWnZ4FcXy2mKcMK2ETNJM1XQUU=
207,64,6KaJaEDcdHs/Hd6C6PCvYEJKUcQ=,O8fcFkCvwgB+z3W2kkrsdsfttCk=
197,64,6KaJaEDcdHs/Hd6C6PCvYEJKUcQ=,/qWnZ4FcXy2mKcMK2ETNJM1XQUU=
206,64,6KaJaEDcdHs/Hd6C6PCvYEJKUcQ=,O8fcFkCvwgB+z3W2kkrsdsfttCk=
205,64,6KaJaEDcdHs/Hd6C6PCvYEJKUcQ=,O8fcFkCvwgB+z3W2kkrsdsfttCk=
202,75,6KaJaEDcdHs/Hd6C6PCvYEJKUcQ=,5LJ4yMR9bMVg5VvP1b/K5Kd0Eus=
203,64,6KaJaEDcdHs/Hd6C6PCvYEJKUcQ=,O8fcFkCvwgB+z3W2kkrsdsfttCk=
192,67,6KaJaEDcdHs/Hd6C6PCvYEJKUcQ=,/qWnZ4FcXy2mKcMK2ETNJM1XQUU=
202,64,6KaJaEDcdHs/Hd6C6PCvYEJKUcQ=,O8fcFkCvwgB+z3W2kkrsdsfttCk=
192,68,6KaJaEDcdHs/Hd6C6PCvYEJKUcQ=,/qWnZ4FcXy2mKcMK2ETNJM1XQUU=
199,64,6KaJaEDcdHs/Hd6C6PCvYEJKUcQ=,/qWnZ4FcXy2mKcMK2ETNJM1XQUU=
201,64,6KaJaEDcdHs/Hd6C6PCvYEJKUcQ=,O8fcFkCvwgB+z3W2kkrsdsfttCk=
199,78,6KaJaEDcdHs/Hd6C6PCvYEJKUcQ=,VBYzPRBFj8NsChgx0JnxK2o2tGg=
204,64,6KaJaEDcdHs/Hd6C6PCvYEJKUcQ=,O8fcFkCvwgB+z3W2kkrsdsfttCk=
192,64,6KaJaEDcdHs/Hd6C6PCvYEJKUcQ=,/qWnZ4FcXy2mKcMK2ETNJM1XQUU=
200,64,6KaJaEDcdHs/Hd6C6PCvYEJKUcQ=,O8fcFkCvwgB+z3W2kkrsdsfttCk=
198,94,WLzRn75KCJfRlXc/FhWf6DjJE2U=,KDm2JXwU8tq72HPFoSg56oWbNT8=
193,89,e1cTh87i5xAKB/pLIbejVO7IP8w=,KDm2JXwU8tq72HPFoSg56oWbNT8=
196,87,e1cTh87i5xAKB/pLIbejVO7IP8w=,x8UvBA7smEm4KM85xIQW7LNPbuM=
203,93,e1cTh87i5xAKB/pLIbejVO7IP8w=,UOuf7CtOZZhAPrFoxPG3zCeCX0o=
202,93,e1cTh87i5xAKB/pLIbejVO7IP8w=,UOuf7CtOZZhAPrFoxPG3zCeCX0o=
199,94,e1cTh87i5xAKB/pLIbejVO7IP8w=,KDm2JXwU8tq72HPFoSg56oWbNT8=
204,93,e1cTh87i5xAKB/pLIbejVO7IP8w=,UOuf7CtOZZhAPrFoxPG3zCeCX0o=
199,87,e1cTh87i5xAKB/pLIbejVO7IP8w=,x8UvBA7smEm4KM85xIQW7LNPbuM=
194,89,e1cTh87i5xAKB/pLIbejVO7IP8w=,KDm2JXwU8tq72HPFoSg56oWbNT8=
197,86,e1cTh87i5xAKB/pLIbejVO7IP8w=,x8UvBA7smEm4KM85xIQW7LNPbuM=
205,93,e1cTh87i5xAKB/pLIbejVO7IP8w=,UOuf7CtOZZhAPrFoxPG3zCeCX0o=
196,81,e1cTh87i5xAKB/pLIbejVO7IP8w=,x8UvBA7smEm4KM85xIQW7LNPbuM=
201,93,e1cTh87i5xAKB/pLIbejVO7IP8w=,UOuf7CtOZZhAPrFoxPG3zCeCX0o=
199,84,e1cTh87i5xAKB/pLIbejVO7IP8w=,x8UvBA7smEm4KM85xIQW7LNPbuM=
204,83,e1cTh87i5xAKB/pLIbejVO7IP8w=,qhhjo+tLcxdQnSANuANf6MwgI/Y=
201,83,e1cTh87i5xAKB/pLIbejVO7IP8w=,qhhjo+tLcxdQnSANuANf6MwgI/Y=
203,83,e1cTh87i5xAKB/pLIbejVO7IP8w=,qhhjo+tLcxdQnSANuANf6MwgI/Y=
206,93,e1cTh87i5xAKB/pLIbejVO7IP8w=,UOuf7CtOZZhAPrFoxPG3zCeCX0o=
195,89,e1cTh87i5xAKB/pLIbejVO7IP8w=,KDm2JXwU8tq72HPFoSg56oWbNT8=
197,87,e1cTh87i5xAKB/pLIbejVO7IP8w=,x8UvBA7smEm4KM85xIQW7LNPbuM=
202,83,e1cTh87i5xAKB/pLIbejVO7IP8w=,qhhjo+tLcxdQnSANuANf6MwgI/Y=
205,83,e1cTh87i5xAKB/pLIbejVO7IP8w=,qhhjo+tLcxdQnSANuANf6MwgI/Y=
196,89,e1cTh87i5xAKB/pLIbejVO7IP8w=,KDm2JXwU8tq72HPFoSg56oWbNT8=
205,87,e1cTh87i5xAKB/pLIbejVO7IP8w=,qhhjo+tLcxdQnSANuANf6MwgI/Y=
206,87,e1cTh87i5xAKB/pLIbejVO7IP8w=,qhhjo+tLcxdQnSANuANf6MwgI/Y=
200,93,e1cTh87i5xAKB/pLIbejVO7IP8w=,UOuf7CtOZZhAPrFoxPG3zCeCX0o=
200,94,e1cTh87i5xAKB/pLIbejVO7IP8w=,UOuf7CtOZZhAPrFoxPG3zCeCX0o=
198,87,e1cTh87i5xAKB/pLIbejVO7IP8w=,x8UvBA7smEm4KM85xIQW7LNPbuM=
200,83,e1cTh87i5xAKB/pLIbejVO7IP8w=,qhhjo+tLcxdQnSANuANf6MwgI/Y=
201,94,e1cTh87i5xAKB/pLIbejVO7IP8w=,UOuf7CtOZZhAPrFoxPG3zCeCX0o=
194,82,e1cTh87i5xAKB/pLIbejVO7IP8w=,x8UvBA7smEm4KM85xIQW7LNPbuM=
206,92,e1cTh87i5xAKB/pLIbejVO7IP8w=,UOuf7CtOZZhAPrFoxPG3zCeCX0o=
206,83,e1cTh87i5xAKB/pLIbejVO7IP8w=,qhhjo+tLcxdQnSANuANf6MwgI/Y=
204,87,e1cTh87i5xAKB/pLIbejVO7IP8w=,qhhjo+tLcxdQnSANuANf6MwgI/Y=
197,89,e1cTh87i5xAKB/pLIbejVO7IP8w=,KDm2JXwU8tq72HPFoSg56oWbNT8=
200,88,e1cTh87i5xAKB/pLIbejVO7IP8w=,UOuf7CtOZZhAPrFoxPG3zCeCX0o=
205,92,e1cTh87i5xAKB/pLIbejVO7IP8w=,UOuf7CtOZZhAPrFoxPG3zCeCX0o=
203,87,e1cTh87i5xAKB/pLIbejVO7IP8w=,qhhjo+tLcxdQnSANuANf6MwgI/Y=
206,82,e1cTh87i5xAKB/pLIbejVO7IP8w=,qhhjo+tLcxdQnSANuANf6MwgI/Y=
195,82,e1cTh87i5xAKB/pLIbejVO7IP8w=,x8UvBA7smEm4KM85xIQW7LNPbuM=
198,89,e1cTh87i5xAKB/pLIbejVO7IP8w=,KDm2JXwU8tq72HPFoSg56oWbNT8=
201,88,e1cTh87i5xAKB/pLIbejVO7IP8w=,UOuf7CtOZZhAPrFoxPG3zCeCX0o=
199,89,e1cTh87i5xAKB/pLIbejVO7IP8w=,KDm2JXwU8tq72HPFoSg56oWbNT8=
204,92,e1cTh87i5xAKB/pLIbejVO7IP8w=,UOuf7CtOZZhAPrFoxPG3zCeCX0o=
202,94,e1cTh87i5xAKB/pLIbejVO7IP8w=,UOuf7CtOZZhAPrFoxPG3zCeCX0o=
198,86,e1cTh87i5xAKB/pLIbejVO7IP8w=,x8UvBA7smEm4KM85xIQW7LNPbuM=
203,92,e1cTh87i5xAKB/pLIbejVO7IP8w=,UOuf7CtOZZhAPrFoxPG3zCeCX0o=
198,84,e1cTh87i5xAKB/pLIbejVO7IP8w=,x8UvBA7smEm4KM85xIQW7LNPbuM=
193,90,e1cTh87i5xAKB/pLIbejVO7IP8w=,KDm2JXwU8tq72HPFoSg56oWbNT8=
193,88,e1cTh87i5xAKB/pLIbejVO7IP8w=,KDm2JXwU8tq72HPFoSg56oWbNT8=
200,84,e1cTh87i5xAKB/pLIbejVO7IP8w=,qhhjo+tLcxdQnSANuANf6MwgI/Y=
202,92,e1cTh87i5xAKB/pLIbejVO7IP8w=,UOuf7CtOZZhAPrFoxPG3zCeCX0o=
199,93,e1cTh87i5xAKB/pLIbejVO7IP8w=,KDm2JXwU8tq72HPFoSg56oWbNT8=
205,82,e1cTh87i5xAKB/pLIbejVO7IP8w=,qhhjo+tLcxdQnSANuANf6MwgI/Y=
203,94,e1cTh87i5xAKB/pLIbejVO7IP8w=,UOuf7CtOZZhAPrFoxPG3zCeCX0o=
194,90,e1cTh87i5xAKB/pLIbejVO7IP8w=,KDm2JXwU8tq72HPFoSg56oWbNT8=
196,82,e1cTh87i5xAKB/pLIbejVO7IP8w=,x8UvBA7smEm4KM85xIQW7LNPbuM=
201,84,e1cTh87i5xAKB/pLIbejVO7IP8w=,qhhjo+tLcxdQnSANuANf6MwgI/Y=
197,94,e1cTh87i5xAKB/pLIbejVO7IP8w=,KDm2JXwU8tq72HPFoSg56oWbNT8=
202,87,e1cTh87i5xAKB/pLIbejVO7IP8w=,qhhjo+tLcxdQnSANuANf6MwgI/Y=
201,92,e1cTh87i5xAKB/pLIbejVO7IP8w=,UOuf7CtOZZhAPrFoxPG3zCeCX0o=
204,94,e1cTh87i5xAKB/pLIbejVO7IP8w=,UOuf7CtOZZhAPrFoxPG3zCeCX0o=
194,83,e1cTh87i5xAKB/pLIbejVO7IP8w=,x8UvBA7smEm4KM85xIQW7LNPbuM=
195,90,e1cTh87i5xAKB/pLIbejVO7IP8w=,KDm2JXwU8tq72HPFoSg56oWbNT8=
199,88,e1cTh87i5xAKB/pLIbejVO7IP8w=,KDm2JXwU8tq72HPFoSg56oWbNT8=
195,87,e1cTh87i5xAKB/pLIbejVO7IP8w=,x8UvBA7smEm4KM85xIQW7LNPbuM=
205,94,e1cTh87i5xAKB/pLIbejVO7IP8w=,UOuf7CtOZZhAPrFoxPG3zCeCX0o=
206,91,e1cTh87i5xAKB/pLIbejVO7IP8w=,UOuf7CtOZZhAPrFoxPG3zCeCX0o=
202,84,e1cTh87i5xAKB/pLIbejVO7IP8w=,qhhjo+tLcxdQnSANuANf6MwgI/Y=
200,92,e1cTh87i5xAKB/pLIbejVO7IP8w=,UOuf7CtOZZhAPrFoxPG3zCeCX0o=
204,82,e1cTh87i5xAKB/pLIbejVO7IP8w=,qhhjo+tLcxdQnSANuANf6MwgI/Y=
203,82,e1cTh87i5xAKB/pLIbejVO7IP8w=,qhhjo+tLcxdQnSANuANf6MwgI/Y=
198,85,e1cTh87i5xAKB/pLIbejVO7IP8w=,x8UvBA7smEm4KM85xIQW7LNPbuM=
201,87,e1cTh87i5xAKB/pLIbejVO7IP8w=,qhhjo+tLcxdQnSANuANf6MwgI/Y=
196,90,e1cTh87i5xAKB/pLIbejVO7IP8w=,KDm2JXwU8tq72HPFoSg56oWbNT8=
203,84,e1cTh87i5xAKB/pLIbejVO7IP8w=,qhhjo+tLcxdQnSANuANf6MwgI/Y=
206,94,e1cTh87i5xAKB/pLIbejVO7IP8w=,UOuf7CtOZZhAPrFoxPG3zCeCX0o=
194,88,e1cTh87i5xAKB/pLIbejVO7IP8w=,KDm2JXwU8tq72HPFoSg56oWbNT8=
204,91,e1cTh87i5xAKB/pLIbejVO7IP8w=,UOuf7CtOZZhAPrFoxPG3zCeCX0o=
197,90,e1cTh87i5xAKB/pLIbejVO7IP8w=,KDm2JXwU8tq72HPFoSg56oWbNT8=
205,91,e1cTh87i5xAKB/pLIbejVO7IP8w=,UOuf7CtOZZhAPrFoxPG3zCeCX0o=
200,89,e1cTh87i5xAKB/pLIbejVO7IP8w=,UOuf7CtOZZhAPrFoxPG3zCeCX0o=
203,91,e1cTh87i5xAKB/pLIbejVO7IP8w=,UOuf7CtOZZhAPrFoxPG3zCeCX0o=
204,84,e1cTh87i5xAKB/pLIbejVO7IP8w=,qhhjo+tLcxdQnSANuANf6MwgI/Y=
195,88,e1cTh87i5xAKB/pLIbejVO7IP8w=,KDm2JXwU8tq72HPFoSg56oWbNT8=
202,91,e1cTh87i5xAKB/pLIbejVO7IP8w=,UOuf7CtOZZhAPrFoxPG3zCeCX0o=
198,90,e1cTh87i5xAKB/pLIbejVO7IP8w=,KDm2JXwU8tq72HPFoSg56oWbNT8=
201,91,e1cTh87i5xAKB/pLIbejVO7IP8w=,UOuf7CtOZZhAPrFoxPG3zCeCX0o=
202,88,e1cTh87i5xAKB/pLIbejVO7IP8w=,UOuf7CtOZZhAPrFoxPG3zCeCX0o=
201,89,e1cTh87i5xAKB/pLIbejVO7IP8w=,UOuf7CtOZZhAPrFoxPG3zCeCX0o=
202,82,e1cTh87i5xAKB/pLIbejVO7IP8w=,qhhjo+tLcxdQnSANuANf6MwgI/Y=
193,91,e1cTh87i5xAKB/pLIbejVO7IP8w=,KDm2JXwU8tq72HPFoSg56oWbNT8=
196,88,e1cTh87i5xAKB/pLIbejVO7IP8w=,KDm2JXwU8tq72HPFoSg56oWbNT8=
200,87,e1cTh87i5xAKB/pLIbejVO7IP8w=,qhhjo+tLcxdQnSANuANf6MwgI/Y=
196,94,e1cTh87i5xAKB/pLIbejVO7IP8w=,KDm2JXwU8tq72HPFoSg56oWbNT8=
202,89,e1cTh87i5xAKB/pLIbejVO7IP8w=,UOuf7CtOZZhAPrFoxPG3zCeCX0o=
199,86,e1cTh87i5xAKB/pLIbejVO7IP8w=,x8UvBA7smEm4KM85xIQW7LNPbuM=
201,82,e1cTh87i5xAKB/pLIbejVO7IP8w=,qhhjo+tLcxdQnSANuANf6MwgI/Y=
197,88,e1cTh87i5xAKB/pLIbejVO7IP8w=,KDm2JXwU8tq72HPFoSg56oWbNT8=
197,84,e1cTh87i5xAKB/pLIbejVO7IP8w=,x8UvBA7smEm4KM85xIQW7LNPbuM=
194,91,e1cTh87i5xAKB/pLIbejVO7IP8w=,KDm2JXwU8tq72HPFoSg56oWbNT8=
203,88,e1cTh87i5xAKB/pLIbejVO7IP8w=,UOuf7CtOZZhAPrFoxPG3zCeCX0o=
198,88,e1cTh87i5xAKB/pLIbejVO7IP8w=,KDm2JXwU8tq72HPFoSg56oWbNT8=
200,91,e1cTh87i5xAKB/pLIbejVO7IP8w=,UOuf7CtOZZhAPrFoxPG3zCeCX0o=
206,90,e1cTh87i5xAKB/pLIbejVO7IP8w=,UOuf7CtOZZhAPrFoxPG3zCeCX0o=
205,90,e1cTh87i5xAKB/pLIbejVO7IP8w=,UOuf7CtOZZhAPrFoxPG3zCeCX0o=
203,89,e1cTh87i5xAKB/pLIbejVO7IP8w=,UOuf7CtOZZhAPrFoxPG3zCeCX0o=
195,91,e1cTh87i5xAKB/pLIbejVO7IP8w=,KDm2JXwU8tq72HPFoSg56oWbNT8=
200,82,e1cTh87i5xAKB/pLIbejVO7IP8w=,qhhjo+tLcxdQnSANuANf6MwgI/Y=
199,83,e1cTh87i5xAKB/pLIbejVO7IP8w=,x8UvBA7smEm4KM85xIQW7LNPbuM=
199,90,e1cTh87i5xAKB/pLIbejVO7IP8w=,KDm2JXwU8tq72HPFoSg56oWbNT8=
204,90,e1cTh87i5xAKB/pLIbejVO7IP8w=,UOuf7CtOZZhAPrFoxPG3zCeCX0o=
197,81,e1cTh87i5xAKB/pLIbejVO7IP8w=,x8UvBA7smEm4KM85xIQW7LNPbuM=
201,90,e1cTh87i5xAKB/pLIbejVO7IP8w=,UOuf7CtOZZhAPrFoxPG3zCeCX0o=
203,90,e1cTh87i5xAKB/pLIbejVO7IP8w=,UOuf7CtOZZhAPrFoxPG3zCeCX0o=
204,88,e1cTh87i5xAKB/pLIbejVO7IP8w=,UOuf7CtOZZhAPrFoxPG3zCeCX0o=
202,90,e1cTh87i5xAKB/pLIbejVO7IP8w=,UOuf7CtOZZhAPrFoxPG3zCeCX0o=
195,94,e1cTh87i5xAKB/pLIbejVO7IP8w=,KDm2JXwU8tq72HPFoSg56oWbNT8=
197,93,e1cTh87i5xAKB/pLIbejVO7IP8w=,KDm2JXwU8tq72HPFoSg56oWbNT8=
199,92,e1cTh87i5xAKB/pLIbejVO7IP8w=,KDm2JXwU8tq72HPFoSg56oWbNT8=
206,86,e1cTh87i5xAKB/pLIbejVO7IP8w=,qhhjo+tLcxdQnSANuANf6MwgI/Y=
204,89,e1cTh87i5xAKB/pLIbejVO7IP8w=,UOuf7CtOZZhAPrFoxPG3zCeCX0o=
198,93,e1cTh87i5xAKB/pLIbejVO7IP8w=,KDm2JXwU8tq72HPFoSg56oWbNT8=
196,91,e1cTh87i5xAKB/pLIbejVO7IP8w=,KDm2JXwU8tq72HPFoSg56oWbNT8=
193,94,e1cTh87i5xAKB/pLIbejVO7IP8w=,KDm2JXwU8tq72HPFoSg56oWbNT8=
206,89,e1cTh87i5xAKB/pLIbejVO7IP8w=,UOuf7CtOZZhAPrFoxPG3zCeCX0o=
205,84,e1cTh87i5xAKB/pLIbejVO7IP8w=,qhhjo+tLcxdQnSANuANf6MwgI/Y=
199,91,e1cTh87i5xAKB/pLIbejVO7IP8w=,KDm2JXwU8tq72HPFoSg56oWbNT8=
194,94,e1cTh87i5xAKB/pLIbejVO7IP8w=,KDm2JXwU8tq72HPFoSg56oWbNT8=
197,82,e1cTh87i5xAKB/pLIbejVO7IP8w=,x8UvBA7smEm4KM85xIQW7LNPbuM=
196,93,e1cTh87i5xAKB/pLIbejVO7IP8w=,KDm2JXwU8tq72HPFoSg56oWbNT8=
195,93,e1cTh87i5xAKB/pLIbejVO7IP8w=,KDm2JXwU8tq72HPFoSg56oWbNT8=
205,86,e1cTh87i5xAKB/pLIbejVO7IP8w=,qhhjo+tLcxdQnSANuANf6MwgI/Y=
200,90,e1cTh87i5xAKB/pLIbejVO7IP8w=,UOuf7CtOZZhAPrFoxPG3zCeCX0o=
197,91,e1cTh87i5xAKB/pLIbejVO7IP8w=,KDm2JXwU8tq72HPFoSg56oWbNT8=
194,93,e1cTh87i5xAKB/pLIbejVO7IP8w=,KDm2JXwU8tq72HPFoSg56oWbNT8=
205,88,e1cTh87i5xAKB/pLIbejVO7IP8w=,UOuf7CtOZZhAPrFoxPG3zCeCX0o=
201,86,e1cTh87i5xAKB/pLIbejVO7IP8w=,qhhjo+tLcxdQnSANuANf6MwgI/Y=
203,86,e1cTh87i5xAKB/pLIbejVO7IP8w=,qhhjo+tLcxdQnSANuANf6MwgI/Y=
202,86,e1cTh87i5xAKB/pLIbejVO7IP8w=,qhhjo+tLcxdQnSANuANf6MwgI/Y=
204,86,e1cTh87i5xAKB/pLIbejVO7IP8w=,qhhjo+tLcxdQnSANuANf6MwgI/Y=
198,92,e1cTh87i5xAKB/pLIbejVO7IP8w=,KDm2JXwU8tq72HPFoSg56oWbNT8=
197,92,e1cTh87i5xAKB/pLIbejVO7IP8w=,KDm2JXwU8tq72HPFoSg56oWbNT8=
205,89,e1cTh87i5xAKB/pLIbejVO7IP8w=,UOuf7CtOZZhAPrFoxPG3zCeCX0o=
193,93,e1cTh87i5xAKB/pLIbejVO7IP8w=,KDm2JXwU8tq72HPFoSg56oWbNT8=
198,81,e1cTh87i5xAKB/pLIbejVO7IP8w=,x8UvBA7smEm4KM85xIQW7LNPbuM=
198,91,e1cTh87i5xAKB/pLIbejVO7IP8w=,KDm2JXwU8tq72HPFoSg56oWbNT8=
204,81,e1cTh87i5xAKB/pLIbejVO7IP8w=,qhhjo+tLcxdQnSANuANf6MwgI/Y=
207,86,e1cTh87i5xAKB/pLIbejVO7IP8w=,qhhjo+tLcxdQnSANuANf6MwgI/Y=
199,85,e1cTh87i5xAKB/pLIbejVO7IP8w=,x8UvBA7smEm4KM85xIQW7LNPbuM=
207,83,e1cTh87i5xAKB/pLIbejVO7IP8w=,qhhjo+tLcxdQnSANuANf6MwgI/Y=
206,81,e1cTh87i5xAKB/pLIbejVO7IP8w=,qhhjo+tLcxdQnSANuANf6MwgI/Y=
207,82,e1cTh87i5xAKB/pLIbejVO7IP8w=,qhhjo+tLcxdQnSANuANf6MwgI/Y=
203,81,e1cTh87i5xAKB/pLIbejVO7IP8w=,qhhjo+tLcxdQnSANuANf6MwgI/Y=
205,81,e1cTh87i5xAKB/pLIbejVO7IP8w=,qhhjo+tLcxdQnSANuANf6MwgI/Y=
196,86,e1cTh87i5xAKB/pLIbejVO7IP8w=,x8UvBA7smEm4KM85xIQW7LNPbuM=
196,92,e1cTh87i5xAKB/pLIbejVO7IP8w=,KDm2JXwU8tq72HPFoSg56oWbNT8=
195,92,e1cTh87i5xAKB/pLIbejVO7IP8w=,KDm2JXwU8tq72HPFoSg56oWbNT8=
200,86,e1cTh87i5xAKB/pLIbejVO7IP8w=,qhhjo+tLcxdQnSANuANf6MwgI/Y=
195,83,e1cTh87i5xAKB/pLIbejVO7IP8w=,x8UvBA7smEm4KM85xIQW7LNPbuM=
196,84,e1cTh87i5xAKB/pLIbejVO7IP8w=,x8UvBA7smEm4KM85xIQW7LNPbuM=
206,85,e1cTh87i5xAKB/pLIbejVO7IP8w=,qhhjo+tLcxdQnSANuANf6MwgI/Y=
202,81,e1cTh87i5xAKB/pLIbejVO7IP8w=,qhhjo+tLcxdQnSANuANf6MwgI/Y=
207,84,e1cTh87i5xAKB/pLIbejVO7IP8w=,qhhjo+tLcxdQnSANuANf6MwgI/Y=
195,86,e1cTh87i5xAKB/pLIbejVO7IP8w=,x8UvBA7smEm4KM85xIQW7LNPbuM=
193,92,e1cTh87i5xAKB/pLIbejVO7IP8w=,KDm2JXwU8tq72HPFoSg56oWbNT8=
194,92,e1cTh87i5xAKB/pLIbejVO7IP8w=,KDm2JXwU8tq72HPFoSg56oWbNT8=
201,81,e1cTh87i5xAKB/pLIbejVO7IP8w=,qhhjo+tLcxdQnSANuANf6MwgI/Y=
194,87,e1cTh87i5xAKB/pLIbejVO7IP8w=,x8UvBA7smEm4KM85xIQW7LNPbuM=
205,85,e1cTh87i5xAKB/pLIbejVO7IP8w=,qhhjo+tLcxdQnSANuANf6MwgI/Y=
200,81,e1cTh87i5xAKB/pLIbejVO7IP8w=,qhhjo+tLcxdQnSANuANf6MwgI/Y=
206,84,e1cTh87i5xAKB/pLIbejVO7IP8w=,qhhjo+tLcxdQnSANuANf6MwgI/Y=
204,85,e1cTh87i5xAKB/pLIbejVO7IP8w=,qhhjo+tLcxdQnSANuANf6MwgI/Y=
195,84,e1cTh87i5xAKB/pLIbejVO7IP8w=,x8UvBA7smEm4KM85xIQW7LNPbuM=
202,85,e1cTh87i5xAKB/pLIbejVO7IP8w=,qhhjo+tLcxdQnSANuANf6MwgI/Y=
193,81,e1cTh87i5xAKB/pLIbejVO7IP8w=,x8UvBA7smEm4KM85xIQW7LNPbuM=
207,93,e1cTh87i5xAKB/pLIbejVO7IP8w=,UOuf7CtOZZhAPrFoxPG3zCeCX0o=
194,81,e1cTh87i5xAKB/pLIbejVO7IP8w=,x8UvBA7smEm4KM85xIQW7LNPbuM=
200,85,e1cTh87i5xAKB/pLIbejVO7IP8w=,qhhjo+tLcxdQnSANuANf6MwgI/Y=
194,84,e1cTh87i5xAKB/pLIbejVO7IP8w=,x8UvBA7smEm4KM85xIQW7LNPbuM=
198,82,e1cTh87i5xAKB/pLIbejVO7IP8w=,x8UvBA7smEm4KM85xIQW7LNPbuM=
193,87,e1cTh87i5xAKB/pLIbejVO7IP8w=,x8UvBA7smEm4KM85xIQW7LNPbuM=
201,85,e1cTh87i5xAKB/pLIbejVO7IP8w=,qhhjo+tLcxdQnSANuANf6MwgI/Y=
195,81,e1cTh87i5xAKB/pLIbejVO7IP8w=,x8UvBA7smEm4KM85xIQW7LNPbuM=
193,82,e1cTh87i5xAKB/pLIbejVO7IP8w=,x8UvBA7smEm4KM85xIQW7LNPbuM=
206,88,e1cTh87i5xAKB/pLIbejVO7IP8w=,UOuf7CtOZZhAPrFoxPG3zCeCX0o=
207,85,e1cTh87i5xAKB/pLIbejVO7IP8w=,qhhjo+tLcxdQnSANuANf6MwgI/Y=
203,85,e1cTh87i5xAKB/pLIbejVO7IP8w=,qhhjo+tLcxdQnSANuANf6MwgI/Y=
207,94,e1cTh87i5xAKB/pLIbejVO7IP8w=,UOuf7CtOZZhAPrFoxPG3zCeCX0o=
207,81,e1cTh87i5xAKB/pLIbejVO7IP8w=,qhhjo+tLcxdQnSANuANf6MwgI/Y=
199,82,e1cTh87i5xAKB/pLIbejVO7IP8w=,x8UvBA7smEm4KM85xIQW7LNPbuM=
207,87,e1cTh87i5xAKB/pLIbejVO7IP8w=,qhhjo+tLcxdQnSANuANf6MwgI/Y=
198,83,e1cTh87i5xAKB/pLIbejVO7IP8w=,x8UvBA7smEm4KM85xIQW7LNPbuM=
196,83,e1cTh87i5xAKB/pLIbejVO7IP8w=,x8UvBA7smEm4KM85xIQW7LNPbuM=
199,81,e1cTh87i5xAKB/pLIbejVO7IP8w=,x8UvBA7smEm4KM85xIQW7LNPbuM=
207,92,e1cTh87i5xAKB/pLIbejVO7IP8w=,UOuf7CtOZZhAPrFoxPG3zCeCX0o=
207,91,e1cTh87i5xAKB/pLIbejVO7IP8w=,UOuf7CtOZZhAPrFoxPG3zCeCX0o=
207,90,e1cTh87i5xAKB/pLIbejVO7IP8w=,UOuf7CtOZZhAPrFoxPG3zCeCX0o=
207,89,e1cTh87i5xAKB/pLIbejVO7IP8w=,UOuf7CtOZZhAPrFoxPG3zCeCX0o=
193,84,e1cTh87i5xAKB/pLIbejVO7IP8w=,x8UvBA7smEm4KM85xIQW7LNPbuM=
193,83,e1cTh87i5xAKB/pLIbejVO7IP8w=,x8UvBA7smEm4KM85xIQW7LNPbuM=
201,95,e1cTh87i5xAKB/pLIbejVO7IP8w=,UOuf7CtOZZhAPrFoxPG3zCeCX0o=
205,95,e1cTh87i5xAKB/pLIbejVO7IP8w=,UOuf7CtOZZhAPrFoxPG3zCeCX0o=
207,88,e1cTh87i5xAKB/pLIbejVO7IP8w=,UOuf7CtOZZhAPrFoxPG3zCeCX0o=
195,95,e1cTh87i5xAKB/pLIbejVO7IP8w=,KDm2JXwU8tq72HPFoSg56oWbNT8=
194,95,e1cTh87i5xAKB/pLIbejVO7IP8w=,KDm2JXwU8tq72HPFoSg56oWbNT8=
193,95,e1cTh87i5xAKB/pLIbejVO7IP8w=,KDm2JXwU8tq72HPFoSg56oWbNT8=
197,85,e1cTh87i5xAKB/pLIbejVO7IP8w=,x8UvBA7smEm4KM85xIQW7LNPbuM=
206,95,e1cTh87i5xAKB/pLIbejVO7IP8w=,UOuf7CtOZZhAPrFoxPG3zCeCX0o=
196,95,e1cTh87i5xAKB/pLIbejVO7IP8w=,KDm2JXwU8tq72HPFoSg56oWbNT8=
196,85,e1cTh87i5xAKB/pLIbejVO7IP8w=,x8UvBA7smEm4KM85xIQW7LNPbuM=
193,86,e1cTh87i5xAKB/pLIbejVO7IP8w=,x8UvBA7smEm4KM85xIQW7LNPbuM=
200,95,e1cTh87i5xAKB/pLIbejVO7IP8w=,UOuf7CtOZZhAPrFoxPG3zCeCX0o=
194,85,e1cTh87i5xAKB/pLIbejVO7IP8w=,x8UvBA7smEm4KM85xIQW7LNPbuM=
192,89,e1cTh87i5xAKB/pLIbejVO7IP8w=,KDm2JXwU8tq72HPFoSg56oWbNT8=
197,83,e1cTh87i5xAKB/pLIbejVO7IP8w=,x8UvBA7smEm4KM85xIQW7LNPbuM=
194,86,e1cTh87i5xAKB/pLIbejVO7IP8w=,x8UvBA7smEm4KM85xIQW7LNPbuM=
195,85,e1cTh87i5xAKB/pLIbejVO7IP8w=,x8UvBA7smEm4KM85xIQW7LNPbuM=
199,95,e1cTh87i5xAKB/pLIbejVO7IP8w=,KDm2JXwU8tq72HPFoSg56oWbNT8=
197,95,e1cTh87i5xAKB/pLIbejVO7IP8w=,KDm2JXwU8tq72HPFoSg56oWbNT8=
193,85,e1cTh87i5xAKB/pLIbejVO7IP8w=,x8UvBA7smEm4KM85xIQW7LNPbuM=
202,95,e1cTh87i5xAKB/pLIbejVO7IP8w=,UOuf7CtOZZhAPrFoxPG3zCeCX0o=
196,80,e1cTh87i5xAKB/pLIbejVO7IP8w=,x8UvBA7smEm4KM85xIQW7LNPbuM=
204,95,e1cTh87i5xAKB/pLIbejVO7IP8w=,UOuf7CtOZZhAPrFoxPG3zCeCX0o=
203,95,e1cTh87i5xAKB/pLIbejVO7IP8w=,UOuf7CtOZZhAPrFoxPG3zCeCX0o=
195,80,e1cTh87i5xAKB/pLIbejVO7IP8w=,x8UvBA7smEm4KM85xIQW7LNPbuM=
198,95,e1cTh87i5xAKB/pLIbejVO7IP8w=,KDm2JXwU8tq72HPFoSg56oWbNT8=
193,80,e1cTh87i5xAKB/pLIbejVO7IP8w=,x8UvBA7smEm4KM85xIQW7LNPbuM=
192,87,e1cTh87i5xAKB/pLIbejVO7IP8w=,x8UvBA7smEm4KM85xIQW7LNPbuM=
192,90,e1cTh87i5xAKB/pLIbejVO7IP8w=,KDm2JXwU8tq72HPFoSg56oWbNT8=
192,88,e1cTh87i5xAKB/pLIbejVO7IP8w=,KDm2JXwU8tq72HPFoSg56oWbNT8=
194,80,e1cTh87i5xAKB/pLIbejVO7IP8w=,x8UvBA7smEm4KM85xIQW7LNPbuM=
197,80,e1cTh87i5xAKB/pLIbejVO7IP8w=,x8UvBA7smEm4KM85xIQW7LNPbuM=
192,93,e1cTh87i5xAKB/pLIbejVO7IP8w=,KDm2JXwU8tq72HPFoSg56oWbNT8=
192,81,e1cTh87i5xAKB/pLIbejVO7IP8w=,x8UvBA7smEm4KM85xIQW7LNPbuM=
207,80,e1cTh87i5xAKB/pLIbejVO7IP8w=,qhhjo+tLcxdQnSANuANf6MwgI/Y=
199,80,e1cTh87i5xAKB/pLIbejVO7IP8w=,x8UvBA7smEm4KM85xIQW7LNPbuM=
192,85,e1cTh87i5xAKB/pLIbejVO7IP8w=,x8UvBA7smEm4KM85xIQW7LNPbuM=
198,80,e1cTh87i5xAKB/pLIbejVO7IP8w=,x8UvBA7smEm4KM85xIQW7LNPbuM=
200,80,e1cTh87i5xAKB/pLIbejVO7IP8w=,qhhjo+tLcxdQnSANuANf6MwgI/Y=
192,86,e1cTh87i5xAKB/pLIbejVO7IP8w=,x8UvBA7smEm4KM85xIQW7LNPbuM=
192,94,e1cTh87i5xAKB/pLIbejVO7IP8w=,KDm2JXwU8tq72HPFoSg56oWbNT8=
192,83,e1cTh87i5xAKB/pLIbejVO7IP8w=,x8UvBA7smEm4KM85xIQW7LNPbuM=
192,82,e1cTh87i5xAKB/pLIbejVO7IP8w=,x8UvBA7smEm4KM85xIQW7LNPbuM=
203,80,e1cTh87i5xAKB/pLIbejVO7IP8w=,qhhjo+tLcxdQnSANuANf6MwgI/Y=
205,80,e1cTh87i5xAKB/pLIbejVO7IP8w=,qhhjo+tLcxdQnSANuANf6MwgI/Y=
192,91,e1cTh87i5xAKB/pLIbejVO7IP8w=,KDm2JXwU8tq72HPFoSg56oWbNT8=
192,92,e1cTh87i5xAKB/pLIbejVO7IP8w=,KDm2JXwU8tq72HPFoSg56oWbNT8=
192,84,e1cTh87i5xAKB/pLIbejVO7IP8w=,x8UvBA7smEm4KM85xIQW7LNPbuM=
206,80,e1cTh87i5xAKB/pLIbejVO7IP8w=,qhhjo+tLcxdQnSANuANf6MwgI/Y=
204,80,e1cTh87i5xAKB/pLIbejVO7IP8w=,qhhjo+tLcxdQnSANuANf6MwgI/Y=
201,80,e1cTh87i5xAKB/pLIbejVO7IP8w=,qhhjo+tLcxdQnSANuANf6MwgI/Y=
192,95,e1cTh87i5xAKB/pLIbejVO7IP8w=,KDm2JXwU8tq72HPFoSg56oWbNT8=
202,80,e1cTh87i5xAKB/pLIbejVO7IP8w=,qhhjo+tLcxdQnSANuANf6MwgI/Y=
207,95,e1cTh87i5xAKB/pLIbejVO7IP8w=,UOuf7CtOZZhAPrFoxPG3zCeCX0o=
192,80,e1cTh87i5xAKB/pLIbejVO7IP8w=,x8UvBA7smEm4KM85xIQW7LNPbuM=
214,83,0lCaZBQkTyzn+xVFG1Z4gWpPt68=,8iHUhc67GKczw6UbhPp9UBYumjU=
210,85,0lCaZBQkTyzn+xVFG1Z4gWpPt68=,8iHUhc67GKczw6UbhPp9UBYumjU=
213,84,0lCaZBQkTyzn+xVFG1Z4gWpPt68=,8iHUhc67GKczw6UbhPp9UBYumjU=
209,85,0lCaZBQkTyzn+xVFG1Z4gWpPt68=,8iHUhc67GKczw6UbhPp9UBYumjU=
211,85,0lCaZBQkTyzn+xVFG1Z4gWpPt68=,8iHUhc67GKczw6UbhPp9UBYumjU=
213,83,0lCaZBQkTyzn+xVFG1Z4gWpPt68=,8iHUhc67GKczw6UbhPp9UBYumjU=
211,84,0lCaZBQkTyzn+xVFG1Z4gWpPt68=,8iHUhc67GKczw6UbhPp9UBYumjU=
214,81,0lCaZBQkTyzn+xVFG1Z4gWpPt68=,8iHUhc67GKczw6UbhPp9UBYumjU=
209,81,0lCaZBQkTyzn+xVFG1Z4gWpPt68=,8iHUhc67GKczw6UbhPp9UBYumjU=
210,84,0lCaZBQkTyzn+xVFG1Z4gWpPt68=,8iHUhc67GKczw6UbhPp9UBYumjU=
212,84,0lCaZBQkTyzn+xVFG1Z4gWpPt68=,8iHUhc67GKczw6UbhPp9UBYumjU=
212,83,0lCaZBQkTyzn+xVFG1Z4gWpPt68=,8iHUhc67GKczw6UbhPp9UBYumjU=
213,81,0lCaZBQkTyzn+xVFG1Z4gWpPt68=,8iHUhc67GKczw6UbhPp9UBYumjU=
211,83,0lCaZBQkTyzn+xVFG1Z4gWpPt68=,8iHUhc67GKczw6UbhPp9UBYumjU=
212,81,0lCaZBQkTyzn+xVFG1Z4gWpPt68=,8iHUhc67GKczw6UbhPp9UBYumjU=
210,83,0lCaZBQkTyzn+xVFG1Z4gWpPt68=,8iHUhc67GKczw6UbhPp9UBYumjU=
209,83,0lCaZBQkTyzn+xVFG1Z4gWpPt68=,8iHUhc67GKczw6UbhPp9UBYumjU=
220,93,0lCaZBQkTyzn+xVFG1Z4gWpPt68=,gDEOaiCBXTuU8rSCRSa56h75wLM=
211,81,0lCaZBQkTyzn+xVFG1Z4gWpPt68=,8iHUhc67GKczw6UbhPp9UBYumjU=
214,86,0lCaZBQkTyzn+xVFG1Z4gWpPt68=,8iHUhc67GKczw6UbhPp9UBYumjU=
212,86,0lCaZBQkTyzn+xVFG1Z4gWpPt68=,8iHUhc67GKczw6UbhPp9UBYumjU=
213,86,0lCaZBQkTyzn+xVFG1Z4gWpPt68=,8iHUhc67GKczw6UbhPp9UBYumjU=
221,93,0lCaZBQkTyzn+xVFG1Z4gWpPt68=,gDEOaiCBXTuU8rSCRSa56h75wLM=
222,92,0lCaZBQkTyzn+xVFG1Z4gWpPt68=,gDEOaiCBXTuU8rSCRSa56h75wLM=
219,93,0lCaZBQkTyzn+xVFG1Z4gWpPt68=,gDEOaiCBXTuU8rSCRSa56h75wLM=
217,93,89BRwftxd2LywwX8JFMluGimgeM=,gDEOaiCBXTuU8rSCRSa56h75wLM=
218,93,89BRwftxd2LywwX8JFMluGimgeM=,gDEOaiCBXTuU8rSCRSa56h75wLM=
215,83,89BRwftxd2LywwX8JFMluGimgeM=,8iHUhc67GKczw6UbhPp9UBYumjU=
218,92,89BRwftxd2LywwX8JFMluGimgeM=,gDEOaiCBXTuU8rSCRSa56h75wLM=
221,92,89BRwftxd2LywwX8JFMluGimgeM=,gDEOaiCBXTuU8rSCRSa56h75wLM=
217,92,89BRwftxd2LywwX8JFMluGimgeM=,gDEOaiCBXTuU8rSCRSa56h75wLM=
222,93,89BRwftxd2LywwX8JFMluGimgeM=,gDEOaiCBXTuU8rSCRSa56h75wLM=
220,92,89BRwftxd2LywwX8JFMluGimgeM=,gDEOaiCBXTuU8rSCRSa56h75wLM=
219,91,89BRwftxd2LywwX8JFMluGimgeM=,gDEOaiCBXTuU8rSCRSa56h75wLM=
217,83,89BRwftxd2LywwX8JFMluGimgeM=,DyZ2Z00csC0oyVO+ByIprIY/rPY=
220,91,89BRwftxd2LywwX8JFMluGimgeM=,gDEOaiCBXTuU8rSCRSa56h75wLM=
219,83,89BRwftxd2LywwX8JFMluGimgeM=,DyZ2Z00csC0oyVO+ByIprIY/rPY=
220,83,89BRwftxd2LywwX8JFMluGimgeM=,DyZ2Z00csC0oyVO+ByIprIY/rPY=
212,91,89BRwftxd2LywwX8JFMluGimgeM=,kpr8JoiD4dmAmnbeNZus/EQz8YY=
221,91,89BRwftxd2LywwX8JFMluGimgeM=,gDEOaiCBXTuU8rSCRSa56h75wLM=
219,92,89BRwftxd2LywwX8JFMluGimgeM=,gDEOaiCBXTuU8rSCRSa56h75wLM=
217,91,89BRwftxd2LywwX8JFMluGimgeM=,gDEOaiCBXTuU8rSCRSa56h75wLM=
222,91,89BRwftxd2LywwX8JFMluGimgeM=,gDEOaiCBXTuU8rSCRSa56h75wLM=
217,94,89BRwftxd2LywwX8JFMluGimgeM=,gDEOaiCBXTuU8rSCRSa56h75wLM=
218,83,89BRwftxd2LywwX8JFMluGimgeM=,DyZ2Z00csC0oyVO+ByIprIY/rPY=
222,90,89BRwftxd2LywwX8JFMluGimgeM=,gDEOaiCBXTuU8rSCRSa56h75wLM=
211,91,89BRwftxd2LywwX8JFMluGimgeM=,kpr8JoiD4dmAmnbeNZus/EQz8YY=
211,86,89BRwftxd2LywwX8JFMluGimgeM=,8iHUhc67GKczw6UbhPp9UBYumjU=
221,90,89BRwftxd2LywwX8JFMluGimgeM=,gDEOaiCBXTuU8rSCRSa56h75wLM=
216,93,89BRwftxd2LywwX8JFMluGimgeM=,gDEOaiCBXTuU8rSCRSa56h75wLM=
221,83,89BRwftxd2LywwX8JFMluGimgeM=,DyZ2Z00csC0oyVO+ByIprIY/rPY=
213,91,89BRwftxd2LywwX8JFMluGimgeM=,kpr8JoiD4dmAmnbeNZus/EQz8YY=
220,90,89BRwftxd2LywwX8JFMluGimgeM=,gDEOaiCBXTuU8rSCRSa56h75wLM=
218,91,89BRwftxd2LywwX8JFMluGimgeM=,gDEOaiCBXTuU8rSCRSa56h75wLM=
216,92,89BRwftxd2LywwX8JFMluGimgeM=,gDEOaiCBXTuU8rSCRSa56h75wLM=
210,91,89BRwftxd2LywwX8JFMluGimgeM=,kpr8JoiD4dmAmnbeNZus/EQz8YY=
217,89,89BRwftxd2LywwX8JFMluGimgeM=,gDEOaiCBXTuU8rSCRSa56h75wLM=
216,83,89BRwftxd2LywwX8JFMluGimgeM=,DyZ2Z00csC0oyVO+ByIprIY/rPY=
218,90,89BRwftxd2LywwX8JFMluGimgeM=,gDEOaiCBXTuU8rSCRSa56h75wLM=
221,87,89BRwftxd2LywwX8JFMluGimgeM=,DyZ2Z00csC0oyVO+ByIprIY/rPY=
221,82,89BRwftxd2LywwX8JFMluGimgeM=,DyZ2Z00csC0oyVO+ByIprIY/rPY=
219,90,89BRwftxd2LywwX8JFMluGimgeM=,gDEOaiCBXTuU8rSCRSa56h75wLM=
222,94,89BRwftxd2LywwX8JFMluGimgeM=,gDEOaiCBXTuU8rSCRSa56h75wLM=
214,91,89BRwftxd2LywwX8JFMluGimgeM=,kpr8JoiD4dmAmnbeNZus/EQz8YY=
222,83,89BRwftxd2LywwX8JFMluGimgeM=,DyZ2Z00csC0oyVO+ByIprIY/rPY=
222,82,89BRwftxd2LywwX8JFMluGimgeM=,DyZ2Z00csC0oyVO+ByIprIY/rPY=
209,91,89BRwftxd2LywwX8JFMluGimgeM=,kpr8JoiD4dmAmnbeNZus/EQz8YY=
221,89,89BRwftxd2LywwX8JFMluGimgeM=,gDEOaiCBXTuU8rSCRSa56h75wLM=
222,87,89BRwftxd2LywwX8JFMluGimgeM=,DyZ2Z00csC0oyVO+ByIprIY/rPY=
220,82,89BRwftxd2LywwX8JFMluGimgeM=,DyZ2Z00csC0oyVO+ByIprIY/rPY=
217,90,89BRwftxd2LywwX8JFMluGimgeM=,gDEOaiCBXTuU8rSCRSa56h75wLM=
222,89,89BRwftxd2LywwX8JFMluGimgeM=,gDEOaiCBXTuU8rSCRSa56h75wLM=
210,81,89BRwftxd2LywwX8JFMluGimgeM=,8iHUhc67GKczw6UbhPp9UBYumjU=
218,82,89BRwftxd2LywwX8JFMluGimgeM=,DyZ2Z00csC0oyVO+ByIprIY/rPY=
219,82,89BRwftxd2LywwX8JFMluGimgeM=,DyZ2Z00csC0oyVO+ByIprIY/rPY=
215,91,89BRwftxd2LywwX8JFMluGimgeM=,kpr8JoiD4dmAmnbeNZus/EQz8YY=
220,87,89BRwftxd2LywwX8JFMluGimgeM=,DyZ2Z00csC0oyVO+ByIprIY/rPY=
220,89,89BRwftxd2LywwX8JFMluGimgeM=,gDEOaiCBXTuU8rSCRSa56h75wLM=
217,82,89BRwftxd2LywwX8JFMluGimgeM=,DyZ2Z00csC0oyVO+ByIprIY/rPY=
209,86,89BRwftxd2LywwX8JFMluGimgeM=,8iHUhc67GKczw6UbhPp9UBYumjU=
219,94,89BRwftxd2LywwX8JFMluGimgeM=,gDEOaiCBXTuU8rSCRSa56h75wLM=
221,94,89BRwftxd2LywwX8JFMluGimgeM=,gDEOaiCBXTuU8rSCRSa56h75wLM=
215,84,89BRwftxd2LywwX8JFMluGimgeM=,8iHUhc67GKczw6UbhPp9UBYumjU=
220,94,89BRwftxd2LywwX8JFMluGimgeM=,gDEOaiCBXTuU8rSCRSa56h75wLM=
216,82,89BRwftxd2LywwX8JFMluGimgeM=,DyZ2Z00csC0oyVO+ByIprIY/rPY=
215,90,89BRwftxd2LywwX8JFMluGimgeM=,kpr8JoiD4dmAmnbeNZus/EQz8YY=
218,94,89BRwftxd2LywwX8JFMluGimgeM=,gDEOaiCBXTuU8rSCRSa56h75wLM=
213,85,89BRwftxd2LywwX8JFMluGimgeM=,8iHUhc67GKczw6UbhPp9UBYumjU=
214,90,89BRwftxd2LywwX8JFMluGimgeM=,kpr8JoiD4dmAmnbeNZus/EQz8YY=
214,85,89BRwftxd2LywwX8JFMluGimgeM=,8iHUhc67GKczw6UbhPp9UBYumjU=
219,89,89BRwftxd2LywwX8JFMluGimgeM=,gDEOaiCBXTuU8rSCRSa56h75wLM=
218,89,89BRwftxd2LywwX8JFMluGimgeM=,gDEOaiCBXTuU8rSCRSa56h75wLM=
209,92,89BRwftxd2LywwX8JFMluGimgeM=,kpr8JoiD4dmAmnbeNZus/EQz8YY=
213,90,89BRwftxd2LywwX8JFMluGimgeM=,kpr8JoiD4dmAmnbeNZus/EQz8YY=
216,84,89BRwftxd2LywwX8JFMluGimgeM=,DyZ2Z00csC0oyVO+ByIprIY/rPY=
212,90,89BRwftxd2LywwX8JFMluGimgeM=,kpr8JoiD4dmAmnbeNZus/EQz8YY=
209,84,89BRwftxd2LywwX8JFMluGimgeM=,8iHUhc67GKczw6UbhPp9UBYumjU=
216,88,89BRwftxd2LywwX8JFMluGimgeM=,gDEOaiCBXTuU8rSCRSa56h75wLM=
217,84,89BRwftxd2LywwX8JFMluGimgeM=,DyZ2Z00csC0oyVO+ByIprIY/rPY=
209,82,89BRwftxd2LywwX8JFMluGimgeM=,8iHUhc67GKczw6UbhPp9UBYumjU=
214,84,89BRwftxd2LywwX8JFMluGimgeM=,8iHUhc67GKczw6UbhPp9UBYumjU=
211,82,89BRwftxd2LywwX8JFMluGimgeM=,8iHUhc67GKczw6UbhPp9UBYumjU=
210,82,89BRwftxd2LywwX8JFMluGimgeM=,8iHUhc67GKczw6UbhPp9UBYumjU=
210,92,89BRwftxd2LywwX8JFMluGimgeM=,kpr8JoiD4dmAmnbeNZus/EQz8YY=
210,86,89BRwftxd2LywwX8JFMluGimgeM=,8iHUhc67GKczw6UbhPp9UBYumjU=
218,84,89BRwftxd2LywwX8JFMluGimgeM=,DyZ2Z00csC0oyVO+ByIprIY/rPY=
213,82,89BRwftxd2LywwX8JFMluGimgeM=,8iHUhc67GKczw6UbhPp9UBYumjU=
214,82,89BRwftxd2LywwX8JFMluGimgeM=,8iHUhc67GKczw6UbhPp9UBYumjU=
212,85,89BRwftxd2LywwX8JFMluGimgeM=,8iHUhc67GKczw6UbhPp9UBYumjU=
223,83,89BRwftxd2LywwX8JFMluGimgeM=,DyZ2Z00csC0oyVO+ByIprIY/rPY=
212,82,89BRwftxd2LywwX8JFMluGimgeM=,8iHUhc67GKczw6UbhPp9UBYumjU=
216,94,89BRwftxd2LywwX8JFMluGimgeM=,gDEOaiCBXTuU8rSCRSa56h75wLM=
218,87,89BRwftxd2LywwX8JFMluGimgeM=,DyZ2Z00csC0oyVO+ByIprIY/rPY=
215,81,89BRwftxd2LywwX8JFMluGimgeM=,8iHUhc67GKczw6UbhPp9UBYumjU=
219,87,89BRwftxd2LywwX8JFMluGimgeM=,DyZ2Z00csC0oyVO+ByIprIY/rPY=
223,84,89BRwftxd2LywwX8JFMluGimgeM=,DyZ2Z00csC0oyVO+ByIprIY/rPY=
217,88,89BRwftxd2LywwX8JFMluGimgeM=,gDEOaiCBXTuU8rSCRSa56h75wLM=
211,92,89BRwftxd2LywwX8JFMluGimgeM=,kpr8JoiD4dmAmnbeNZus/EQz8YY=
222,81,89BRwftxd2LywwX8JFMluGimgeM=,DyZ2Z00csC0oyVO+ByIprIY/rPY=
221,81,89BRwftxd2LywwX8JFMluGimgeM=,DyZ2Z00csC0oyVO+ByIprIY/rPY=
219,84,89BRwftxd2LywwX8JFMluGimgeM=,DyZ2Z00csC0oyVO+ByIprIY/rPY=
220,81,89BRwftxd2LywwX8JFMluGimgeM=,DyZ2Z00csC0oyVO+ByIprIY/rPY=
223,93,89BRwftxd2LywwX8JFMluGimgeM=,gDEOaiCBXTuU8rSCRSa56h75wLM=
212,92,89BRwftxd2LywwX8JFMluGimgeM=,kpr8JoiD4dmAmnbeNZus/EQz8YY=
219,81,89BRwftxd2LywwX8JFMluGimgeM=,DyZ2Z00csC0oyVO+ByIprIY/rPY=
218,88,89BRwftxd2LywwX8JFMluGimgeM=,gDEOaiCBXTuU8rSCRSa56h75wLM=
218,81,89BRwftxd2LywwX8JFMluGimgeM=,DyZ2Z00csC0oyVO+ByIprIY/rPY=
217,81,89BRwftxd2LywwX8JFMluGimgeM=,DyZ2Z00csC0oyVO+ByIprIY/rPY=
216,89,89BRwftxd2LywwX8JFMluGimgeM=,gDEOaiCBXTuU8rSCRSa56h75wLM=
223,85,89BRwftxd2LywwX8JFMluGimgeM=,DyZ2Z00csC0oyVO+ByIprIY/rPY=
223,88,89BRwftxd2LywwX8JFMluGimgeM=,gDEOaiCBXTuU8rSCRSa56h75wLM=
219,88,89BRwftxd2LywwX8JFMluGimgeM=,gDEOaiCBXTuU8rSCRSa56h75wLM=
223,87,89BRwftxd2LywwX8JFMluGimgeM=,DyZ2Z00csC0oyVO+ByIprIY/rPY=
216,87,89BRwftxd2LywwX8JFMluGimgeM=,DyZ2Z00csC0oyVO+ByIprIY/rPY=
223,92,89BRwftxd2LywwX8JFMluGimgeM=,gDEOaiCBXTuU8rSCRSa56h75wLM=
213,92,89BRwftxd2LywwX8JFMluGimgeM=,kpr8JoiD4dmAmnbeNZus/EQz8YY=
223,89,89BRwftxd2LywwX8JFMluGimgeM=,gDEOaiCBXTuU8rSCRSa56h75wLM=
220,88,89BRwftxd2LywwX8JFMluGimgeM=,gDEOaiCBXTuU8rSCRSa56h75wLM=
223,86,89BRwftxd2LywwX8JFMluGimgeM=,DyZ2Z00csC0oyVO+ByIprIY/rPY=
223,82,89BRwftxd2LywwX8JFMluGimgeM=,DyZ2Z00csC0oyVO+ByIprIY/rPY=
216,81,89BRwftxd2LywwX8JFMluGimgeM=,DyZ2Z00csC0oyVO+ByIprIY/rPY=
217,87,89BRwftxd2LywwX8JFMluGimgeM=,DyZ2Z00csC0oyVO+ByIprIY/rPY=
215,85,89BRwftxd2LywwX8JFMluGimgeM=,8iHUhc67GKczw6UbhPp9UBYumjU=
214,92,89BRwftxd2LywwX8JFMluGimgeM=,kpr8JoiD4dmAmnbeNZus/EQz8YY=
223,94,89BRwftxd2LywwX8JFMluGimgeM=,gDEOaiCBXTuU8rSCRSa56h75wLM=
223,81,89BRwftxd2LywwX8JFMluGimgeM=,DyZ2Z00csC0oyVO+ByIprIY/rPY=
221,86,89BRwftxd2LywwX8JFMluGimgeM=,DyZ2Z00csC0oyVO+ByIprIY/rPY=
221,88,89BRwftxd2LywwX8JFMluGimgeM=,gDEOaiCBXTuU8rSCRSa56h75wLM=
215,92,89BRwftxd2LywwX8JFMluGimgeM=,kpr8JoiD4dmAmnbeNZus/EQz8YY=
220,86,89BRwftxd2LywwX8JFMluGimgeM=,DyZ2Z00csC0oyVO+ByIprIY/rPY=
223,90,89BRwftxd2LywwX8JFMluGimgeM=,gDEOaiCBXTuU8rSCRSa56h75wLM=
222,86,89BRwftxd2LywwX8JFMluGimgeM=,DyZ2Z00csC0oyVO+ByIprIY/rPY=
218,86,89BRwftxd2LywwX8JFMluGimgeM=,DyZ2Z00csC0oyVO+ByIprIY/rPY=
209,93,89BRwftxd2LywwX8JFMluGimgeM=,kpr8JoiD4dmAmnbeNZus/EQz8YY=
222,88,89BRwftxd2LywwX8JFMluGimgeM=,gDEOaiCBXTuU8rSCRSa56h75wLM=
223,91,89BRwftxd2LywwX8JFMluGimgeM=,gDEOaiCBXTuU8rSCRSa56h75wLM=
217,95,89BRwftxd2LywwX8JFMluGimgeM=,gDEOaiCBXTuU8rSCRSa56h75wLM=
219,86,89BRwftxd2LywwX8JFMluGimgeM=,DyZ2Z00csC0oyVO+ByIprIY/rPY=
220,84,89BRwftxd2LywwX8JFMluGimgeM=,DyZ2Z00csC0oyVO+ByIprIY/rPY=
216,95,89BRwftxd2LywwX8JFMluGimgeM=,gDEOaiCBXTuU8rSCRSa56h75wLM=
210,93,89BRwftxd2LywwX8JFMluGimgeM=,kpr8JoiD4dmAmnbeNZus/EQz8YY=
218,95,89BRwftxd2LywwX8JFMluGimgeM=,gDEOaiCBXTuU8rSCRSa56h75wLM=
215,82,89BRwftxd2LywwX8JFMluGimgeM=,8iHUhc67GKczw6UbhPp9UBYumjU=
209,95,89BRwftxd2LywwX8JFMluGimgeM=,kpr8JoiD4dmAmnbeNZus/EQz8YY=
221,84,89BRwftxd2LywwX8JFMluGimgeM=,DyZ2Z00csC0oyVO+ByIprIY/rPY=
216,86,89BRwftxd2LywwX8JFMluGimgeM=,DyZ2Z00csC0oyVO+ByIprIY/rPY=
217,86,89BRwftxd2LywwX8JFMluGimgeM=,DyZ2Z00csC0oyVO+ByIprIY/rPY=
211,93,89BRwftxd2LywwX8JFMluGimgeM=,kpr8JoiD4dmAmnbeNZus/EQz8YY=
210,95,89BRwftxd2LywwX8JFMluGimgeM=,kpr8JoiD4dmAmnbeNZus/EQz8YY=
211,95,89BRwftxd2LywwX8JFMluGimgeM=,kpr8JoiD4dmAmnbeNZus/EQz8YY=
220,95,89BRwftxd2LywwX8JFMluGimgeM=,gDEOaiCBXTuU8rSCRSa56h75wLM=
222,84,89BRwftxd2LywwX8JFMluGimgeM=,DyZ2Z00csC0oyVO+ByIprIY/rPY=
222,95,89BRwftxd2LywwX8JFMluGimgeM=,gDEOaiCBXTuU8rSCRSa56h75wLM=
212,95,89BRwftxd2LywwX8JFMluGimgeM=,kpr8JoiD4dmAmnbeNZus/EQz8YY=
219,95,89BRwftxd2LywwX8JFMluGimgeM=,gDEOaiCBXTuU8rSCRSa56h75wLM=
221,95,89BRwftxd2LywwX8JFMluGimgeM=,gDEOaiCBXTuU8rSCRSa56h75wLM=
209,87,89BRwftxd2LywwX8JFMluGimgeM=,8iHUhc67GKczw6UbhPp9UBYumjU=
213,95,89BRwftxd2LywwX8JFMluGimgeM=,kpr8JoiD4dmAmnbeNZus/EQz8YY=
214,95,89BRwftxd2LywwX8JFMluGimgeM=,kpr8JoiD4dmAmnbeNZus/EQz8YY=
215,86,89BRwftxd2LywwX8JFMluGimgeM=,8iHUhc67GKczw6UbhPp9UBYumjU=
221,85,89BRwftxd2LywwX8JFMluGimgeM=,DyZ2Z00csC0oyVO+ByIprIY/rPY=
208,92,89BRwftxd2LywwX8JFMluGimgeM=,kpr8JoiD4dmAmnbeNZus/EQz8YY=
215,95,89BRwftxd2LywwX8JFMluGimgeM=,kpr8JoiD4dmAmnbeNZus/EQz8YY=
210,87,89BRwftxd2LywwX8JFMluGimgeM=,8iHUhc67GKczw6UbhPp9UBYumjU=
222,85,89BRwftxd2LywwX8JFMluGimgeM=,DyZ2Z00csC0oyVO+ByIprIY/rPY=
216,85,89BRwftxd2LywwX8JFMluGimgeM=,DyZ2Z00csC0oyVO+ByIprIY/rPY=
219,85,89BRwftxd2LywwX8JFMluGimgeM=,DyZ2Z00csC0oyVO+ByIprIY/rPY=
220,85,89BRwftxd2LywwX8JFMluGimgeM=,DyZ2Z00csC0oyVO+ByIprIY/rPY=
212,93,89BRwftxd2LywwX8JFMluGimgeM=,kpr8JoiD4dmAmnbeNZus/EQz8YY=
208,93,89BRwftxd2LywwX8JFMluGimgeM=,kpr8JoiD4dmAmnbeNZus/EQz8YY=
218,85,89BRwftxd2LywwX8JFMluGimgeM=,DyZ2Z00csC0oyVO+ByIprIY/rPY=
217,85,89BRwftxd2LywwX8JFMluGimgeM=,DyZ2Z00csC0oyVO+ByIprIY/rPY=
208,94,89BRwftxd2LywwX8JFMluGimgeM=,kpr8JoiD4dmAmnbeNZus/EQz8YY=
216,90,89BRwftxd2LywwX8JFMluGimgeM=,gDEOaiCBXTuU8rSCRSa56h75wLM=
211,90,89BRwftxd2LywwX8JFMluGimgeM=,kpr8JoiD4dmAmnbeNZus/EQz8YY=
215,89,89BRwftxd2LywwX8JFMluGimgeM=,kpr8JoiD4dmAmnbeNZus/EQz8YY=
209,90,89BRwftxd2LywwX8JFMluGimgeM=,kpr8JoiD4dmAmnbeNZus/EQz8YY=
212,80,89BRwftxd2LywwX8JFMluGimgeM=,8iHUhc67GKczw6UbhPp9UBYumjU=
208,84,89BRwftxd2LywwX8JFMluGimgeM=,8iHUhc67GKczw6UbhPp9UBYumjU=
208,89,89BRwftxd2LywwX8JFMluGimgeM=,kpr8JoiD4dmAmnbeNZus/EQz8YY=
210,90,89BRwftxd2LywwX8JFMluGimgeM=,kpr8JoiD4dmAmnbeNZus/EQz8YY=
213,93,89BRwftxd2LywwX8JFMluGimgeM=,kpr8JoiD4dmAmnbeNZus/EQz8YY=
214,89,89BRwftxd2LywwX8JFMluGimgeM=,kpr8JoiD4dmAmnbeNZus/EQz8YY=
212,89,89BRwftxd2LywwX8JFMluGimgeM=,kpr8JoiD4dmAmnbeNZus/EQz8YY=
208,81,89BRwftxd2LywwX8JFMluGimgeM=,8iHUhc67GKczw6UbhPp9UBYumjU=
209,80,89BRwftxd2LywwX8JFMluGimgeM=,8iHUhc67GKczw6UbhPp9UBYumjU=
208,90,89BRwftxd2LywwX8JFMluGimgeM=,kpr8JoiD4dmAmnbeNZus/EQz8YY=
213,89,89BRwftxd2LywwX8JFMluGimgeM=,kpr8JoiD4dmAmnbeNZus/EQz8YY=
215,94,89BRwftxd2LywwX8JFMluGimgeM=,kpr8JoiD4dmAmnbeNZus/EQz8YY=
208,85,89BRwftxd2LywwX8JFMluGimgeM=,8iHUhc67GKczw6UbhPp9UBYumjU=
211,80,89BRwftxd2LywwX8JFMluGimgeM=,8iHUhc67GKczw6UbhPp9UBYumjU=
210,80,89BRwftxd2LywwX8JFMluGimgeM=,8iHUhc67GKczw6UbhPp9UBYumjU=
216,91,89BRwftxd2LywwX8JFMluGimgeM=,gDEOaiCBXTuU8rSCRSa56h75wLM=
211,87,89BRwftxd2LywwX8JFMluGimgeM=,8iHUhc67GKczw6UbhPp9UBYumjU=
211,89,89BRwftxd2LywwX8JFMluGimgeM=,kpr8JoiD4dmAmnbeNZus/EQz8YY=
214,80,89BRwftxd2LywwX8JFMluGimgeM=,8iHUhc67GKczw6UbhPp9UBYumjU=
208,91,89BRwftxd2LywwX8JFMluGimgeM=,kpr8JoiD4dmAmnbeNZus/EQz8YY=
208,82,89BRwftxd2LywwX8JFMluGimgeM=,8iHUhc67GKczw6UbhPp9UBYumjU=
208,87,89BRwftxd2LywwX8JFMluGimgeM=,8iHUhc67GKczw6UbhPp9UBYumjU=
208,95,89BRwftxd2LywwX8JFMluGimgeM=,kpr8JoiD4dmAmnbeNZus/EQz8YY=
208,88,89BRwftxd2LywwX8JFMluGimgeM=,kpr8JoiD4dmAmnbeNZus/EQz8YY=
210,89,89BRwftxd2LywwX8JFMluGimgeM=,kpr8JoiD4dmAmnbeNZus/EQz8YY=
223,80,89BRwftxd2LywwX8JFMluGimgeM=,DyZ2Z00csC0oyVO+ByIprIY/rPY=
221,80,89BRwftxd2LywwX8JFMluGimgeM=,DyZ2Z00csC0oyVO+ByIprIY/rPY=
220,80,89BRwftxd2LywwX8JFMluGimgeM=,DyZ2Z00csC0oyVO+ByIprIY/rPY=
208,86,89BRwftxd2LywwX8JFMluGimgeM=,8iHUhc67GKczw6UbhPp9UBYumjU=
213,80,89BRwftxd2LywwX8JFMluGimgeM=,8iHUhc67GKczw6UbhPp9UBYumjU=
218,80,89BRwftxd2LywwX8JFMluGimgeM=,DyZ2Z00csC0oyVO+ByIprIY/rPY=
208,83,89BRwftxd2LywwX8JFMluGimgeM=,8iHUhc67GKczw6UbhPp9UBYumjU=
217,80,89BRwftxd2LywwX8JFMluGimgeM=,DyZ2Z00csC0oyVO+ByIprIY/rPY=
216,80,89BRwftxd2LywwX8JFMluGimgeM=,DyZ2Z00csC0oyVO+ByIprIY/rPY=
213,94,89BRwftxd2LywwX8JFMluGimgeM=,kpr8JoiD4dmAmnbeNZus/EQz8YY=
214,88,89BRwftxd2LywwX8JFMluGimgeM=,kpr8JoiD4dmAmnbeNZus/EQz8YY=
212,94,89BRwftxd2LywwX8JFMluGimgeM=,kpr8JoiD4dmAmnbeNZus/EQz8YY=
214,94,89BRwftxd2LywwX8JFMluGimgeM=,kpr8JoiD4dmAmnbeNZus/EQz8YY=
213,88,89BRwftxd2LywwX8JFMluGimgeM=,kpr8JoiD4dmAmnbeNZus/EQz8YY=
212,88,89BRwftxd2LywwX8JFMluGimgeM=,kpr8JoiD4dmAmnbeNZus/EQz8YY=
210,94,89BRwftxd2LywwX8JFMluGimgeM=,kpr8JoiD4dmAmnbeNZus/EQz8YY=
209,94,89BRwftxd2LywwX8JFMluGimgeM=,kpr8JoiD4dmAmnbeNZus/EQz8YY=
223,95,89BRwftxd2LywwX8JFMluGimgeM=,gDEOaiCBXTuU8rSCRSa56h75wLM=
215,93,89BRwftxd2LywwX8JFMluGimgeM=,kpr8JoiD4dmAmnbeNZus/EQz8YY=
214,93,89BRwftxd2LywwX8JFMluGimgeM=,kpr8JoiD4dmAmnbeNZus/EQz8YY=
219,80,89BRwftxd2LywwX8JFMluGimgeM=,DyZ2Z00csC0oyVO+ByIprIY/rPY=
215,80,89BRwftxd2LywwX8JFMluGimgeM=,8iHUhc67GKczw6UbhPp9UBYumjU=
213,87,89BRwftxd2LywwX8JFMluGimgeM=,8iHUhc67GKczw6UbhPp9UBYumjU=
212,87,89BRwftxd2LywwX8JFMluGimgeM=,8iHUhc67GKczw6UbhPp9UBYumjU=
215,87,89BRwftxd2LywwX8JFMluGimgeM=,8iHUhc67GKczw6UbhPp9UBYumjU=
208,80,89BRwftxd2LywwX8JFMluGimgeM=,8iHUhc67GKczw6UbhPp9UBYumjU=
222,80,89BRwftxd2LywwX8JFMluGimgeM=,DyZ2Z00csC0oyVO+ByIprIY/rPY=
210,88,89BRwftxd2LywwX8JFMluGimgeM=,kpr8JoiD4dmAmnbeNZus/EQz8YY=
209,88,89BRwftxd2LywwX8JFMluGimgeM=,kpr8JoiD4dmAmnbeNZus/EQz8YY=
215,88,89BRwftxd2LywwX8JFMluGimgeM=,kpr8JoiD4dmAmnbeNZus/EQz8YY=
209,89,89BRwftxd2LywwX8JFMluGimgeM=,kpr8JoiD4dmAmnbeNZus/EQz8YY=
211,94,89BRwftxd2LywwX8JFMluGimgeM=,kpr8JoiD4dmAmnbeNZus/EQz8YY=
211,88,89BRwftxd2LywwX8JFMluGimgeM=,kpr8JoiD4dmAmnbeNZus/EQz8YY=
214,87,89BRwftxd2LywwX8JFMluGimgeM=,8iHUhc67GKczw6UbhPp9UBYumjU=
220,67,njOJPcqEJtnWE+1Y+iMcA2NoIbk=,2zYLb6cOyRuGEJWUwOqrnnxA7zc=
219,67,njOJPcqEJtnWE+1Y+iMcA2NoIbk=,2zYLb6cOyRuGEJWUwOqrnnxA7zc=
221,67,njOJPcqEJtnWE+1Y+iMcA2NoIbk=,2zYLb6cOyRuGEJWUwOqrnnxA7zc=
218,67,njOJPcqEJtnWE+1Y+iMcA2NoIbk=,2zYLb6cOyRuGEJWUwOqrnnxA7zc=
222,67,njOJPcqEJtnWE+1Y+iMcA2NoIbk=,2zYLb6cOyRuGEJWUwOqrnnxA7zc=
217,68,njOJPcqEJtnWE+1Y+iMcA2NoIbk=,2zYLb6cOyRuGEJWUwOqrnnxA7zc=
218,68,njOJPcqEJtnWE+1Y+iMcA2NoIbk=,2zYLb6cOyRuGEJWUwOqrnnxA7zc=
219,68,njOJPcqEJtnWE+1Y+iMcA2NoIbk=,2zYLb6cOyRuGEJWUwOqrnnxA7zc=
220,68,njOJPcqEJtnWE+1Y+iMcA2NoIbk=,2zYLb6cOyRuGEJWUwOqrnnxA7zc=
217,67,njOJPcqEJtnWE+1Y+iMcA2NoIbk=,2zYLb6cOyRuGEJWUwOqrnnxA7zc=
210,66,njOJPcqEJtnWE+1Y+iMcA2NoIbk=,YpFQMFLelouCZ8CZEfbyTCFqABg=
221,68,njOJPcqEJtnWE+1Y+iMcA2NoIbk=,2zYLb6cOyRuGEJWUwOqrnnxA7zc=
212,65,njOJPcqEJtnWE+1Y+iMcA2NoIbk=,YpFQMFLelouCZ8CZEfbyTCFqABg=
222,68,njOJPcqEJtnWE+1Y+iMcA2NoIbk=,2zYLb6cOyRuGEJWUwOqrnnxA7zc=
211,66,gEMp0PsmjRb86fkpPE/xJ16DFto=,YpFQMFLelouCZ8CZEfbyTCFqABg=
222,66,gEMp0PsmjRb86fkpPE/xJ16DFto=,2zYLb6cOyRuGEJWUwOqrnnxA7zc=
217,69,gEMp0PsmjRb86fkpPE/xJ16DFto=,2zYLb6cOyRuGEJWUwOqrnnxA7zc=
214,70,gEMp0PsmjRb86fkpPE/xJ16DFto=,YpFQMFLelouCZ8CZEfbyTCFqABg=
212,71,gEMp0PsmjRb86fkpPE/xJ16DFto=,YpFQMFLelouCZ8CZEfbyTCFqABg=
218,69,gEMp0PsmjRb86fkpPE/xJ16DFto=,2zYLb6cOyRuGEJWUwOqrnnxA7zc=
211,71,gEMp0PsmjRb86fkpPE/xJ16DFto=,YpFQMFLelouCZ8CZEfbyTCFqABg=
221,66,gEMp0PsmjRb86fkpPE/xJ16DFto=,2zYLb6cOyRuGEJWUwOqrnnxA7zc=
220,66,gEMp0PsmjRb86fkpPE/xJ16DFto=,2zYLb6cOyRuGEJWUwOqrnnxA7zc=
212,66,gEMp0PsmjRb86fkpPE/xJ16DFto=,YpFQMFLelouCZ8CZEfbyTCFqABg=
214,78,gEMp0PsmjRb86fkpPE/xJ16DFto=,+BFmchgPpTwC3qP8fy3/PP+6eMs=
212,78,gEMp0PsmjRb86fkpPE/xJ16DFto=,+BFmchgPpTwC3qP8fy3/PP+6eMs=
219,66,gEMp0PsmjRb86fkpPE/xJ16DFto=,2zYLb6cOyRuGEJWUwOqrnnxA7zc=
220,77,gEMp0PsmjRb86fkpPE/xJ16DFto=,qcrpDtX0syfQtAScISkzD3hKqjU=
213,71,gEMp0PsmjRb86fkpPE/xJ16DFto=,YpFQMFLelouCZ8CZEfbyTCFqABg=
219,69,gEMp0PsmjRb86fkpPE/xJ16DFto=,2zYLb6cOyRuGEJWUwOqrnnxA7zc=
213,78,gEMp0PsmjRb86fkpPE/xJ16DFto=,+BFmchgPpTwC3qP8fy3/PP+6eMs=
210,67,gEMp0PsmjRb86fkpPE/xJ16DFto=,YpFQMFLelouCZ8CZEfbyTCFqABg=
219,77,gEMp0PsmjRb86fkpPE/xJ16DFto=,qcrpDtX0syfQtAScISkzD3hKqjU=
215,71,gEMp0PsmjRb86fkpPE/xJ16DFto=,YpFQMFLelouCZ8CZEfbyTCFqABg=
214,71,gEMp0PsmjRb86fkpPE/xJ16DFto=,YpFQMFLelouCZ8CZEfbyTCFqABg=
220,69,gEMp0PsmjRb86fkpPE/xJ16DFto=,2zYLb6cOyRuGEJWUwOqrnnxA7zc=
222,71,gEMp0PsmjRb86fkpPE/xJ16DFto=,2zYLb6cOyRuGEJWUwOqrnnxA7zc=
211,78,gEMp0PsmjRb86fkpPE/xJ16DFto=,+BFmchgPpTwC3qP8fy3/PP+6eMs=
214,69,gEMp0PsmjRb86fkpPE/xJ16DFto=,YpFQMFLelouCZ8CZEfbyTCFqABg=
218,66,gEMp0PsmjRb86fkpPE/xJ16DFto=,2zYLb6cOyRuGEJWUwOqrnnxA7zc=
218,77,gEMp0PsmjRb86fkpPE/xJ16DFto=,qcrpDtX0syfQtAScISkzD3hKqjU=
221,69,gEMp0PsmjRb86fkpPE/xJ16DFto=,2zYLb6cOyRuGEJWUwOqrnnxA7zc=
209,72,gEMp0PsmjRb86fkpPE/xJ16DFto=,+BFmchgPpTwC3qP8fy3/PP+6eMs=
221,77,gEMp0PsmjRb86fkpPE/xJ16DFto=,qcrpDtX0syfQtAScISkzD3hKqjU=
221,71,gEMp0PsmjRb86fkpPE/xJ16DFto=,2zYLb6cOyRuGEJWUwOqrnnxA7zc=
216,68,gEMp0PsmjRb86fkpPE/xJ16DFto=,2zYLb6cOyRuGEJWUwOqrnnxA7zc=
220,71,gEMp0PsmjRb86fkpPE/xJ16DFto=,2zYLb6cOyRuGEJWUwOqrnnxA7zc=
217,66,gEMp0PsmjRb86fkpPE/xJ16DFto=,2zYLb6cOyRuGEJWUwOqrnnxA7zc=
222,69,gEMp0PsmjRb86fkpPE/xJ16DFto=,2zYLb6cOyRuGEJWUwOqrnnxA7zc=
222,77,gEMp0PsmjRb86fkpPE/xJ16DFto=,qcrpDtX0syfQtAScISkzD3hKqjU=
219,71,gEMp0PsmjRb86fkpPE/xJ16DFto=,2zYLb6cOyRuGEJWUwOqrnnxA7zc=
210,72,gEMp0PsmjRb86fkpPE/xJ16DFto=,+BFmchgPpTwC3qP8fy3/PP+6eMs=
222,65,gEMp0PsmjRb86fkpPE/xJ16DFto=,2zYLb6cOyRuGEJWUwOqrnnxA7zc=
213,65,gEMp0PsmjRb86fkpPE/xJ16DFto=,YpFQMFLelouCZ8CZEfbyTCFqABg=
211,72,gEMp0PsmjRb86fkpPE/xJ16DFto=,+BFmchgPpTwC3qP8fy3/PP+6eMs=
217,65,gEMp0PsmjRb86fkpPE/xJ16DFto=,2zYLb6cOyRuGEJWUwOqrnnxA7zc=
222,70,gEMp0PsmjRb86fkpPE/xJ16DFto=,2zYLb6cOyRuGEJWUwOqrnnxA7zc=
216,72,gEMp0PsmjRb86fkpPE/xJ16DFto=,qcrpDtX0syfQtAScISkzD3hKqjU=
218,71,gEMp0PsmjRb86fkpPE/xJ16DFto=,2zYLb6cOyRuGEJWUwOqrnnxA7zc=
214,65,gEMp0PsmjRb86fkpPE/xJ16DFto=,YpFQMFLelouCZ8CZEfbyTCFqABg=
217,71,gEMp0PsmjRb86fkpPE/xJ16DFto=,2zYLb6cOyRuGEJWUwOqrnnxA7zc=
215,72,gEMp0PsmjRb86fkpPE/xJ16DFto=,+BFmchgPpTwC3qP8fy3/PP+6eMs=
212,72,gEMp0PsmjRb86fkpPE/xJ16DFto=,+BFmchgPpTwC3qP8fy3/PP+6eMs=
221,70,gEMp0PsmjRb86fkpPE/xJ16DFto=,2zYLb6cOyRuGEJWUwOqrnnxA7zc=
220,70,gEMp0PsmjRb86fkpPE/xJ16DFto=,2zYLb6cOyRuGEJWUwOqrnnxA7zc=
218,65,gEMp0PsmjRb86fkpPE/xJ16DFto=,2zYLb6cOyRuGEJWUwOqrnnxA7zc=
213,66,gEMp0PsmjRb86fkpPE/xJ16DFto=,YpFQMFLelouCZ8CZEfbyTCFqABg=
213,72,gEMp0PsmjRb86fkpPE/xJ16DFto=,+BFmchgPpTwC3qP8fy3/PP+6eMs=
215,78,gEMp0PsmjRb86fkpPE/xJ16DFto=,+BFmchgPpTwC3qP8fy3/PP+6eMs=
219,65,gEMp0PsmjRb86fkpPE/xJ16DFto=,2zYLb6cOyRuGEJWUwOqrnnxA7zc=
217,72,gEMp0PsmjRb86fkpPE/xJ16DFto=,qcrpDtX0syfQtAScISkzD3hKqjU=
215,69,gEMp0PsmjRb86fkpPE/xJ16DFto=,YpFQMFLelouCZ8CZEfbyTCFqABg=
218,70,gEMp0PsmjRb86fkpPE/xJ16DFto=,2zYLb6cOyRuGEJWUwOqrnnxA7zc=
213,70,gEMp0PsmjRb86fkpPE/xJ16DFto=,YpFQMFLelouCZ8CZEfbyTCFqABg=
219,70,gEMp0PsmjRb86fkpPE/xJ16DFto=,2zYLb6cOyRuGEJWUwOqrnnxA7zc=
214,72,gEMp0PsmjRb86fkpPE/xJ16DFto=,+BFmchgPpTwC3qP8fy3/PP+6eMs=
218,72,gEMp0PsmjRb86fkpPE/xJ16DFto=,qcrpDtX0syfQtAScISkzD3hKqjU=
220,65,gEMp0PsmjRb86fkpPE/xJ16DFto=,2zYLb6cOyRuGEJWUwOqrnnxA7zc=
215,65,gEMp0PsmjRb86fkpPE/xJ16DFto=,YpFQMFLelouCZ8CZEfbyTCFqABg=
215,68,gEMp0PsmjRb86fkpPE/xJ16DFto=,YpFQMFLelouCZ8CZEfbyTCFqABg=
216,67,gEMp0PsmjRb86fkpPE/xJ16DFto=,2zYLb6cOyRuGEJWUwOqrnnxA7zc=
217,70,gEMp0PsmjRb86fkpPE/xJ16DFto=,2zYLb6cOyRuGEJWUwOqrnnxA7zc=
209,73,gEMp0PsmjRb86fkpPE/xJ16DFto=,+BFmchgPpTwC3qP8fy3/PP+6eMs=
216,78,gEMp0PsmjRb86fkpPE/xJ16DFto=,qcrpDtX0syfQtAScISkzD3hKqjU=
212,70,gEMp0PsmjRb86fkpPE/xJ16DFto=,YpFQMFLelouCZ8CZEfbyTCFqABg=
211,67,gEMp0PsmjRb86fkpPE/xJ16DFto=,YpFQMFLelouCZ8CZEfbyTCFqABg=
221,65,gEMp0PsmjRb86fkpPE/xJ16DFto=,2zYLb6cOyRuGEJWUwOqrnnxA7zc=
210,73,gEMp0PsmjRb86fkpPE/xJ16DFto=,+BFmchgPpTwC3qP8fy3/PP+6eMs=
216,71,gEMp0PsmjRb86fkpPE/xJ16DFto=,2zYLb6cOyRuGEJWUwOqrnnxA7zc=
214,66,gEMp0PsmjRb86fkpPE/xJ16DFto=,YpFQMFLelouCZ8CZEfbyTCFqABg=
217,78,gEMp0PsmjRb86fkpPE/xJ16DFto=,qcrpDtX0syfQtAScISkzD3hKqjU=
210,78,gEMp0PsmjRb86fkpPE/xJ16DFto=,+BFmchgPpTwC3qP8fy3/PP+6eMs=
211,73,gEMp0PsmjRb86fkpPE/xJ16DFto=,+BFmchgPpTwC3qP8fy3/PP+6eMs=
209,78,gEMp0PsmjRb86fkpPE/xJ16DFto=,+BFmchgPpTwC3qP8fy3/PP+6eMs=
215,66,gEMp0PsmjRb86fkpPE/xJ16DFto=,YpFQMFLelouCZ8CZEfbyTCFqABg=
219,72,gEMp0PsmjRb86fkpPE/xJ16DFto=,qcrpDtX0syfQtAScISkzD3hKqjU=
217,77,gEMp0PsmjRb86fkpPE/xJ16DFto=,qcrpDtX0syfQtAScISkzD3hKqjU=
223,67,gEMp0PsmjRb86fkpPE/xJ16DFto=,2zYLb6cOyRuGEJWUwOqrnnxA7zc=
216,77,gEMp0PsmjRb86fkpPE/xJ16DFto=,qcrpDtX0syfQtAScISkzD3hKqjU=
215,70,gEMp0PsmjRb86fkpPE/xJ16DFto=,YpFQMFLelouCZ8CZEfbyTCFqABg=
212,73,gEMp0PsmjRb86fkpPE/xJ16DFto=,+BFmchgPpTwC3qP8fy3/PP+6eMs=
214,68,gEMp0PsmjRb86fkpPE/xJ16DFto=,YpFQMFLelouCZ8CZEfbyTCFqABg=
221,76,gEMp0PsmjRb86fkpPE/xJ16DFto=,qcrpDtX0syfQtAScISkzD3hKqjU=
222,76,gEMp0PsmjRb86fkpPE/xJ16DFto=,qcrpDtX0syfQtAScISkzD3hKqjU=
218,78,gEMp0PsmjRb86fkpPE/xJ16DFto=,qcrpDtX0syfQtAScISkzD3hKqjU=
223,68,gEMp0PsmjRb86fkpPE/xJ16DFto=,2zYLb6cOyRuGEJWUwOqrnnxA7zc=
213,73,gEMp0PsmjRb86fkpPE/xJ16DFto=,+BFmchgPpTwC3qP8fy3/PP+6eMs=
210,71,gEMp0PsmjRb86fkpPE/xJ16DFto=,YpFQMFLelouCZ8CZEfbyTCFqABg=
213,68,gEMp0PsmjRb86fkpPE/xJ16DFto=,YpFQMFLelouCZ8CZEfbyTCFqABg=
216,69,gEMp0PsmjRb86fkpPE/xJ16DFto=,2zYLb6cOyRuGEJWUwOqrnnxA7zc=
219,78,gEMp0PsmjRb86fkpPE/xJ16DFto=,qcrpDtX0syfQtAScISkzD3hKqjU=
223,69,gEMp0PsmjRb86fkpPE/xJ16DFto=,2zYLb6cOyRuGEJWUwOqrnnxA7zc=
214,77,gEMp0PsmjRb86fkpPE/xJ16DFto=,+BFmchgPpTwC3qP8fy3/PP+6eMs=
209,70,gEMp0PsmjRb86fkpPE/xJ16DFto=,YpFQMFLelouCZ8CZEfbyTCFqABg=
214,73,gEMp0PsmjRb86fkpPE/xJ16DFto=,+BFmchgPpTwC3qP8fy3/PP+6eMs=
220,76,gEMp0PsmjRb86fkpPE/xJ16DFto=,qcrpDtX0syfQtAScISkzD3hKqjU=
219,76,gEMp0PsmjRb86fkpPE/xJ16DFto=,qcrpDtX0syfQtAScISkzD3hKqjU=
220,78,gEMp0PsmjRb86fkpPE/xJ16DFto=,qcrpDtX0syfQtAScISkzD3hKqjU=
223,65,gEMp0PsmjRb86fkpPE/xJ16DFto=,2zYLb6cOyRuGEJWUwOqrnnxA7zc=
223,66,gEMp0PsmjRb86fkpPE/xJ16DFto=,2zYLb6cOyRuGEJWUwOqrnnxA7zc=
209,74,gEMp0PsmjRb86fkpPE/xJ16DFto=,+BFmchgPpTwC3qP8fy3/PP+6eMs=
209,69,gEMp0PsmjRb86fkpPE/xJ16DFto=,YpFQMFLelouCZ8CZEfbyTCFqABg=
215,77,gEMp0PsmjRb86fkpPE/xJ16DFto=,+BFmchgPpTwC3qP8fy3/PP+6eMs=
223,70,gEMp0PsmjRb86fkpPE/xJ16DFto=,2zYLb6cOyRuGEJWUwOqrnnxA7zc=
216,66,gEMp0PsmjRb86fkpPE/xJ16DFto=,2zYLb6cOyRuGEJWUwOqrnnxA7zc=
215,73,gEMp0PsmjRb86fkpPE/xJ16DFto=,+BFmchgPpTwC3qP8fy3/PP+6eMs=
212,67,gEMp0PsmjRb86fkpPE/xJ16DFto=,YpFQMFLelouCZ8CZEfbyTCFqABg=
210,74,gEMp0PsmjRb86fkpPE/xJ16DFto=,+BFmchgPpTwC3qP8fy3/PP+6eMs=
221,78,gEMp0PsmjRb86fkpPE/xJ16DFto=,qcrpDtX0syfQtAScISkzD3hKqjU=
212,68,gEMp0PsmjRb86fkpPE/xJ16DFto=,YpFQMFLelouCZ8CZEfbyTCFqABg=
213,77,gEMp0PsmjRb86fkpPE/xJ16DFto=,+BFmchgPpTwC3qP8fy3/PP+6eMs=
211,74,gEMp0PsmjRb86fkpPE/xJ16DFto=,+BFmchgPpTwC3qP8fy3/PP+6eMs=
223,77,gEMp0PsmjRb86fkpPE/xJ16DFto=,qcrpDtX0syfQtAScISkzD3hKqjU=
211,68,gEMp0PsmjRb86fkpPE/xJ16DFto=,YpFQMFLelouCZ8CZEfbyTCFqABg=
210,69,gEMp0PsmjRb86fkpPE/xJ16DFto=,YpFQMFLelouCZ8CZEfbyTCFqABg=
220,72,gEMp0PsmjRb86fkpPE/xJ16DFto=,qcrpDtX0syfQtAScISkzD3hKqjU=
215,67,gEMp0PsmjRb86fkpPE/xJ16DFto=,YpFQMFLelouCZ8CZEfbyTCFqABg=
218,76,gEMp0PsmjRb86fkpPE/xJ16DFto=,qcrpDtX0syfQtAScISkzD3hKqjU=
223,78,gEMp0PsmjRb86fkpPE/xJ16DFto=,qcrpDtX0syfQtAScISkzD3hKqjU=
223,71,gEMp0PsmjRb86fkpPE/xJ16DFto=,2zYLb6cOyRuGEJWUwOqrnnxA7zc=
213,67,gEMp0PsmjRb86fkpPE/xJ16DFto=,YpFQMFLelouCZ8CZEfbyTCFqABg=
212,74,gEMp0PsmjRb86fkpPE/xJ16DFto=,+BFmchgPpTwC3qP8fy3/PP+6eMs=
211,69,gEMp0PsmjRb86fkpPE/xJ16DFto=,YpFQMFLelouCZ8CZEfbyTCFqABg=
211,70,gEMp0PsmjRb86fkpPE/xJ16DFto=,YpFQMFLelouCZ8CZEfbyTCFqABg=
223,76,gEMp0PsmjRb86fkpPE/xJ16DFto=,qcrpDtX0syfQtAScISkzD3hKqjU=
221,72,gEMp0PsmjRb86fkpPE/xJ16DFto=,qcrpDtX0syfQtAScISkzD3hKqjU=
217,76,gEMp0PsmjRb86fkpPE/xJ16DFto=,qcrpDtX0syfQtAScISkzD3hKqjU=
223,72,gEMp0PsmjRb86fkpPE/xJ16DFto=,qcrpDtX0syfQtAScISkzD3hKqjU=
213,74,gEMp0PsmjRb86fkpPE/xJ16DFto=,+BFmchgPpTwC3qP8fy3/PP+6eMs=
223,74,gEMp0PsmjRb86fkpPE/xJ16DFto=,qcrpDtX0syfQtAScISkzD3hKqjU=
210,70,gEMp0PsmjRb86fkpPE/xJ16DFto=,YpFQMFLelouCZ8CZEfbyTCFqABg=
216,76,gEMp0PsmjRb86fkpPE/xJ16DFto=,qcrpDtX0syfQtAScISkzD3hKqjU=
222,78,gEMp0PsmjRb86fkpPE/xJ16DFto=,qcrpDtX0syfQtAScISkzD3hKqjU=
223,75,gEMp0PsmjRb86fkpPE/xJ16DFto=,qcrpDtX0syfQtAScISkzD3hKqjU=
223,73,gEMp0PsmjRb86fkpPE/xJ16DFto=,qcrpDtX0syfQtAScISkzD3hKqjU=
214,74,gEMp0PsmjRb86fkpPE/xJ16DFto=,+BFmchgPpTwC3qP8fy3/PP+6eMs=
212,69,gEMp0PsmjRb86fkpPE/xJ16DFto=,YpFQMFLelouCZ8CZEfbyTCFqABg=
209,75,gEMp0PsmjRb86fkpPE/xJ16DFto=,+BFmchgPpTwC3qP8fy3/PP+6eMs=
222,72,gEMp0PsmjRb86fkpPE/xJ16DFto=,qcrpDtX0syfQtAScISkzD3hKqjU=
222,75,gEMp0PsmjRb86fkpPE/xJ16DFto=,qcrpDtX0syfQtAScISkzD3hKqjU=
221,75,gEMp0PsmjRb86fkpPE/xJ16DFto=,qcrpDtX0syfQtAScISkzD3hKqjU=
216,73,gEMp0PsmjRb86fkpPE/xJ16DFto=,qcrpDtX0syfQtAScISkzD3hKqjU=
213,69,gEMp0PsmjRb86fkpPE/xJ16DFto=,YpFQMFLelouCZ8CZEfbyTCFqABg=
210,75,gEMp0PsmjRb86fkpPE/xJ16DFto=,+BFmchgPpTwC3qP8fy3/PP+6eMs=
217,73,gEMp0PsmjRb86fkpPE/xJ16DFto=,qcrpDtX0syfQtAScISkzD3hKqjU=
211,65,gEMp0PsmjRb86fkpPE/xJ16DFto=,YpFQMFLelouCZ8CZEfbyTCFqABg=
217,79,gEMp0PsmjRb86fkpPE/xJ16DFto=,qcrpDtX0syfQtAScISkzD3hKqjU=
214,67,gEMp0PsmjRb86fkpPE/xJ16DFto=,YpFQMFLelouCZ8CZEfbyTCFqABg=
209,71,gEMp0PsmjRb86fkpPE/xJ16DFto=,YpFQMFLelouCZ8CZEfbyTCFqABg=
218,73,gEMp0PsmjRb86fkpPE/xJ16DFto=,qcrpDtX0syfQtAScISkzD3hKqjU=
220,75,gEMp0PsmjRb86fkpPE/xJ16DFto=,qcrpDtX0syfQtAScISkzD3hKqjU=
216,65,gEMp0PsmjRb86fkpPE/xJ16DFto=,2zYLb6cOyRuGEJWUwOqrnnxA7zc=
219,73,gEMp0PsmjRb86fkpPE/xJ16DFto=,qcrpDtX0syfQtAScISkzD3hKqjU=
218,79,gEMp0PsmjRb86fkpPE/xJ16DFto=,qcrpDtX0syfQtAScISkzD3hKqjU=
219,75,gEMp0PsmjRb86fkpPE/xJ16DFto=,qcrpDtX0syfQtAScISkzD3hKqjU=
222,79,gEMp0PsmjRb86fkpPE/xJ16DFto=,qcrpDtX0syfQtAScISkzD3hKqjU=
215,74,gEMp0PsmjRb86fkpPE/xJ16DFto=,+BFmchgPpTwC3qP8fy3/PP+6eMs=
209,67,gEMp0PsmjRb86fkpPE/xJ16DFto=,YpFQMFLelouCZ8CZEfbyTCFqABg=
220,73,gEMp0PsmjRb86fkpPE/xJ16DFto=,qcrpDtX0syfQtAScISkzD3hKqjU=
211,75,gEMp0PsmjRb86fkpPE/xJ16DFto=,+BFmchgPpTwC3qP8fy3/PP+6eMs=
221,73,gEMp0PsmjRb86fkpPE/xJ16DFto=,qcrpDtX0syfQtAScISkzD3hKqjU=
218,75,gEMp0PsmjRb86fkpPE/xJ16DFto=,qcrpDtX0syfQtAScISkzD3hKqjU=
219,79,gEMp0PsmjRb86fkpPE/xJ16DFto=,qcrpDtX0syfQtAScISkzD3hKqjU=
222,73,gEMp0PsmjRb86fkpPE/xJ16DFto=,qcrpDtX0syfQtAScISkzD3hKqjU=
215,75,gEMp0PsmjRb86fkpPE/xJ16DFto=,+BFmchgPpTwC3qP8fy3/PP+6eMs=
216,75,gEMp0PsmjRb86fkpPE/xJ16DFto=,qcrpDtX0syfQtAScISkzD3hKqjU=
217,75,gEMp0PsmjRb86fkpPE/xJ16DFto=,qcrpDtX0syfQtAScISkzD3hKqjU=
216,70,gEMp0PsmjRb86fkpPE/xJ16DFto=,2zYLb6cOyRuGEJWUwOqrnnxA7zc=
222,74,gEMp0PsmjRb86fkpPE/xJ16DFto=,qcrpDtX0syfQtAScISkzD3hKqjU=
216,74,gEMp0PsmjRb86fkpPE/xJ16DFto=,qcrpDtX0syfQtAScISkzD3hKqjU=
212,75,gEMp0PsmjRb86fkpPE/xJ16DFto=,+BFmchgPpTwC3qP8fy3/PP+6eMs=
220,79,gEMp0PsmjRb86fkpPE/xJ16DFto=,qcrpDtX0syfQtAScISkzD3hKqjU=
217,74,gEMp0PsmjRb86fkpPE/xJ16DFto=,qcrpDtX0syfQtAScISkzD3hKqjU=
213,75,gEMp0PsmjRb86fkpPE/xJ16DFto=,+BFmchgPpTwC3qP8fy3/PP+6eMs=
209,66,gEMp0PsmjRb86fkpPE/xJ16DFto=,YpFQMFLelouCZ8CZEfbyTCFqABg=
210,65,gEMp0PsmjRb86fkpPE/xJ16DFto=,YpFQMFLelouCZ8CZEfbyTCFqABg=
221,79,gEMp0PsmjRb86fkpPE/xJ16DFto=,qcrpDtX0syfQtAScISkzD3hKqjU=
218,74,gEMp0PsmjRb86fkpPE/xJ16DFto=,qcrpDtX0syfQtAScISkzD3hKqjU=
215,76,gEMp0PsmjRb86fkpPE/xJ16DFto=,+BFmchgPpTwC3qP8fy3/PP+6eMs=
219,74,gEMp0PsmjRb86fkpPE/xJ16DFto=,qcrpDtX0syfQtAScISkzD3hKqjU=
214,75,gEMp0PsmjRb86fkpPE/xJ16DFto=,+BFmchgPpTwC3qP8fy3/PP+6eMs=
212,77,gEMp0PsmjRb86fkpPE/xJ16DFto=,+BFmchgPpTwC3qP8fy3/PP+6eMs=
209,68,gEMp0PsmjRb86fkpPE/xJ16DFto=,YpFQMFLelouCZ8CZEfbyTCFqABg=
220,74,gEMp0PsmjRb86fkpPE/xJ16DFto=,qcrpDtX0syfQtAScISkzD3hKqjU=
211,77,gEMp0PsmjRb86fkpPE/xJ16DFto=,+BFmchgPpTwC3qP8fy3/PP+6eMs=
210,68,gEMp0PsmjRb86fkpPE/xJ16DFto=,YpFQMFLelouCZ8CZEfbyTCFqABg=
212,79,gEMp0PsmjRb86fkpPE/xJ16DFto=,+BFmchgPpTwC3qP8fy3/PP+6eMs=
221,74,gEMp0PsmjRb86fkpPE/xJ16DFto=,qcrpDtX0syfQtAScISkzD3hKqjU=
210,77,gEMp0PsmjRb86fkpPE/xJ16DFto=,+BFmchgPpTwC3qP8fy3/PP+6eMs=
209,65,gEMp0PsmjRb86fkpPE/xJ16DFto=,YpFQMFLelouCZ8CZEfbyTCFqABg=
209,76,gEMp0PsmjRb86fkpPE/xJ16DFto=,+BFmchgPpTwC3qP8fy3/PP+6eMs=
209,77,gEMp0PsmjRb86fkpPE/xJ16DFto=,+BFmchgPpTwC3qP8fy3/PP+6eMs=
213,79,gEMp0PsmjRb86fkpPE/xJ16DFto=,+BFmchgPpTwC3qP8fy3/PP+6eMs=
210,76,gEMp0PsmjRb86fkpPE/xJ16DFto=,+BFmchgPpTwC3qP8fy3/PP+6eMs=
214,79,gEMp0PsmjRb86fkpPE/xJ16DFto=,+BFmchgPpTwC3qP8fy3/PP+6eMs=
211,79,gEMp0PsmjRb86fkpPE/xJ16DFto=,+BFmchgPpTwC3qP8fy3/PP+6eMs=
208,66,gEMp0PsmjRb86fkpPE/xJ16DFto=,YpFQMFLelouCZ8CZEfbyTCFqABg=
208,72,gEMp0PsmjRb86fkpPE/xJ16DFto=,+BFmchgPpTwC3qP8fy3/PP+6eMs=
214,76,gEMp0PsmjRb86fkpPE/xJ16DFto=,+BFmchgPpTwC3qP8fy3/PP+6eMs=
208,65,gEMp0PsmjRb86fkpPE/xJ16DFto=,YpFQMFLelouCZ8CZEfbyTCFqABg=
211,76,gEMp0PsmjRb86fkpPE/xJ16DFto=,+BFmchgPpTwC3qP8fy3/PP+6eMs=
215,79,gEMp0PsmjRb86fkpPE/xJ16DFto=,+BFmchgPpTwC3qP8fy3/PP+6eMs=
208,70,gEMp0PsmjRb86fkpPE/xJ16DFto=,YpFQMFLelouCZ8CZEfbyTCFqABg=
212,76,gEMp0PsmjRb86fkpPE/xJ16DFto=,+BFmchgPpTwC3qP8fy3/PP+6eMs=
208,73,gEMp0PsmjRb86fkpPE/xJ16DFto=,+BFmchgPpTwC3qP8fy3/PP+6eMs=
208,69,gEMp0PsmjRb86fkpPE/xJ16DFto=,YpFQMFLelouCZ8CZEfbyTCFqABg=
210,79,gEMp0PsmjRb86fkpPE/xJ16DFto=,+BFmchgPpTwC3qP8fy3/PP+6eMs=
213,76,gEMp0PsmjRb86fkpPE/xJ16DFto=,+BFmchgPpTwC3qP8fy3/PP+6eMs=
216,79,gEMp0PsmjRb86fkpPE/xJ16DFto=,qcrpDtX0syfQtAScISkzD3hKqjU=
209,79,gEMp0PsmjRb86fkpPE/xJ16DFto=,+BFmchgPpTwC3qP8fy3/PP+6eMs=
208,79,gEMp0PsmjRb86fkpPE/xJ16DFto=,+BFmchgPpTwC3qP8fy3/PP+6eMs=
208,74,gEMp0PsmjRb86fkpPE/xJ16DFto=,+BFmchgPpTwC3qP8fy3/PP+6eMs=
208,67,gEMp0PsmjRb86fkpPE/xJ16DFto=,YpFQMFLelouCZ8CZEfbyTCFqABg=
208,77,gEMp0PsmjRb86fkpPE/xJ16DFto=,+BFmchgPpTwC3qP8fy3/PP+6eMs=
208,71,gEMp0PsmjRb86fkpPE/xJ16DFto=,YpFQMFLelouCZ8CZEfbyTCFqABg=
208,68,gEMp0PsmjRb86fkpPE/xJ16DFto=,YpFQMFLelouCZ8CZEfbyTCFqABg=
208,78,gEMp0PsmjRb86fkpPE/xJ16DFto=,+BFmchgPpTwC3qP8fy3/PP+6eMs=
208,76,gEMp0PsmjRb86fkpPE/xJ16DFto=,+BFmchgPpTwC3qP8fy3/PP+6eMs=
208,75,gEMp0PsmjRb86fkpPE/xJ16DFto=,+BFmchgPpTwC3qP8fy3/PP+6eMs=
223,79,gEMp0PsmjRb86fkpPE/xJ16DFto=,qcrpDtX0syfQtAScISkzD3hKqjU=
214,64,gEMp0PsmjRb86fkpPE/xJ16DFto=,YpFQMFLelouCZ8CZEfbyTCFqABg=
209,64,gEMp0PsmjRb86fkpPE/xJ16DFto=,YpFQMFLelouCZ8CZEfbyTCFqABg=
208,64,gEMp0PsmjRb86fkpPE/xJ16DFto=,YpFQMFLelouCZ8CZEfbyTCFqABg=
210,64,gEMp0PsmjRb86fkpPE/xJ16DFto=,YpFQMFLelouCZ8CZEfbyTCFqABg=
213,64,gEMp0PsmjRb86fkpPE/xJ16DFto=,YpFQMFLelouCZ8CZEfbyTCFqABg=
211,64,gEMp0PsmjRb86fkpPE/xJ16DFto=,YpFQMFLelouCZ8CZEfbyTCFqABg=
218,64,gEMp0PsmjRb86fkpPE/xJ16DFto=,2zYLb6cOyRuGEJWUwOqrnnxA7zc=
212,64,gEMp0PsmjRb86fkpPE/xJ16DFto=,YpFQMFLelouCZ8CZEfbyTCFqABg=
219,64,gEMp0PsmjRb86fkpPE/xJ16DFto=,2zYLb6cOyRuGEJWUwOqrnnxA7zc=
216,64,gEMp0PsmjRb86fkpPE/xJ16DFto=,2zYLb6cOyRuGEJWUwOqrnnxA7zc=
223,64,gEMp0PsmjRb86fkpPE/xJ16DFto=,2zYLb6cOyRuGEJWUwOqrnnxA7zc=
215,64,gEMp0PsmjRb86fkpPE/xJ16DFto=,YpFQMFLelouCZ8CZEfbyTCFqABg=
221,64,gEMp0PsmjRb86fkpPE/xJ16DFto=,2zYLb6cOyRuGEJWUwOqrnnxA7zc=
222,64,gEMp0PsmjRb86fkpPE/xJ16DFto=,2zYLb6cOyRuGEJWUwOqrnnxA7zc=
217,64,gEMp0PsmjRb86fkpPE/xJ16DFto=,2zYLb6cOyRuGEJWUwOqrnnxA7zc=
220,64,gEMp0PsmjRb86fkpPE/xJ16DFto=,2zYLb6cOyRuGEJWUwOqrnnxA7zc=
