3,34,2sdN9XmwRek9P+pcHP9QARYTOAs=,nZ8zrqBdh6b28YqM8gHhNPD5cfY=
4,35,2sdN9XmwRek9P+pcHP9QARYTOAs=,nZ8zrqBdh6b28YqM8gHhNPD5cfY=
4,39,2sdN9XmwRek9P+pcHP9QARYTOAs=,nZ8zrqBdh6b28YqM8gHhNPD5cfY=
5,39,2sdN9XmwRek9P+pcHP9QARYTOAs=,nZ8zrqBdh6b28YqM8gHhNPD5cfY=
0,37,2sdN9XmwRek9P+pcHP9QARYTOAs=,nZ8zrqBdh6b28YqM8gHhNPD5cfY=
4,33,2sdN9XmwRek9P+pcHP9QARYTOAs=,nZ8zrqBdh6b28YqM8gHhNPD5cfY=
7,39,2sdN9XmwRek9P+pcHP9QARYTOAs=,nZ8zrqBdh6b28YqM8gHhNPD5cfY=
6,39,2sdN9XmwRek9P+pcHP9QARYTOAs=,nZ8zrqBdh6b28YqM8gHhNPD5cfY=
5,33,2sdN9XmwRek9P+pcHP9QARYTOAs=,nZ8zrqBdh6b28YqM8gHhNPD5cfY=
6,33,2sdN9XmwRek9P+pcHP9QARYTOAs=,nZ8zrqBdh6b28YqM8gHhNPD5cfY=
5,32,2sdN9XmwRek9P+pcHP9QARYTOAs=,nZ8zrqBdh6b28YqM8gHhNPD5cfY=
4,32,2sdN9XmwRek9P+pcHP9QARYTOAs=,nZ8zrqBdh6b28YqM8gHhNPD5cfY=
7,32,2sdN9XmwRek9P+pcHP9QARYTOAs=,nZ8zrqBdh6b28YqM8gHhNPD5cfY=
0,33,2sdN9XmwRek9P+pcHP9QARYTOAs=,nZ8zrqBdh6b28YqM8gHhNPD5cfY=
6,32,2sdN9XmwRek9P+pcHP9QARYTOAs=,nZ8zrqBdh6b28YqM8gHhNPD5cfY=
1,33,2sdN9XmwRek9P+pcHP9QARYTOAs=,nZ8zrqBdh6b28YqM8gHhNPD5cfY=
3,39,2sdN9XmwRek9P+pcHP9QARYTOAs=,nZ8zrqBdh6b28YqM8gHhNPD5cfY=
2,33,2sdN9XmwRek9P+pcHP9QARYTOAs=,nZ8zrqBdh6b28YqM8gHhNPD5cfY=
2,39,2sdN9XmwRek9P+pcHP9QARYTOAs=,nZ8zrqBdh6b28YqM8gHhNPD5cfY=
1,39,2sdN9XmwRek9P+pcHP9QARYTOAs=,nZ8zrqBdh6b28YqM8gHhNPD5cfY=
0,39,2sdN9XmwRek9P+pcHP9QARYTOAs=,nZ8zrqBdh6b28YqM8gHhNPD5cfY=
7,38,2sdN9XmwRek9P+pcHP9QARYTOAs=,nZ8zrqBdh6b28YqM8gHhNPD5cfY=
2,34,2sdN9XmwRek9P+pcHP9QARYTOAs=,nZ8zrqBdh6b28YqM8gHhNPD5cfY=
1,34,2sdN9XmwRek9P+pcHP9QARYTOAs=,nZ8zrqBdh6b28YqM8gHhNPD5cfY=
7,33,2sdN9XmwRek9P+pcHP9QARYTOAs=,nZ8zrqBdh6b28YqM8gHhNPD5cfY=
5,38,2sdN9XmwRek9P+pcHP9QARYTOAs=,nZ8zrqBdh6b28YqM8gHhNPD5cfY=
0,34,2sdN9XmwRek9P+pcHP9QARYTOAs=,nZ8zrqBdh6b28YqM8gHhNPD5cfY=
7,37,2sdN9XmwRek9P+pcHP9QARYTOAs=,nZ8zrqBdh6b28YqM8gHhNPD5cfY=
4,38,2sdN9XmwRek9P+pcHP9QARYTOAs=,nZ8zrqBdh6b28YqM8gHhNPD5cfY=
3,33,2sdN9XmwRek9P+pcHP9QARYTOAs=,nZ8zrqBdh6b28YqM8gHhNPD5cfY=
7,36,2sdN9XmwRek9P+pcHP9QARYTOAs=,nZ8zrqBdh6b28YqM8gHhNPD5cfY=
4,36,2sdN9XmwRek9P+pcHP9QARYTOAs=,nZ8zrqBdh6b28YqM8gHhNPD5cfY=
5,36,2sdN9XmwRek9P+pcHP9QARYTOAs=,nZ8zrqBdh6b28YqM8gHhNPD5cfY=
2,36,2sdN9XmwRek9P+pcHP9QARYTOAs=,nZ8zrqBdh6b28YqM8gHhNPD5cfY=
3,36,2sdN9XmwRek9P+pcHP9QARYTOAs=,nZ8zrqBdh6b28YqM8gHhNPD5cfY=
1,32,2sdN9XmwRek9P+pcHP9QARYTOAs=,nZ8zrqBdh6b28YqM8gHhNPD5cfY=
6,36,2sdN9XmwRek9P+pcHP9QARYTOAs=,nZ8zrqBdh6b28YqM8gHhNPD5cfY=
6,37,2sdN9XmwRek9P+pcHP9QARYTOAs=,nZ8zrqBdh6b28YqM8gHhNPD5cfY=
5,37,2sdN9XmwRek9P+pcHP9QARYTOAs=,nZ8zrqBdh6b28YqM8gHhNPD5cfY=
1,36,2sdN9XmwRek9P+pcHP9QARYTOAs=,nZ8zrqBdh6b28YqM8gHhNPD5cfY=
3,35,2sdN9XmwRek9P+pcHP9QARYTOAs=,nZ8zrqBdh6b28YqM8gHhNPD5cfY=
3,38,2sdN9XmwRek9P+pcHP9QARYTOAs=,nZ8zrqBdh6b28YqM8gHhNPD5cfY=
4,37,2sdN9XmwRek9P+pcHP9QARYTOAs=,nZ8zrqBdh6b28YqM8gHhNPD5cfY=
2,37,2sdN9XmwRek9P+pcHP9QARYTOAs=,nZ8zrqBdh6b28YqM8gHhNPD5cfY=
0,36,2sdN9XmwRek9P+pcHP9QARYTOAs=,nZ8zrqBdh6b28YqM8gHhNPD5cfY=
7,35,2sdN9XmwRek9P+pcHP9QARYTOAs=,nZ8zrqBdh6b28YqM8gHhNPD5cfY=
1,37,2sdN9XmwRek9P+pcHP9QARYTOAs=,nZ8zrqBdh6b28YqM8gHhNPD5cfY=
6,35,2sdN9XmwRek9P+pcHP9QARYTOAs=,nZ8zrqBdh6b28YqM8gHhNPD5cfY=
3,37,2sdN9XmwRek9P+pcHP9QARYTOAs=,nZ8zrqBdh6b28YqM8gHhNPD5cfY=
2,38,2sdN9XmwRek9P+pcHP9QARYTOAs=,nZ8zrqBdh6b28YqM8gHhNPD5cfY=
5,35,2sdN9XmwRek9P+pcHP9QARYTOAs=,nZ8zrqBdh6b28YqM8gHhNPD5cfY=
1,38,2sdN9XmwRek9P+pcHP9QARYTOAs=,nZ8zrqBdh6b28YqM8gHhNPD5cfY=
3,32,2sdN9XmwRek9P+pcHP9QARYTOAs=,nZ8zrqBdh6b28YqM8gHhNPD5cfY=
6,38,2sdN9XmwRek9P+pcHP9QARYTOAs=,nZ8zrqBdh6b28YqM8gHhNPD5cfY=
0,38,2sdN9XmwRek9P+pcHP9QARYTOAs=,nZ8zrqBdh6b28YqM8gHhNPD5cfY=
2,35,2sdN9XmwRek9P+pcHP9QARYTOAs=,nZ8zrqBdh6b28YqM8gHhNPD5cfY=
2,32,2sdN9XmwRek9P+pcHP9QARYTOAs=,nZ8zrqBdh6b28YqM8gHhNPD5cfY=
1,35,2sdN9XmwRek9P+pcHP9QARYTOAs=,nZ8zrqBdh6b28YqM8gHhNPD5cfY=
0,35,2sdN9XmwRek9P+pcHP9QARYTOAs=,nZ8zrqBdh6b28YqM8gHhNPD5cfY=
7,34,2sdN9XmwRek9P+pcHP9QARYTOAs=,nZ8zrqBdh6b28YqM8gHhNPD5cfY=
6,34,2sdN9XmwRek9P+pcHP9QARYTOAs=,nZ8zrqBdh6b28YqM8gHhNPD5cfY=
5,34,2sdN9XmwRek9P+pcHP9QARYTOAs=,nZ8zrqBdh6b28YqM8gHhNPD5cfY=
0,32,2sdN9XmwRek9P+pcHP9QARYTOAs=,nZ8zrqBdh6b28YqM8gHhNPD5cfY=
4,34,2sdN9XmwRek9P+pcHP9QARYTOAs=,nZ8zrqBdh6b28YqM8gHhNPD5cfY=
