-12,55,mbPby4oIaUB3kEg5TwSp3SJW/N0=,GqLqFnwx69r/tCeK4ri/nNJntrE=
-11,55,mbPby4oIaUB3kEg5TwSp3SJW/N0=,GqLqFnwx69r/tCeK4ri/nNJntrE=
-13,55,mbPby4oIaUB3kEg5TwSp3SJW/N0=,GqLqFnwx69r/tCeK4ri/nNJntrE=
-14,55,mbPby4oIaUB3kEg5TwSp3SJW/N0=,GqLqFnwx69r/tCeK4ri/nNJntrE=
-15,55,mbPby4oIaUB3kEg5TwSp3SJW/N0=,GqLqFnwx69r/tCeK4ri/nNJntrE=
-15,51,mbPby4oIaUB3kEg5TwSp3SJW/N0=,GqLqFnwx69r/tCeK4ri/nNJntrE=
-13,49,mbPby4oIaUB3kEg5TwSp3SJW/N0=,GqLqFnwx69r/tCeK4ri/nNJntrE=
-11,54,mbPby4oIaUB3kEg5TwSp3SJW/N0=,GqLqFnwx69r/tCeK4ri/nNJntrE=
-13,50,mbPby4oIaUB3kEg5TwSp3SJW/N0=,GqLqFnwx69r/tCeK4ri/nNJntrE=
-10,53,mbPby4oIaUB3kEg5TwSp3SJW/N0=,GqLqFnwx69r/tCeK4ri/nNJntrE=
-12,54,mbPby4oIaUB3kEg5TwSp3SJW/N0=,GqLqFnwx69r/tCeK4ri/nNJntrE=
-11,53,mbPby4oIaUB3kEg5TwSp3SJW/N0=,GqLqFnwx69r/tCeK4ri/nNJntrE=
-14,50,mbPby4oIaUB3kEg5TwSp3SJW/N0=,GqLqFnwx69r/tCeK4ri/nNJntrE=
-16,51,mbPby4oIaUB3kEg5TwSp3SJW/N0=,GqLqFnwx69r/tCeK4ri/nNJntrE=
-14,49,mbPby4oIaUB3kEg5TwSp3SJW/N0=,GqLqFnwx69r/tCeK4ri/nNJntrE=
-10,52,mbPby4oIaUB3kEg5TwSp3SJW/N0=,GqLqFnwx69r/tCeK4ri/nNJntrE=
-11,52,mbPby4oIaUB3kEg5TwSp3SJW/N0=,GqLqFnwx69r/tCeK4ri/nNJntrE=
-15,50,mbPby4oIaUB3kEg5TwSp3SJW/N0=,GqLqFnwx69r/tCeK4ri/nNJntrE=
-13,54,mbPby4oIaUB3kEg5TwSp3SJW/N0=,GqLqFnwx69r/tCeK4ri/nNJntrE=
-12,52,mbPby4oIaUB3kEg5TwSp3SJW/N0=,GqLqFnwx69r/tCeK4ri/nNJntrE=
-16,50,mbPby4oIaUB3kEg5TwSp3SJW/N0=,GqLqFnwx69r/tCeK4ri/nNJntrE=
-12,53,mbPby4oIaUB3kEg5TwSp3SJW/N0=,GqLqFnwx69r/tCeK4ri/nNJntrE=
-13,52,mbPby4oIaUB3kEg5TwSp3SJW/N0=,GqLqFnwx69r/tCeK4ri/nNJntrE=
-14,54,mbPby4oIaUB3kEg5TwSp3SJW/N0=,GqLqFnwx69r/tCeK4ri/nNJntrE=
-15,52,mbPby4oIaUB3kEg5TwSp3SJW/N0=,GqLqFnwx69r/tCeK4ri/nNJntrE=
-14,52,mbPby4oIaUB3kEg5TwSp3SJW/N0=,GqLqFnwx69r/tCeK4ri/nNJntrE=
-15,48,mbPby4oIaUB3kEg5TwSp3SJW/N0=,GqLqFnwx69r/tCeK4ri/nNJntrE=
-15,49,mbPby4oIaUB3kEg5TwSp3SJW/N0=,GqLqFnwx69r/tCeK4ri/nNJntrE=
-16,49,mbPby4oIaUB3kEg5TwSp3SJW/N0=,GqLqFnwx69r/tCeK4ri/nNJntrE=
-10,48,mbPby4oIaUB3kEg5TwSp3SJW/N0=,GqLqFnwx69r/tCeK4ri/nNJntrE=
-11,48,mbPby4oIaUB3kEg5TwSp3SJW/N0=,GqLqFnwx69r/tCeK4ri/nNJntrE=
-12,48,mbPby4oIaUB3kEg5TwSp3SJW/N0=,GqLqFnwx69r/tCeK4ri/nNJntrE=
-13,48,mbPby4oIaUB3kEg5TwSp3SJW/N0=,GqLqFnwx69r/tCeK4ri/nNJntrE=
-13,53,mbPby4oIaUB3kEg5TwSp3SJW/N0=,GqLqFnwx69r/tCeK4ri/nNJntrE=
-15,54,mbPby4oIaUB3kEg5TwSp3SJW/N0=,GqLqFnwx69r/tCeK4ri/nNJntrE=
-10,49,mbPby4oIaUB3kEg5TwSp3SJW/N0=,GqLqFnwx69r/tCeK4ri/nNJntrE=
-15,53,mbPby4oIaUB3kEg5TwSp3SJW/N0=,GqLqFnwx69r/tCeK4ri/nNJntrE=
-10,50,mbPby4oIaUB3kEg5TwSp3SJW/N0=,GqLqFnwx69r/tCeK4ri/nNJntrE=
-14,53,mbPby4oIaUB3kEg5TwSp3SJW/N0=,GqLqFnwx69r/tCeK4ri/nNJntrE=
-11,50,mbPby4oIaUB3kEg5TwSp3SJW/N0=,GqLqFnwx69r/tCeK4ri/nNJntrE=
-16,52,mbPby4oIaUB3kEg5TwSp3SJW/N0=,GqLqFnwx69r/tCeK4ri/nNJntrE=
-12,50,mbPby4oIaUB3kEg5TwSp3SJW/N0=,GqLqFnwx69r/tCeK4ri/nNJntrE=
-11,49,mbPby4oIaUB3kEg5TwSp3SJW/N0=,GqLqFnwx69r/tCeK4ri/nNJntrE=
-16,54,mbPby4oIaUB3kEg5TwSp3SJW/N0=,GqLqFnwx69r/tCeK4ri/nNJntrE=
-10,51,mbPby4oIaUB3kEg5TwSp3SJW/N0=,GqLqFnwx69r/tCeK4ri/nNJntrE=
-11,51,mbPby4oIaUB3kEg5TwSp3SJW/N0=,GqLqFnwx69r/tCeK4ri/nNJntrE=
-12,51,mbPby4oIaUB3kEg5TwSp3SJW/N0=,GqLqFnwx69r/tCeK4ri/nNJntrE=
-13,51,mbPby4oIaUB3kEg5TwSp3SJW/N0=,GqLqFnwx69r/tCeK4ri/nNJntrE=
-14,48,mbPby4oIaUB3kEg5TwSp3SJW/N0=,GqLqFnwx69r/tCeK4ri/nNJntrE=
-16,55,mbPby4oIaUB3kEg5TwSp3SJW/N0=,GqLqFnwx69r/tCeK4ri/nNJntrE=
-14,51,mbPby4oIaUB3kEg5TwSp3SJW/N0=,GqLqFnwx69r/tCeK4ri/nNJntrE=
-12,49,mbPby4oIaUB3kEg5TwSp3SJW/N0=,GqLqFnwx69r/tCeK4ri/nNJntrE=
-10,54,mbPby4oIaUB3kEg5TwSp3SJW/N0=,GqLqFnwx69r/tCeK4ri/nNJntrE=
-16,53,mbPby4oIaUB3kEg5TwSp3SJW/N0=,GqLqFnwx69r/tCeK4ri/nNJntrE=
-16,48,mbPby4oIaUB3kEg5TwSp3SJW/N0=,GqLqFnwx69r/tCeK4ri/nNJntrE=
-10,55,mbPby4oIaUB3kEg5TwSp3SJW/N0=,GqLqFnwx69r/tCeK4ri/nNJntrE=
-4,55,mbPby4oIaUB3kEg5TwSp3SJW/N0=,NI32LQUrD5JBJqGs1bZ3c/M78tY=
-3,55,mbPby4oIaUB3kEg5TwSp3SJW/N0=,NI32LQUrD5JBJqGs1bZ3c/M78tY=
-2,55,mbPby4oIaUB3kEg5TwSp3SJW/N0=,NI32LQUrD5JBJqGs1bZ3c/M78tY=
-9,55,mbPby4oIaUB3kEg5TwSp3SJW/N0=,GqLqFnwx69r/tCeK4ri/nNJntrE=
-1,55,mbPby4oIaUB3kEg5TwSp3SJW/N0=,NI32LQUrD5JBJqGs1bZ3c/M78tY=
-9,54,mbPby4oIaUB3kEg5TwSp3SJW/N0=,GqLqFnwx69r/tCeK4ri/nNJntrE=
-9,53,mbPby4oIaUB3kEg5TwSp3SJW/N0=,GqLqFnwx69r/tCeK4ri/nNJntrE=
-5,55,mbPby4oIaUB3kEg5TwSp3SJW/N0=,NI32LQUrD5JBJqGs1bZ3c/M78tY=
-6,55,mbPby4oIaUB3kEg5TwSp3SJW/N0=,NI32LQUrD5JBJqGs1bZ3c/M78tY=
-7,55,mbPby4oIaUB3kEg5TwSp3SJW/N0=,NI32LQUrD5JBJqGs1bZ3c/M78tY=
-8,55,mbPby4oIaUB3kEg5TwSp3SJW/N0=,NI32LQUrD5JBJqGs1bZ3c/M78tY=
-1,54,mbPby4oIaUB3kEg5TwSp3SJW/N0=,NI32LQUrD5JBJqGs1bZ3c/M78tY=
-2,54,mbPby4oIaUB3kEg5TwSp3SJW/N0=,NI32LQUrD5JBJqGs1bZ3c/M78tY=
-3,54,mbPby4oIaUB3kEg5TwSp3SJW/N0=,NI32LQUrD5JBJqGs1bZ3c/M78tY=
-4,54,mbPby4oIaUB3kEg5TwSp3SJW/N0=,NI32LQUrD5JBJqGs1bZ3c/M78tY=
-5,54,mbPby4oIaUB3kEg5TwSp3SJW/N0=,NI32LQUrD5JBJqGs1bZ3c/M78tY=
-6,54,mbPby4oIaUB3kEg5TwSp3SJW/N0=,NI32LQUrD5JBJqGs1bZ3c/M78tY=
-7,54,mbPby4oIaUB3kEg5TwSp3SJW/N0=,NI32LQUrD5JBJqGs1bZ3c/M78tY=
-8,54,mbPby4oIaUB3kEg5TwSp3SJW/N0=,NI32LQUrD5JBJqGs1bZ3c/M78tY=
-1,53,mbPby4oIaUB3kEg5TwSp3SJW/N0=,NI32LQUrD5JBJqGs1bZ3c/M78tY=
-2,53,mbPby4oIaUB3kEg5TwSp3SJW/N0=,NI32LQUrD5JBJqGs1bZ3c/M78tY=
-3,53,mbPby4oIaUB3kEg5TwSp3SJW/N0=,NI32LQUrD5JBJqGs1bZ3c/M78tY=
-4,53,mbPby4oIaUB3kEg5TwSp3SJW/N0=,NI32LQUrD5JBJqGs1bZ3c/M78tY=
-5,53,mbPby4oIaUB3kEg5TwSp3SJW/N0=,NI32LQUrD5JBJqGs1bZ3c/M78tY=
-6,53,mbPby4oIaUB3kEg5TwSp3SJW/N0=,NI32LQUrD5JBJqGs1bZ3c/M78tY=
-7,53,mbPby4oIaUB3kEg5TwSp3SJW/N0=,NI32LQUrD5JBJqGs1bZ3c/M78tY=
-8,53,mbPby4oIaUB3kEg5TwSp3SJW/N0=,NI32LQUrD5JBJqGs1bZ3c/M78tY=
-1,52,mbPby4oIaUB3kEg5TwSp3SJW/N0=,NI32LQUrD5JBJqGs1bZ3c/M78tY=
-2,52,mbPby4oIaUB3kEg5TwSp3SJW/N0=,NI32LQUrD5JBJqGs1bZ3c/M78tY=
-3,52,mbPby4oIaUB3kEg5TwSp3SJW/N0=,NI32LQUrD5JBJqGs1bZ3c/M78tY=
-4,52,mbPby4oIaUB3kEg5TwSp3SJW/N0=,NI32LQUrD5JBJqGs1bZ3c/M78tY=
-9,52,mbPby4oIaUB3kEg5TwSp3SJW/N0=,GqLqFnwx69r/tCeK4ri/nNJntrE=
-6,52,mbPby4oIaUB3kEg5TwSp3SJW/N0=,NI32LQUrD5JBJqGs1bZ3c/M78tY=
-7,52,mbPby4oIaUB3kEg5TwSp3SJW/N0=,NI32LQUrD5JBJqGs1bZ3c/M78tY=
-5,52,mbPby4oIaUB3kEg5TwSp3SJW/N0=,NI32LQUrD5JBJqGs1bZ3c/M78tY=
-8,52,mbPby4oIaUB3kEg5TwSp3SJW/N0=,NI32LQUrD5JBJqGs1bZ3c/M78tY=
-1,51,mbPby4oIaUB3kEg5TwSp3SJW/N0=,NI32LQUrD5JBJqGs1bZ3c/M78tY=
-2,51,mbPby4oIaUB3kEg5TwSp3SJW/N0=,NI32LQUrD5JBJqGs1bZ3c/M78tY=
-3,51,mbPby4oIaUB3kEg5TwSp3SJW/N0=,NI32LQUrD5JBJqGs1bZ3c/M78tY=
-4,51,mbPby4oIaUB3kEg5TwSp3SJW/N0=,NI32LQUrD5JBJqGs1bZ3c/M78tY=
-5,51,mbPby4oIaUB3kEg5TwSp3SJW/N0=,NI32LQUrD5JBJqGs1bZ3c/M78tY=
-6,51,mbPby4oIaUB3kEg5TwSp3SJW/N0=,NI32LQUrD5JBJqGs1bZ3c/M78tY=
-7,51,mbPby4oIaUB3kEg5TwSp3SJW/N0=,NI32LQUrD5JBJqGs1bZ3c/M78tY=
-8,51,mbPby4oIaUB3kEg5TwSp3SJW/N0=,NI32LQUrD5JBJqGs1bZ3c/M78tY=
-9,49,mbPby4oIaUB3kEg5TwSp3SJW/N0=,GqLqFnwx69r/tCeK4ri/nNJntrE=
-1,50,mbPby4oIaUB3kEg5TwSp3SJW/N0=,NI32LQUrD5JBJqGs1bZ3c/M78tY=
-8,48,mbPby4oIaUB3kEg5TwSp3SJW/N0=,NI32LQUrD5JBJqGs1bZ3c/M78tY=
-9,48,mbPby4oIaUB3kEg5TwSp3SJW/N0=,GqLqFnwx69r/tCeK4ri/nNJntrE=
-4,50,mbPby4oIaUB3kEg5TwSp3SJW/N0=,NI32LQUrD5JBJqGs1bZ3c/M78tY=
-8,50,mbPby4oIaUB3kEg5TwSp3SJW/N0=,NI32LQUrD5JBJqGs1bZ3c/M78tY=
-1,49,mbPby4oIaUB3kEg5TwSp3SJW/N0=,NI32LQUrD5JBJqGs1bZ3c/M78tY=
-9,50,mbPby4oIaUB3kEg5TwSp3SJW/N0=,GqLqFnwx69r/tCeK4ri/nNJntrE=
-7,48,mbPby4oIaUB3kEg5TwSp3SJW/N0=,NI32LQUrD5JBJqGs1bZ3c/M78tY=
-9,51,mbPby4oIaUB3kEg5TwSp3SJW/N0=,GqLqFnwx69r/tCeK4ri/nNJntrE=
-2,50,mbPby4oIaUB3kEg5TwSp3SJW/N0=,NI32LQUrD5JBJqGs1bZ3c/M78tY=
-5,50,mbPby4oIaUB3kEg5TwSp3SJW/N0=,NI32LQUrD5JBJqGs1bZ3c/M78tY=
-3,50,mbPby4oIaUB3kEg5TwSp3SJW/N0=,NI32LQUrD5JBJqGs1bZ3c/M78tY=
-6,49,mbPby4oIaUB3kEg5TwSp3SJW/N0=,NI32LQUrD5JBJqGs1bZ3c/M78tY=
-6,50,mbPby4oIaUB3kEg5TwSp3SJW/N0=,NI32LQUrD5JBJqGs1bZ3c/M78tY=
-6,48,mbPby4oIaUB3kEg5TwSp3SJW/N0=,NI32LQUrD5JBJqGs1bZ3c/M78tY=
-7,50,mbPby4oIaUB3kEg5TwSp3SJW/N0=,NI32LQUrD5JBJqGs1bZ3c/M78tY=
-2,49,mbPby4oIaUB3kEg5TwSp3SJW/N0=,NI32LQUrD5JBJqGs1bZ3c/M78tY=
-3,49,mbPby4oIaUB3kEg5TwSp3SJW/N0=,NI32LQUrD5JBJqGs1bZ3c/M78tY=
-3,48,mbPby4oIaUB3kEg5TwSp3SJW/N0=,NI32LQUrD5JBJqGs1bZ3c/M78tY=
-7,49,mbPby4oIaUB3kEg5TwSp3SJW/N0=,NI32LQUrD5JBJqGs1bZ3c/M78tY=
-4,49,mbPby4oIaUB3kEg5TwSp3SJW/N0=,NI32LQUrD5JBJqGs1bZ3c/M78tY=
-5,48,mbPby4oIaUB3kEg5TwSp3SJW/N0=,NI32LQUrD5JBJqGs1bZ3c/M78tY=
-1,48,mbPby4oIaUB3kEg5TwSp3SJW/N0=,NI32LQUrD5JBJqGs1bZ3c/M78tY=
-8,49,mbPby4oIaUB3kEg5TwSp3SJW/N0=,NI32LQUrD5JBJqGs1bZ3c/M78tY=
-2,48,mbPby4oIaUB3kEg5TwSp3SJW/N0=,NI32LQUrD5JBJqGs1bZ3c/M78tY=
-4,48,mbPby4oIaUB3kEg5TwSp3SJW/N0=,NI32LQUrD5JBJqGs1bZ3c/M78tY=
-5,49,mbPby4oIaUB3kEg5TwSp3SJW/N0=,NI32LQUrD5JBJqGs1bZ3c/M78tY=
-10,44,+4DIdr3p2ZrV84Lm95XaFZyBjtg=,v8DorwzyQamr/N2rqvrJBl9yvDk=
-16,45,+4DIdr3p2ZrV84Lm95XaFZyBjtg=,v8DorwzyQamr/N2rqvrJBl9yvDk=
-10,43,+4DIdr3p2ZrV84Lm95XaFZyBjtg=,v8DorwzyQamr/N2rqvrJBl9yvDk=
-16,44,+4DIdr3p2ZrV84Lm95XaFZyBjtg=,v8DorwzyQamr/N2rqvrJBl9yvDk=
-15,44,+4DIdr3p2ZrV84Lm95XaFZyBjtg=,v8DorwzyQamr/N2rqvrJBl9yvDk=
-16,40,+4DIdr3p2ZrV84Lm95XaFZyBjtg=,v8DorwzyQamr/N2rqvrJBl9yvDk=
-12,40,+4DIdr3p2ZrV84Lm95XaFZyBjtg=,v8DorwzyQamr/N2rqvrJBl9yvDk=
-15,40,+4DIdr3p2ZrV84Lm95XaFZyBjtg=,v8DorwzyQamr/N2rqvrJBl9yvDk=
-12,45,+4DIdr3p2ZrV84Lm95XaFZyBjtg=,v8DorwzyQamr/N2rqvrJBl9yvDk=
-14,40,+4DIdr3p2ZrV84Lm95XaFZyBjtg=,v8DorwzyQamr/N2rqvrJBl9yvDk=
-16,43,+4DIdr3p2ZrV84Lm95XaFZyBjtg=,v8DorwzyQamr/N2rqvrJBl9yvDk=
-13,45,+4DIdr3p2ZrV84Lm95XaFZyBjtg=,v8DorwzyQamr/N2rqvrJBl9yvDk=
-14,45,+4DIdr3p2ZrV84Lm95XaFZyBjtg=,v8DorwzyQamr/N2rqvrJBl9yvDk=
-16,42,+4DIdr3p2ZrV84Lm95XaFZyBjtg=,v8DorwzyQamr/N2rqvrJBl9yvDk=
-11,40,+4DIdr3p2ZrV84Lm95XaFZyBjtg=,v8DorwzyQamr/N2rqvrJBl9yvDk=
-15,42,+4DIdr3p2ZrV84Lm95XaFZyBjtg=,v8DorwzyQamr/N2rqvrJBl9yvDk=
-11,45,+4DIdr3p2ZrV84Lm95XaFZyBjtg=,v8DorwzyQamr/N2rqvrJBl9yvDk=
-14,42,+4DIdr3p2ZrV84Lm95XaFZyBjtg=,v8DorwzyQamr/N2rqvrJBl9yvDk=
-13,42,+4DIdr3p2ZrV84Lm95XaFZyBjtg=,v8DorwzyQamr/N2rqvrJBl9yvDk=
-10,40,+4DIdr3p2ZrV84Lm95XaFZyBjtg=,v8DorwzyQamr/N2rqvrJBl9yvDk=
-12,42,+4DIdr3p2ZrV84Lm95XaFZyBjtg=,v8DorwzyQamr/N2rqvrJBl9yvDk=
-11,42,+4DIdr3p2ZrV84Lm95XaFZyBjtg=,v8DorwzyQamr/N2rqvrJBl9yvDk=
-10,42,+4DIdr3p2ZrV84Lm95XaFZyBjtg=,v8DorwzyQamr/N2rqvrJBl9yvDk=
-13,40,+4DIdr3p2ZrV84Lm95XaFZyBjtg=,v8DorwzyQamr/N2rqvrJBl9yvDk=
-10,45,+4DIdr3p2ZrV84Lm95XaFZyBjtg=,v8DorwzyQamr/N2rqvrJBl9yvDk=
-16,46,+4DIdr3p2ZrV84Lm95XaFZyBjtg=,v8DorwzyQamr/N2rqvrJBl9yvDk=
-15,46,+4DIdr3p2ZrV84Lm95XaFZyBjtg=,v8DorwzyQamr/N2rqvrJBl9yvDk=
-14,46,+4DIdr3p2ZrV84Lm95XaFZyBjtg=,v8DorwzyQamr/N2rqvrJBl9yvDk=
-13,46,+4DIdr3p2ZrV84Lm95XaFZyBjtg=,v8DorwzyQamr/N2rqvrJBl9yvDk=
-12,46,+4DIdr3p2ZrV84Lm95XaFZyBjtg=,v8DorwzyQamr/N2rqvrJBl9yvDk=
-11,46,+4DIdr3p2ZrV84Lm95XaFZyBjtg=,v8DorwzyQamr/N2rqvrJBl9yvDk=
-14,41,+4DIdr3p2ZrV84Lm95XaFZyBjtg=,v8DorwzyQamr/N2rqvrJBl9yvDk=
-10,46,+4DIdr3p2ZrV84Lm95XaFZyBjtg=,v8DorwzyQamr/N2rqvrJBl9yvDk=
-15,43,+4DIdr3p2ZrV84Lm95XaFZyBjtg=,v8DorwzyQamr/N2rqvrJBl9yvDk=
-14,43,+4DIdr3p2ZrV84Lm95XaFZyBjtg=,v8DorwzyQamr/N2rqvrJBl9yvDk=
-13,43,+4DIdr3p2ZrV84Lm95XaFZyBjtg=,v8DorwzyQamr/N2rqvrJBl9yvDk=
-12,43,+4DIdr3p2ZrV84Lm95XaFZyBjtg=,v8DorwzyQamr/N2rqvrJBl9yvDk=
-16,47,+4DIdr3p2ZrV84Lm95XaFZyBjtg=,v8DorwzyQamr/N2rqvrJBl9yvDk=
-15,47,+4DIdr3p2ZrV84Lm95XaFZyBjtg=,v8DorwzyQamr/N2rqvrJBl9yvDk=
-14,47,+4DIdr3p2ZrV84Lm95XaFZyBjtg=,v8DorwzyQamr/N2rqvrJBl9yvDk=
-13,47,+4DIdr3p2ZrV84Lm95XaFZyBjtg=,v8DorwzyQamr/N2rqvrJBl9yvDk=
-12,47,+4DIdr3p2ZrV84Lm95XaFZyBjtg=,v8DorwzyQamr/N2rqvrJBl9yvDk=
-11,43,+4DIdr3p2ZrV84Lm95XaFZyBjtg=,v8DorwzyQamr/N2rqvrJBl9yvDk=
-13,41,+4DIdr3p2ZrV84Lm95XaFZyBjtg=,v8DorwzyQamr/N2rqvrJBl9yvDk=
-11,47,+4DIdr3p2ZrV84Lm95XaFZyBjtg=,v8DorwzyQamr/N2rqvrJBl9yvDk=
-10,47,+4DIdr3p2ZrV84Lm95XaFZyBjtg=,v8DorwzyQamr/N2rqvrJBl9yvDk=
-12,41,+4DIdr3p2ZrV84Lm95XaFZyBjtg=,v8DorwzyQamr/N2rqvrJBl9yvDk=
-16,41,+4DIdr3p2ZrV84Lm95XaFZyBjtg=,v8DorwzyQamr/N2rqvrJBl9yvDk=
-15,41,+4DIdr3p2ZrV84Lm95XaFZyBjtg=,v8DorwzyQamr/N2rqvrJBl9yvDk=
-11,41,+4DIdr3p2ZrV84Lm95XaFZyBjtg=,v8DorwzyQamr/N2rqvrJBl9yvDk=
-10,41,+4DIdr3p2ZrV84Lm95XaFZyBjtg=,v8DorwzyQamr/N2rqvrJBl9yvDk=
-14,44,+4DIdr3p2ZrV84Lm95XaFZyBjtg=,v8DorwzyQamr/N2rqvrJBl9yvDk=
-13,44,+4DIdr3p2ZrV84Lm95XaFZyBjtg=,v8DorwzyQamr/N2rqvrJBl9yvDk=
-12,44,+4DIdr3p2ZrV84Lm95XaFZyBjtg=,v8DorwzyQamr/N2rqvrJBl9yvDk=
-11,44,+4DIdr3p2ZrV84Lm95XaFZyBjtg=,v8DorwzyQamr/N2rqvrJBl9yvDk=
-15,45,+4DIdr3p2ZrV84Lm95XaFZyBjtg=,v8DorwzyQamr/N2rqvrJBl9yvDk=
-9,44,+4DIdr3p2ZrV84Lm95XaFZyBjtg=,v8DorwzyQamr/N2rqvrJBl9yvDk=
-9,43,+4DIdr3p2ZrV84Lm95XaFZyBjtg=,v8DorwzyQamr/N2rqvrJBl9yvDk=
-4,43,+4DIdr3p2ZrV84Lm95XaFZyBjtg=,HLxitGaSLxrygzlzgM62xEeKR4A=
-3,43,+4DIdr3p2ZrV84Lm95XaFZyBjtg=,HLxitGaSLxrygzlzgM62xEeKR4A=
-2,43,+4DIdr3p2ZrV84Lm95XaFZyBjtg=,HLxitGaSLxrygzlzgM62xEeKR4A=
-1,43,+4DIdr3p2ZrV84Lm95XaFZyBjtg=,HLxitGaSLxrygzlzgM62xEeKR4A=
-8,44,+4DIdr3p2ZrV84Lm95XaFZyBjtg=,HLxitGaSLxrygzlzgM62xEeKR4A=
-7,44,+4DIdr3p2ZrV84Lm95XaFZyBjtg=,HLxitGaSLxrygzlzgM62xEeKR4A=
-5,43,+4DIdr3p2ZrV84Lm95XaFZyBjtg=,HLxitGaSLxrygzlzgM62xEeKR4A=
-1,47,+4DIdr3p2ZrV84Lm95XaFZyBjtg=,HLxitGaSLxrygzlzgM62xEeKR4A=
-6,44,+4DIdr3p2ZrV84Lm95XaFZyBjtg=,HLxitGaSLxrygzlzgM62xEeKR4A=
-9,41,+4DIdr3p2ZrV84Lm95XaFZyBjtg=,v8DorwzyQamr/N2rqvrJBl9yvDk=
-6,43,+4DIdr3p2ZrV84Lm95XaFZyBjtg=,HLxitGaSLxrygzlzgM62xEeKR4A=
-5,44,+4DIdr3p2ZrV84Lm95XaFZyBjtg=,HLxitGaSLxrygzlzgM62xEeKR4A=
-3,47,+4DIdr3p2ZrV84Lm95XaFZyBjtg=,HLxitGaSLxrygzlzgM62xEeKR4A=
-4,44,+4DIdr3p2ZrV84Lm95XaFZyBjtg=,HLxitGaSLxrygzlzgM62xEeKR4A=
-2,47,+4DIdr3p2ZrV84Lm95XaFZyBjtg=,HLxitGaSLxrygzlzgM62xEeKR4A=
-3,44,+4DIdr3p2ZrV84Lm95XaFZyBjtg=,HLxitGaSLxrygzlzgM62xEeKR4A=
-7,43,+4DIdr3p2ZrV84Lm95XaFZyBjtg=,HLxitGaSLxrygzlzgM62xEeKR4A=
-8,43,+4DIdr3p2ZrV84Lm95XaFZyBjtg=,HLxitGaSLxrygzlzgM62xEeKR4A=
-1,42,+4DIdr3p2ZrV84Lm95XaFZyBjtg=,HLxitGaSLxrygzlzgM62xEeKR4A=
-2,42,+4DIdr3p2ZrV84Lm95XaFZyBjtg=,HLxitGaSLxrygzlzgM62xEeKR4A=
-3,42,+4DIdr3p2ZrV84Lm95XaFZyBjtg=,HLxitGaSLxrygzlzgM62xEeKR4A=
-4,42,+4DIdr3p2ZrV84Lm95XaFZyBjtg=,HLxitGaSLxrygzlzgM62xEeKR4A=
-5,42,+4DIdr3p2ZrV84Lm95XaFZyBjtg=,HLxitGaSLxrygzlzgM62xEeKR4A=
-6,42,+4DIdr3p2ZrV84Lm95XaFZyBjtg=,HLxitGaSLxrygzlzgM62xEeKR4A=
-7,42,+4DIdr3p2ZrV84Lm95XaFZyBjtg=,HLxitGaSLxrygzlzgM62xEeKR4A=
-8,42,+4DIdr3p2ZrV84Lm95XaFZyBjtg=,HLxitGaSLxrygzlzgM62xEeKR4A=
-1,41,+4DIdr3p2ZrV84Lm95XaFZyBjtg=,HLxitGaSLxrygzlzgM62xEeKR4A=
-2,41,+4DIdr3p2ZrV84Lm95XaFZyBjtg=,HLxitGaSLxrygzlzgM62xEeKR4A=
-3,41,+4DIdr3p2ZrV84Lm95XaFZyBjtg=,HLxitGaSLxrygzlzgM62xEeKR4A=
-4,41,+4DIdr3p2ZrV84Lm95XaFZyBjtg=,HLxitGaSLxrygzlzgM62xEeKR4A=
-5,41,+4DIdr3p2ZrV84Lm95XaFZyBjtg=,HLxitGaSLxrygzlzgM62xEeKR4A=
-2,44,+4DIdr3p2ZrV84Lm95XaFZyBjtg=,HLxitGaSLxrygzlzgM62xEeKR4A=
-1,44,+4DIdr3p2ZrV84Lm95XaFZyBjtg=,HLxitGaSLxrygzlzgM62xEeKR4A=
-9,45,+4DIdr3p2ZrV84Lm95XaFZyBjtg=,v8DorwzyQamr/N2rqvrJBl9yvDk=
-5,47,+4DIdr3p2ZrV84Lm95XaFZyBjtg=,HLxitGaSLxrygzlzgM62xEeKR4A=
-4,47,+4DIdr3p2ZrV84Lm95XaFZyBjtg=,HLxitGaSLxrygzlzgM62xEeKR4A=
-6,47,+4DIdr3p2ZrV84Lm95XaFZyBjtg=,HLxitGaSLxrygzlzgM62xEeKR4A=
-7,47,+4DIdr3p2ZrV84Lm95XaFZyBjtg=,HLxitGaSLxrygzlzgM62xEeKR4A=
-8,47,+4DIdr3p2ZrV84Lm95XaFZyBjtg=,HLxitGaSLxrygzlzgM62xEeKR4A=
-6,41,+4DIdr3p2ZrV84Lm95XaFZyBjtg=,HLxitGaSLxrygzlzgM62xEeKR4A=
-8,45,+4DIdr3p2ZrV84Lm95XaFZyBjtg=,HLxitGaSLxrygzlzgM62xEeKR4A=
-7,41,+4DIdr3p2ZrV84Lm95XaFZyBjtg=,HLxitGaSLxrygzlzgM62xEeKR4A=
-1,46,+4DIdr3p2ZrV84Lm95XaFZyBjtg=,HLxitGaSLxrygzlzgM62xEeKR4A=
-8,41,+4DIdr3p2ZrV84Lm95XaFZyBjtg=,HLxitGaSLxrygzlzgM62xEeKR4A=
-9,47,+4DIdr3p2ZrV84Lm95XaFZyBjtg=,v8DorwzyQamr/N2rqvrJBl9yvDk=
-8,46,+4DIdr3p2ZrV84Lm95XaFZyBjtg=,HLxitGaSLxrygzlzgM62xEeKR4A=
-2,46,+4DIdr3p2ZrV84Lm95XaFZyBjtg=,HLxitGaSLxrygzlzgM62xEeKR4A=
-4,46,+4DIdr3p2ZrV84Lm95XaFZyBjtg=,HLxitGaSLxrygzlzgM62xEeKR4A=
-7,45,+4DIdr3p2ZrV84Lm95XaFZyBjtg=,HLxitGaSLxrygzlzgM62xEeKR4A=
-7,46,+4DIdr3p2ZrV84Lm95XaFZyBjtg=,HLxitGaSLxrygzlzgM62xEeKR4A=
-9,42,+4DIdr3p2ZrV84Lm95XaFZyBjtg=,v8DorwzyQamr/N2rqvrJBl9yvDk=
-7,37,+4DIdr3p2ZrV84Lm95XaFZyBjtg=,O/VohN29GsPzdhUK/zYGw88MG3w=
-1,45,+4DIdr3p2ZrV84Lm95XaFZyBjtg=,HLxitGaSLxrygzlzgM62xEeKR4A=
-9,46,+4DIdr3p2ZrV84Lm95XaFZyBjtg=,v8DorwzyQamr/N2rqvrJBl9yvDk=
-8,37,+4DIdr3p2ZrV84Lm95XaFZyBjtg=,O/VohN29GsPzdhUK/zYGw88MG3w=
-3,45,+4DIdr3p2ZrV84Lm95XaFZyBjtg=,HLxitGaSLxrygzlzgM62xEeKR4A=
-4,45,+4DIdr3p2ZrV84Lm95XaFZyBjtg=,HLxitGaSLxrygzlzgM62xEeKR4A=
-4,37,+4DIdr3p2ZrV84Lm95XaFZyBjtg=,O/VohN29GsPzdhUK/zYGw88MG3w=
-5,37,+4DIdr3p2ZrV84Lm95XaFZyBjtg=,O/VohN29GsPzdhUK/zYGw88MG3w=
-3,46,+4DIdr3p2ZrV84Lm95XaFZyBjtg=,HLxitGaSLxrygzlzgM62xEeKR4A=
-5,46,+4DIdr3p2ZrV84Lm95XaFZyBjtg=,HLxitGaSLxrygzlzgM62xEeKR4A=
-6,46,+4DIdr3p2ZrV84Lm95XaFZyBjtg=,HLxitGaSLxrygzlzgM62xEeKR4A=
-7,36,+4DIdr3p2ZrV84Lm95XaFZyBjtg=,O/VohN29GsPzdhUK/zYGw88MG3w=
-8,36,+4DIdr3p2ZrV84Lm95XaFZyBjtg=,O/VohN29GsPzdhUK/zYGw88MG3w=
-6,37,+4DIdr3p2ZrV84Lm95XaFZyBjtg=,O/VohN29GsPzdhUK/zYGw88MG3w=
-6,36,+4DIdr3p2ZrV84Lm95XaFZyBjtg=,O/VohN29GsPzdhUK/zYGw88MG3w=
-2,45,+4DIdr3p2ZrV84Lm95XaFZyBjtg=,HLxitGaSLxrygzlzgM62xEeKR4A=
-1,35,+4DIdr3p2ZrV84Lm95XaFZyBjtg=,O/VohN29GsPzdhUK/zYGw88MG3w=
-2,36,+4DIdr3p2ZrV84Lm95XaFZyBjtg=,O/VohN29GsPzdhUK/zYGw88MG3w=
-6,45,+4DIdr3p2ZrV84Lm95XaFZyBjtg=,HLxitGaSLxrygzlzgM62xEeKR4A=
-7,35,+4DIdr3p2ZrV84Lm95XaFZyBjtg=,O/VohN29GsPzdhUK/zYGw88MG3w=
-8,35,+4DIdr3p2ZrV84Lm95XaFZyBjtg=,O/VohN29GsPzdhUK/zYGw88MG3w=
-1,36,+4DIdr3p2ZrV84Lm95XaFZyBjtg=,O/VohN29GsPzdhUK/zYGw88MG3w=
-1,40,+4DIdr3p2ZrV84Lm95XaFZyBjtg=,HLxitGaSLxrygzlzgM62xEeKR4A=
-6,35,+4DIdr3p2ZrV84Lm95XaFZyBjtg=,O/VohN29GsPzdhUK/zYGw88MG3w=
-2,40,+4DIdr3p2ZrV84Lm95XaFZyBjtg=,HLxitGaSLxrygzlzgM62xEeKR4A=
-3,40,+4DIdr3p2ZrV84Lm95XaFZyBjtg=,HLxitGaSLxrygzlzgM62xEeKR4A=
-4,40,+4DIdr3p2ZrV84Lm95XaFZyBjtg=,HLxitGaSLxrygzlzgM62xEeKR4A=
-5,40,+4DIdr3p2ZrV84Lm95XaFZyBjtg=,HLxitGaSLxrygzlzgM62xEeKR4A=
-6,40,+4DIdr3p2ZrV84Lm95XaFZyBjtg=,HLxitGaSLxrygzlzgM62xEeKR4A=
-7,40,+4DIdr3p2ZrV84Lm95XaFZyBjtg=,HLxitGaSLxrygzlzgM62xEeKR4A=
-8,40,+4DIdr3p2ZrV84Lm95XaFZyBjtg=,HLxitGaSLxrygzlzgM62xEeKR4A=
-3,36,+4DIdr3p2ZrV84Lm95XaFZyBjtg=,O/VohN29GsPzdhUK/zYGw88MG3w=
-3,37,+4DIdr3p2ZrV84Lm95XaFZyBjtg=,O/VohN29GsPzdhUK/zYGw88MG3w=
-3,34,+4DIdr3p2ZrV84Lm95XaFZyBjtg=,O/VohN29GsPzdhUK/zYGw88MG3w=
-9,40,+4DIdr3p2ZrV84Lm95XaFZyBjtg=,v8DorwzyQamr/N2rqvrJBl9yvDk=
-5,36,+4DIdr3p2ZrV84Lm95XaFZyBjtg=,O/VohN29GsPzdhUK/zYGw88MG3w=
-4,34,+4DIdr3p2ZrV84Lm95XaFZyBjtg=,O/VohN29GsPzdhUK/zYGw88MG3w=
-7,34,+4DIdr3p2ZrV84Lm95XaFZyBjtg=,O/VohN29GsPzdhUK/zYGw88MG3w=
-8,34,+4DIdr3p2ZrV84Lm95XaFZyBjtg=,O/VohN29GsPzdhUK/zYGw88MG3w=
-3,35,+4DIdr3p2ZrV84Lm95XaFZyBjtg=,O/VohN29GsPzdhUK/zYGw88MG3w=
-5,45,+4DIdr3p2ZrV84Lm95XaFZyBjtg=,HLxitGaSLxrygzlzgM62xEeKR4A=
-5,34,+4DIdr3p2ZrV84Lm95XaFZyBjtg=,O/VohN29GsPzdhUK/zYGw88MG3w=
-4,35,+4DIdr3p2ZrV84Lm95XaFZyBjtg=,O/VohN29GsPzdhUK/zYGw88MG3w=
-1,33,+4DIdr3p2ZrV84Lm95XaFZyBjtg=,O/VohN29GsPzdhUK/zYGw88MG3w=
-2,34,+4DIdr3p2ZrV84Lm95XaFZyBjtg=,O/VohN29GsPzdhUK/zYGw88MG3w=
-4,36,+4DIdr3p2ZrV84Lm95XaFZyBjtg=,O/VohN29GsPzdhUK/zYGw88MG3w=
-4,33,+4DIdr3p2ZrV84Lm95XaFZyBjtg=,O/VohN29GsPzdhUK/zYGw88MG3w=
-7,33,+4DIdr3p2ZrV84Lm95XaFZyBjtg=,O/VohN29GsPzdhUK/zYGw88MG3w=
-8,33,+4DIdr3p2ZrV84Lm95XaFZyBjtg=,O/VohN29GsPzdhUK/zYGw88MG3w=
-2,35,+4DIdr3p2ZrV84Lm95XaFZyBjtg=,O/VohN29GsPzdhUK/zYGw88MG3w=
-6,34,+4DIdr3p2ZrV84Lm95XaFZyBjtg=,O/VohN29GsPzdhUK/zYGw88MG3w=
-6,33,+4DIdr3p2ZrV84Lm95XaFZyBjtg=,O/VohN29GsPzdhUK/zYGw88MG3w=
-5,35,+4DIdr3p2ZrV84Lm95XaFZyBjtg=,O/VohN29GsPzdhUK/zYGw88MG3w=
-1,39,+4DIdr3p2ZrV84Lm95XaFZyBjtg=,O/VohN29GsPzdhUK/zYGw88MG3w=
-3,39,+4DIdr3p2ZrV84Lm95XaFZyBjtg=,O/VohN29GsPzdhUK/zYGw88MG3w=
-2,39,+4DIdr3p2ZrV84Lm95XaFZyBjtg=,O/VohN29GsPzdhUK/zYGw88MG3w=
-4,39,+4DIdr3p2ZrV84Lm95XaFZyBjtg=,O/VohN29GsPzdhUK/zYGw88MG3w=
-5,39,+4DIdr3p2ZrV84Lm95XaFZyBjtg=,O/VohN29GsPzdhUK/zYGw88MG3w=
-6,39,+4DIdr3p2ZrV84Lm95XaFZyBjtg=,O/VohN29GsPzdhUK/zYGw88MG3w=
-7,32,+4DIdr3p2ZrV84Lm95XaFZyBjtg=,O/VohN29GsPzdhUK/zYGw88MG3w=
-7,39,+4DIdr3p2ZrV84Lm95XaFZyBjtg=,O/VohN29GsPzdhUK/zYGw88MG3w=
-8,39,+4DIdr3p2ZrV84Lm95XaFZyBjtg=,O/VohN29GsPzdhUK/zYGw88MG3w=
-1,34,+4DIdr3p2ZrV84Lm95XaFZyBjtg=,O/VohN29GsPzdhUK/zYGw88MG3w=
-3,33,+4DIdr3p2ZrV84Lm95XaFZyBjtg=,O/VohN29GsPzdhUK/zYGw88MG3w=
-1,32,+4DIdr3p2ZrV84Lm95XaFZyBjtg=,O/VohN29GsPzdhUK/zYGw88MG3w=
-8,32,+4DIdr3p2ZrV84Lm95XaFZyBjtg=,O/VohN29GsPzdhUK/zYGw88MG3w=
-6,32,+4DIdr3p2ZrV84Lm95XaFZyBjtg=,O/VohN29GsPzdhUK/zYGw88MG3w=
-3,38,+4DIdr3p2ZrV84Lm95XaFZyBjtg=,O/VohN29GsPzdhUK/zYGw88MG3w=
-6,38,+4DIdr3p2ZrV84Lm95XaFZyBjtg=,O/VohN29GsPzdhUK/zYGw88MG3w=
-7,38,+4DIdr3p2ZrV84Lm95XaFZyBjtg=,O/VohN29GsPzdhUK/zYGw88MG3w=
-8,38,+4DIdr3p2ZrV84Lm95XaFZyBjtg=,O/VohN29GsPzdhUK/zYGw88MG3w=
-2,37,+4DIdr3p2ZrV84Lm95XaFZyBjtg=,O/VohN29GsPzdhUK/zYGw88MG3w=
-4,38,+4DIdr3p2ZrV84Lm95XaFZyBjtg=,O/VohN29GsPzdhUK/zYGw88MG3w=
-5,33,+4DIdr3p2ZrV84Lm95XaFZyBjtg=,O/VohN29GsPzdhUK/zYGw88MG3w=
-5,38,+4DIdr3p2ZrV84Lm95XaFZyBjtg=,O/VohN29GsPzdhUK/zYGw88MG3w=
-2,32,+4DIdr3p2ZrV84Lm95XaFZyBjtg=,O/VohN29GsPzdhUK/zYGw88MG3w=
-2,33,+4DIdr3p2ZrV84Lm95XaFZyBjtg=,O/VohN29GsPzdhUK/zYGw88MG3w=
-5,32,+4DIdr3p2ZrV84Lm95XaFZyBjtg=,O/VohN29GsPzdhUK/zYGw88MG3w=
-4,32,+4DIdr3p2ZrV84Lm95XaFZyBjtg=,O/VohN29GsPzdhUK/zYGw88MG3w=
-3,32,+4DIdr3p2ZrV84Lm95XaFZyBjtg=,O/VohN29GsPzdhUK/zYGw88MG3w=
-1,38,+4DIdr3p2ZrV84Lm95XaFZyBjtg=,O/VohN29GsPzdhUK/zYGw88MG3w=
-2,38,+4DIdr3p2ZrV84Lm95XaFZyBjtg=,O/VohN29GsPzdhUK/zYGw88MG3w=
-1,37,+4DIdr3p2ZrV84Lm95XaFZyBjtg=,O/VohN29GsPzdhUK/zYGw88MG3w=
