-12,-43,7l4z6BpyYqOW0gVZ712cPBxlaEM=,x4lG1b39bZd3jymeNgi2/gHcs50=
-11,-43,7l4z6BpyYqOW0gVZ712cPBxlaEM=,x4lG1b39bZd3jymeNgi2/gHcs50=
-10,-43,7l4z6BpyYqOW0gVZ712cPBxlaEM=,x4lG1b39bZd3jymeNgi2/gHcs50=
-15,-42,7l4z6BpyYqOW0gVZ712cPBxlaEM=,x4lG1b39bZd3jymeNgi2/gHcs50=
-14,-42,7l4z6BpyYqOW0gVZ712cPBxlaEM=,x4lG1b39bZd3jymeNgi2/gHcs50=
-13,-42,7l4z6BpyYqOW0gVZ712cPBxlaEM=,x4lG1b39bZd3jymeNgi2/gHcs50=
-12,-42,7l4z6BpyYqOW0gVZ712cPBxlaEM=,x4lG1b39bZd3jymeNgi2/gHcs50=
-11,-42,7l4z6BpyYqOW0gVZ712cPBxlaEM=,x4lG1b39bZd3jymeNgi2/gHcs50=
-10,-42,7l4z6BpyYqOW0gVZ712cPBxlaEM=,x4lG1b39bZd3jymeNgi2/gHcs50=
-15,-47,7l4z6BpyYqOW0gVZ712cPBxlaEM=,x4lG1b39bZd3jymeNgi2/gHcs50=
-14,-47,7l4z6BpyYqOW0gVZ712cPBxlaEM=,x4lG1b39bZd3jymeNgi2/gHcs50=
-13,-47,7l4z6BpyYqOW0gVZ712cPBxlaEM=,x4lG1b39bZd3jymeNgi2/gHcs50=
-12,-47,7l4z6BpyYqOW0gVZ712cPBxlaEM=,x4lG1b39bZd3jymeNgi2/gHcs50=
-11,-47,ynQkeEmie7SzAUPwAPPAchogAkg=,x4lG1b39bZd3jymeNgi2/gHcs50=
-10,-47,ynQkeEmie7SzAUPwAPPAchogAkg=,x4lG1b39bZd3jymeNgi2/gHcs50=
-12,-37,ynQkeEmie7SzAUPwAPPAchogAkg=,ktc+faEaWgOjCOKjc6agUhDPLDg=
-11,-37,ynQkeEmie7SzAUPwAPPAchogAkg=,ktc+faEaWgOjCOKjc6agUhDPLDg=
-13,-43,ynQkeEmie7SzAUPwAPPAchogAkg=,x4lG1b39bZd3jymeNgi2/gHcs50=
-14,-43,ynQkeEmie7SzAUPwAPPAchogAkg=,x4lG1b39bZd3jymeNgi2/gHcs50=
-15,-43,ynQkeEmie7SzAUPwAPPAchogAkg=,x4lG1b39bZd3jymeNgi2/gHcs50=
-10,-44,ynQkeEmie7SzAUPwAPPAchogAkg=,x4lG1b39bZd3jymeNgi2/gHcs50=
-11,-44,ynQkeEmie7SzAUPwAPPAchogAkg=,x4lG1b39bZd3jymeNgi2/gHcs50=
-12,-44,ynQkeEmie7SzAUPwAPPAchogAkg=,x4lG1b39bZd3jymeNgi2/gHcs50=
-13,-44,ynQkeEmie7SzAUPwAPPAchogAkg=,x4lG1b39bZd3jymeNgi2/gHcs50=
-14,-44,ynQkeEmie7SzAUPwAPPAchogAkg=,x4lG1b39bZd3jymeNgi2/gHcs50=
-15,-44,ynQkeEmie7SzAUPwAPPAchogAkg=,x4lG1b39bZd3jymeNgi2/gHcs50=
-10,-45,ynQkeEmie7SzAUPwAPPAchogAkg=,x4lG1b39bZd3jymeNgi2/gHcs50=
-10,-37,ynQkeEmie7SzAUPwAPPAchogAkg=,ktc+faEaWgOjCOKjc6agUhDPLDg=
-15,-36,ynQkeEmie7SzAUPwAPPAchogAkg=,ktc+faEaWgOjCOKjc6agUhDPLDg=
-14,-36,ynQkeEmie7SzAUPwAPPAchogAkg=,ktc+faEaWgOjCOKjc6agUhDPLDg=
-15,-41,ynQkeEmie7SzAUPwAPPAchogAkg=,x4lG1b39bZd3jymeNgi2/gHcs50=
-14,-41,ynQkeEmie7SzAUPwAPPAchogAkg=,x4lG1b39bZd3jymeNgi2/gHcs50=
-13,-41,ynQkeEmie7SzAUPwAPPAchogAkg=,x4lG1b39bZd3jymeNgi2/gHcs50=
-12,-41,ynQkeEmie7SzAUPwAPPAchogAkg=,x4lG1b39bZd3jymeNgi2/gHcs50=
-13,-36,ynQkeEmie7SzAUPwAPPAchogAkg=,ktc+faEaWgOjCOKjc6agUhDPLDg=
-12,-36,ynQkeEmie7SzAUPwAPPAchogAkg=,ktc+faEaWgOjCOKjc6agUhDPLDg=
-11,-41,ynQkeEmie7SzAUPwAPPAchogAkg=,x4lG1b39bZd3jymeNgi2/gHcs50=
-10,-41,ynQkeEmie7SzAUPwAPPAchogAkg=,x4lG1b39bZd3jymeNgi2/gHcs50=
-11,-45,ynQkeEmie7SzAUPwAPPAchogAkg=,x4lG1b39bZd3jymeNgi2/gHcs50=
-11,-36,ynQkeEmie7SzAUPwAPPAchogAkg=,ktc+faEaWgOjCOKjc6agUhDPLDg=
-10,-36,ynQkeEmie7SzAUPwAPPAchogAkg=,ktc+faEaWgOjCOKjc6agUhDPLDg=
-15,-40,ynQkeEmie7SzAUPwAPPAchogAkg=,ktc+faEaWgOjCOKjc6agUhDPLDg=
-15,-35,ynQkeEmie7SzAUPwAPPAchogAkg=,ktc+faEaWgOjCOKjc6agUhDPLDg=
-14,-40,ynQkeEmie7SzAUPwAPPAchogAkg=,ktc+faEaWgOjCOKjc6agUhDPLDg=
-14,-35,ynQkeEmie7SzAUPwAPPAchogAkg=,ktc+faEaWgOjCOKjc6agUhDPLDg=
-13,-40,ynQkeEmie7SzAUPwAPPAchogAkg=,ktc+faEaWgOjCOKjc6agUhDPLDg=
-12,-40,ynQkeEmie7SzAUPwAPPAchogAkg=,ktc+faEaWgOjCOKjc6agUhDPLDg=
-11,-40,ynQkeEmie7SzAUPwAPPAchogAkg=,ktc+faEaWgOjCOKjc6agUhDPLDg=
-13,-35,ynQkeEmie7SzAUPwAPPAchogAkg=,ktc+faEaWgOjCOKjc6agUhDPLDg=
-10,-40,ynQkeEmie7SzAUPwAPPAchogAkg=,ktc+faEaWgOjCOKjc6agUhDPLDg=
-12,-35,ynQkeEmie7SzAUPwAPPAchogAkg=,ktc+faEaWgOjCOKjc6agUhDPLDg=
-11,-35,ynQkeEmie7SzAUPwAPPAchogAkg=,ktc+faEaWgOjCOKjc6agUhDPLDg=
-12,-45,ynQkeEmie7SzAUPwAPPAchogAkg=,x4lG1b39bZd3jymeNgi2/gHcs50=
-13,-45,ynQkeEmie7SzAUPwAPPAchogAkg=,x4lG1b39bZd3jymeNgi2/gHcs50=
-14,-45,ynQkeEmie7SzAUPwAPPAchogAkg=,x4lG1b39bZd3jymeNgi2/gHcs50=
-15,-45,ynQkeEmie7SzAUPwAPPAchogAkg=,x4lG1b39bZd3jymeNgi2/gHcs50=
-10,-46,ynQkeEmie7SzAUPwAPPAchogAkg=,x4lG1b39bZd3jymeNgi2/gHcs50=
-11,-46,ynQkeEmie7SzAUPwAPPAchogAkg=,x4lG1b39bZd3jymeNgi2/gHcs50=
-12,-46,ynQkeEmie7SzAUPwAPPAchogAkg=,x4lG1b39bZd3jymeNgi2/gHcs50=
-13,-46,ynQkeEmie7SzAUPwAPPAchogAkg=,x4lG1b39bZd3jymeNgi2/gHcs50=
-14,-46,ynQkeEmie7SzAUPwAPPAchogAkg=,x4lG1b39bZd3jymeNgi2/gHcs50=
-15,-46,ynQkeEmie7SzAUPwAPPAchogAkg=,x4lG1b39bZd3jymeNgi2/gHcs50=
-10,-35,ynQkeEmie7SzAUPwAPPAchogAkg=,ktc+faEaWgOjCOKjc6agUhDPLDg=
-15,-39,ynQkeEmie7SzAUPwAPPAchogAkg=,ktc+faEaWgOjCOKjc6agUhDPLDg=
-14,-39,ynQkeEmie7SzAUPwAPPAchogAkg=,ktc+faEaWgOjCOKjc6agUhDPLDg=
-13,-39,ynQkeEmie7SzAUPwAPPAchogAkg=,ktc+faEaWgOjCOKjc6agUhDPLDg=
-15,-34,ynQkeEmie7SzAUPwAPPAchogAkg=,ktc+faEaWgOjCOKjc6agUhDPLDg=
-14,-34,ynQkeEmie7SzAUPwAPPAchogAkg=,ktc+faEaWgOjCOKjc6agUhDPLDg=
-13,-34,ynQkeEmie7SzAUPwAPPAchogAkg=,ktc+faEaWgOjCOKjc6agUhDPLDg=
-12,-34,ynQkeEmie7SzAUPwAPPAchogAkg=,ktc+faEaWgOjCOKjc6agUhDPLDg=
-12,-39,ynQkeEmie7SzAUPwAPPAchogAkg=,ktc+faEaWgOjCOKjc6agUhDPLDg=
-11,-34,ynQkeEmie7SzAUPwAPPAchogAkg=,ktc+faEaWgOjCOKjc6agUhDPLDg=
-13,-37,ynQkeEmie7SzAUPwAPPAchogAkg=,ktc+faEaWgOjCOKjc6agUhDPLDg=
-14,-37,ynQkeEmie7SzAUPwAPPAchogAkg=,ktc+faEaWgOjCOKjc6agUhDPLDg=
-15,-37,ynQkeEmie7SzAUPwAPPAchogAkg=,ktc+faEaWgOjCOKjc6agUhDPLDg=
-10,-38,ynQkeEmie7SzAUPwAPPAchogAkg=,ktc+faEaWgOjCOKjc6agUhDPLDg=
-15,-33,ynQkeEmie7SzAUPwAPPAchogAkg=,ktc+faEaWgOjCOKjc6agUhDPLDg=
-14,-33,ynQkeEmie7SzAUPwAPPAchogAkg=,ktc+faEaWgOjCOKjc6agUhDPLDg=
-13,-33,ynQkeEmie7SzAUPwAPPAchogAkg=,ktc+faEaWgOjCOKjc6agUhDPLDg=
-10,-34,ynQkeEmie7SzAUPwAPPAchogAkg=,ktc+faEaWgOjCOKjc6agUhDPLDg=
-11,-39,ynQkeEmie7SzAUPwAPPAchogAkg=,ktc+faEaWgOjCOKjc6agUhDPLDg=
-12,-33,ynQkeEmie7SzAUPwAPPAchogAkg=,ktc+faEaWgOjCOKjc6agUhDPLDg=
-10,-39,ynQkeEmie7SzAUPwAPPAchogAkg=,ktc+faEaWgOjCOKjc6agUhDPLDg=
-15,-38,ynQkeEmie7SzAUPwAPPAchogAkg=,ktc+faEaWgOjCOKjc6agUhDPLDg=
-14,-38,ynQkeEmie7SzAUPwAPPAchogAkg=,ktc+faEaWgOjCOKjc6agUhDPLDg=
-13,-38,ynQkeEmie7SzAUPwAPPAchogAkg=,ktc+faEaWgOjCOKjc6agUhDPLDg=
-12,-38,ynQkeEmie7SzAUPwAPPAchogAkg=,ktc+faEaWgOjCOKjc6agUhDPLDg=
-11,-38,ynQkeEmie7SzAUPwAPPAchogAkg=,ktc+faEaWgOjCOKjc6agUhDPLDg=
-10,-33,ynQkeEmie7SzAUPwAPPAchogAkg=,ktc+faEaWgOjCOKjc6agUhDPLDg=
-11,-33,ynQkeEmie7SzAUPwAPPAchogAkg=,ktc+faEaWgOjCOKjc6agUhDPLDg=
-16,-42,ynQkeEmie7SzAUPwAPPAchogAkg=,x4lG1b39bZd3jymeNgi2/gHcs50=
-16,-47,ynQkeEmie7SzAUPwAPPAchogAkg=,x4lG1b39bZd3jymeNgi2/gHcs50=
-16,-46,ynQkeEmie7SzAUPwAPPAchogAkg=,x4lG1b39bZd3jymeNgi2/gHcs50=
-16,-45,ynQkeEmie7SzAUPwAPPAchogAkg=,x4lG1b39bZd3jymeNgi2/gHcs50=
-16,-44,ynQkeEmie7SzAUPwAPPAchogAkg=,x4lG1b39bZd3jymeNgi2/gHcs50=
-16,-43,ynQkeEmie7SzAUPwAPPAchogAkg=,x4lG1b39bZd3jymeNgi2/gHcs50=
-15,-48,ynQkeEmie7SzAUPwAPPAchogAkg=,x4lG1b39bZd3jymeNgi2/gHcs50=
-14,-48,ynQkeEmie7SzAUPwAPPAchogAkg=,x4lG1b39bZd3jymeNgi2/gHcs50=
-13,-48,ynQkeEmie7SzAUPwAPPAchogAkg=,x4lG1b39bZd3jymeNgi2/gHcs50=
-12,-48,ynQkeEmie7SzAUPwAPPAchogAkg=,x4lG1b39bZd3jymeNgi2/gHcs50=
-11,-48,ynQkeEmie7SzAUPwAPPAchogAkg=,x4lG1b39bZd3jymeNgi2/gHcs50=
-10,-48,ynQkeEmie7SzAUPwAPPAchogAkg=,x4lG1b39bZd3jymeNgi2/gHcs50=
-16,-36,ynQkeEmie7SzAUPwAPPAchogAkg=,ktc+faEaWgOjCOKjc6agUhDPLDg=
-16,-41,ynQkeEmie7SzAUPwAPPAchogAkg=,x4lG1b39bZd3jymeNgi2/gHcs50=
-16,-40,ynQkeEmie7SzAUPwAPPAchogAkg=,ktc+faEaWgOjCOKjc6agUhDPLDg=
-16,-35,ynQkeEmie7SzAUPwAPPAchogAkg=,ktc+faEaWgOjCOKjc6agUhDPLDg=
-16,-39,ynQkeEmie7SzAUPwAPPAchogAkg=,ktc+faEaWgOjCOKjc6agUhDPLDg=
-16,-34,ynQkeEmie7SzAUPwAPPAchogAkg=,ktc+faEaWgOjCOKjc6agUhDPLDg=
-16,-38,ynQkeEmie7SzAUPwAPPAchogAkg=,ktc+faEaWgOjCOKjc6agUhDPLDg=
-16,-37,ynQkeEmie7SzAUPwAPPAchogAkg=,ktc+faEaWgOjCOKjc6agUhDPLDg=
-16,-33,ynQkeEmie7SzAUPwAPPAchogAkg=,ktc+faEaWgOjCOKjc6agUhDPLDg=
-16,-48,ynQkeEmie7SzAUPwAPPAchogAkg=,x4lG1b39bZd3jymeNgi2/gHcs50=
-9,-43,ynQkeEmie7SzAUPwAPPAchogAkg=,x4lG1b39bZd3jymeNgi2/gHcs50=
-8,-48,ynQkeEmie7SzAUPwAPPAchogAkg=,sRJT5DEzukEELJS9g89nFktsLKQ=
-7,-48,ynQkeEmie7SzAUPwAPPAchogAkg=,sRJT5DEzukEELJS9g89nFktsLKQ=
-6,-48,ynQkeEmie7SzAUPwAPPAchogAkg=,sRJT5DEzukEELJS9g89nFktsLKQ=
-9,-42,ynQkeEmie7SzAUPwAPPAchogAkg=,x4lG1b39bZd3jymeNgi2/gHcs50=
-5,-48,ynQkeEmie7SzAUPwAPPAchogAkg=,sRJT5DEzukEELJS9g89nFktsLKQ=
-4,-48,ynQkeEmie7SzAUPwAPPAchogAkg=,sRJT5DEzukEELJS9g89nFktsLKQ=
-3,-48,ynQkeEmie7SzAUPwAPPAchogAkg=,sRJT5DEzukEELJS9g89nFktsLKQ=
-2,-48,ynQkeEmie7SzAUPwAPPAchogAkg=,sRJT5DEzukEELJS9g89nFktsLKQ=
-1,-48,ynQkeEmie7SzAUPwAPPAchogAkg=,sRJT5DEzukEELJS9g89nFktsLKQ=
-8,-47,ynQkeEmie7SzAUPwAPPAchogAkg=,sRJT5DEzukEELJS9g89nFktsLKQ=
-7,-47,ynQkeEmie7SzAUPwAPPAchogAkg=,sRJT5DEzukEELJS9g89nFktsLKQ=
-6,-47,ynQkeEmie7SzAUPwAPPAchogAkg=,sRJT5DEzukEELJS9g89nFktsLKQ=
-5,-47,ynQkeEmie7SzAUPwAPPAchogAkg=,sRJT5DEzukEELJS9g89nFktsLKQ=
-4,-47,ynQkeEmie7SzAUPwAPPAchogAkg=,sRJT5DEzukEELJS9g89nFktsLKQ=
-9,-48,ynQkeEmie7SzAUPwAPPAchogAkg=,x4lG1b39bZd3jymeNgi2/gHcs50=
-3,-47,ynQkeEmie7SzAUPwAPPAchogAkg=,sRJT5DEzukEELJS9g89nFktsLKQ=
-2,-47,ynQkeEmie7SzAUPwAPPAchogAkg=,sRJT5DEzukEELJS9g89nFktsLKQ=
-1,-47,ynQkeEmie7SzAUPwAPPAchogAkg=,sRJT5DEzukEELJS9g89nFktsLKQ=
-8,-46,ynQkeEmie7SzAUPwAPPAchogAkg=,sRJT5DEzukEELJS9g89nFktsLKQ=
-1,-42,ynQkeEmie7SzAUPwAPPAchogAkg=,sRJT5DEzukEELJS9g89nFktsLKQ=
-7,-46,ynQkeEmie7SzAUPwAPPAchogAkg=,sRJT5DEzukEELJS9g89nFktsLKQ=
-2,-42,ynQkeEmie7SzAUPwAPPAchogAkg=,sRJT5DEzukEELJS9g89nFktsLKQ=
-6,-46,ynQkeEmie7SzAUPwAPPAchogAkg=,sRJT5DEzukEELJS9g89nFktsLKQ=
-9,-47,ynQkeEmie7SzAUPwAPPAchogAkg=,x4lG1b39bZd3jymeNgi2/gHcs50=
-5,-46,ynQkeEmie7SzAUPwAPPAchogAkg=,sRJT5DEzukEELJS9g89nFktsLKQ=
-4,-46,ynQkeEmie7SzAUPwAPPAchogAkg=,sRJT5DEzukEELJS9g89nFktsLKQ=
-3,-42,ynQkeEmie7SzAUPwAPPAchogAkg=,sRJT5DEzukEELJS9g89nFktsLKQ=
-3,-46,ynQkeEmie7SzAUPwAPPAchogAkg=,sRJT5DEzukEELJS9g89nFktsLKQ=
-2,-46,ynQkeEmie7SzAUPwAPPAchogAkg=,sRJT5DEzukEELJS9g89nFktsLKQ=
-1,-46,ynQkeEmie7SzAUPwAPPAchogAkg=,sRJT5DEzukEELJS9g89nFktsLKQ=
-8,-45,ynQkeEmie7SzAUPwAPPAchogAkg=,sRJT5DEzukEELJS9g89nFktsLKQ=
-7,-45,ynQkeEmie7SzAUPwAPPAchogAkg=,sRJT5DEzukEELJS9g89nFktsLKQ=
-6,-45,ynQkeEmie7SzAUPwAPPAchogAkg=,sRJT5DEzukEELJS9g89nFktsLKQ=
-9,-44,ynQkeEmie7SzAUPwAPPAchogAkg=,x4lG1b39bZd3jymeNgi2/gHcs50=
-9,-45,ynQkeEmie7SzAUPwAPPAchogAkg=,x4lG1b39bZd3jymeNgi2/gHcs50=
-5,-45,ynQkeEmie7SzAUPwAPPAchogAkg=,sRJT5DEzukEELJS9g89nFktsLKQ=
-4,-42,ynQkeEmie7SzAUPwAPPAchogAkg=,sRJT5DEzukEELJS9g89nFktsLKQ=
-5,-42,ynQkeEmie7SzAUPwAPPAchogAkg=,sRJT5DEzukEELJS9g89nFktsLKQ=
-6,-42,ynQkeEmie7SzAUPwAPPAchogAkg=,sRJT5DEzukEELJS9g89nFktsLKQ=
-4,-45,ynQkeEmie7SzAUPwAPPAchogAkg=,sRJT5DEzukEELJS9g89nFktsLKQ=
-7,-42,ynQkeEmie7SzAUPwAPPAchogAkg=,sRJT5DEzukEELJS9g89nFktsLKQ=
-1,-43,ynQkeEmie7SzAUPwAPPAchogAkg=,sRJT5DEzukEELJS9g89nFktsLKQ=
-2,-43,ynQkeEmie7SzAUPwAPPAchogAkg=,sRJT5DEzukEELJS9g89nFktsLKQ=
-3,-45,ynQkeEmie7SzAUPwAPPAchogAkg=,sRJT5DEzukEELJS9g89nFktsLKQ=
-3,-43,ynQkeEmie7SzAUPwAPPAchogAkg=,sRJT5DEzukEELJS9g89nFktsLKQ=
-5,-43,ynQkeEmie7SzAUPwAPPAchogAkg=,sRJT5DEzukEELJS9g89nFktsLKQ=
-4,-43,ynQkeEmie7SzAUPwAPPAchogAkg=,sRJT5DEzukEELJS9g89nFktsLKQ=
-4,-33,ynQkeEmie7SzAUPwAPPAchogAkg=,YXmy07jZcCzEaQHFVWKavpegzdg=
-6,-43,ynQkeEmie7SzAUPwAPPAchogAkg=,sRJT5DEzukEELJS9g89nFktsLKQ=
-7,-43,ynQkeEmie7SzAUPwAPPAchogAkg=,sRJT5DEzukEELJS9g89nFktsLKQ=
-8,-43,ynQkeEmie7SzAUPwAPPAchogAkg=,sRJT5DEzukEELJS9g89nFktsLKQ=
-2,-35,ynQkeEmie7SzAUPwAPPAchogAkg=,YXmy07jZcCzEaQHFVWKavpegzdg=
-1,-44,ynQkeEmie7SzAUPwAPPAchogAkg=,sRJT5DEzukEELJS9g89nFktsLKQ=
-9,-46,ynQkeEmie7SzAUPwAPPAchogAkg=,x4lG1b39bZd3jymeNgi2/gHcs50=
-3,-34,ynQkeEmie7SzAUPwAPPAchogAkg=,YXmy07jZcCzEaQHFVWKavpegzdg=
-2,-44,ynQkeEmie7SzAUPwAPPAchogAkg=,sRJT5DEzukEELJS9g89nFktsLKQ=
-3,-44,ynQkeEmie7SzAUPwAPPAchogAkg=,sRJT5DEzukEELJS9g89nFktsLKQ=
-4,-44,ynQkeEmie7SzAUPwAPPAchogAkg=,sRJT5DEzukEELJS9g89nFktsLKQ=
-4,-41,ynQkeEmie7SzAUPwAPPAchogAkg=,sRJT5DEzukEELJS9g89nFktsLKQ=
-8,-42,ynQkeEmie7SzAUPwAPPAchogAkg=,sRJT5DEzukEELJS9g89nFktsLKQ=
-5,-44,ynQkeEmie7SzAUPwAPPAchogAkg=,sRJT5DEzukEELJS9g89nFktsLKQ=
-9,-33,ynQkeEmie7SzAUPwAPPAchogAkg=,ktc+faEaWgOjCOKjc6agUhDPLDg=
-6,-44,ynQkeEmie7SzAUPwAPPAchogAkg=,sRJT5DEzukEELJS9g89nFktsLKQ=
-3,-33,ynQkeEmie7SzAUPwAPPAchogAkg=,YXmy07jZcCzEaQHFVWKavpegzdg=
-7,-44,ynQkeEmie7SzAUPwAPPAchogAkg=,sRJT5DEzukEELJS9g89nFktsLKQ=
-8,-44,ynQkeEmie7SzAUPwAPPAchogAkg=,sRJT5DEzukEELJS9g89nFktsLKQ=
-5,-33,ynQkeEmie7SzAUPwAPPAchogAkg=,YXmy07jZcCzEaQHFVWKavpegzdg=
-1,-45,ynQkeEmie7SzAUPwAPPAchogAkg=,sRJT5DEzukEELJS9g89nFktsLKQ=
-5,-41,ynQkeEmie7SzAUPwAPPAchogAkg=,sRJT5DEzukEELJS9g89nFktsLKQ=
-3,-41,ynQkeEmie7SzAUPwAPPAchogAkg=,sRJT5DEzukEELJS9g89nFktsLKQ=
-6,-41,ynQkeEmie7SzAUPwAPPAchogAkg=,sRJT5DEzukEELJS9g89nFktsLKQ=
-7,-41,ynQkeEmie7SzAUPwAPPAchogAkg=,sRJT5DEzukEELJS9g89nFktsLKQ=
-7,-37,ynQkeEmie7SzAUPwAPPAchogAkg=,YXmy07jZcCzEaQHFVWKavpegzdg=
-6,-33,ynQkeEmie7SzAUPwAPPAchogAkg=,YXmy07jZcCzEaQHFVWKavpegzdg=
-4,-34,ynQkeEmie7SzAUPwAPPAchogAkg=,YXmy07jZcCzEaQHFVWKavpegzdg=
-8,-35,ynQkeEmie7SzAUPwAPPAchogAkg=,YXmy07jZcCzEaQHFVWKavpegzdg=
-8,-41,ynQkeEmie7SzAUPwAPPAchogAkg=,sRJT5DEzukEELJS9g89nFktsLKQ=
-2,-45,ynQkeEmie7SzAUPwAPPAchogAkg=,sRJT5DEzukEELJS9g89nFktsLKQ=
-6,-34,ynQkeEmie7SzAUPwAPPAchogAkg=,YXmy07jZcCzEaQHFVWKavpegzdg=
-7,-34,ynQkeEmie7SzAUPwAPPAchogAkg=,YXmy07jZcCzEaQHFVWKavpegzdg=
-9,-38,ynQkeEmie7SzAUPwAPPAchogAkg=,ktc+faEaWgOjCOKjc6agUhDPLDg=
-2,-41,ynQkeEmie7SzAUPwAPPAchogAkg=,sRJT5DEzukEELJS9g89nFktsLKQ=
-3,-35,ynQkeEmie7SzAUPwAPPAchogAkg=,YXmy07jZcCzEaQHFVWKavpegzdg=
-1,-36,ynQkeEmie7SzAUPwAPPAchogAkg=,YXmy07jZcCzEaQHFVWKavpegzdg=
-2,-33,ynQkeEmie7SzAUPwAPPAchogAkg=,YXmy07jZcCzEaQHFVWKavpegzdg=
-4,-35,ynQkeEmie7SzAUPwAPPAchogAkg=,YXmy07jZcCzEaQHFVWKavpegzdg=
-1,-37,ynQkeEmie7SzAUPwAPPAchogAkg=,YXmy07jZcCzEaQHFVWKavpegzdg=
-1,-38,ynQkeEmie7SzAUPwAPPAchogAkg=,YXmy07jZcCzEaQHFVWKavpegzdg=
-7,-33,ynQkeEmie7SzAUPwAPPAchogAkg=,YXmy07jZcCzEaQHFVWKavpegzdg=
-1,-33,ynQkeEmie7SzAUPwAPPAchogAkg=,YXmy07jZcCzEaQHFVWKavpegzdg=
-8,-33,ynQkeEmie7SzAUPwAPPAchogAkg=,YXmy07jZcCzEaQHFVWKavpegzdg=
-9,-39,ynQkeEmie7SzAUPwAPPAchogAkg=,ktc+faEaWgOjCOKjc6agUhDPLDg=
-1,-34,ynQkeEmie7SzAUPwAPPAchogAkg=,YXmy07jZcCzEaQHFVWKavpegzdg=
-2,-36,ynQkeEmie7SzAUPwAPPAchogAkg=,YXmy07jZcCzEaQHFVWKavpegzdg=
-6,-37,ynQkeEmie7SzAUPwAPPAchogAkg=,YXmy07jZcCzEaQHFVWKavpegzdg=
-2,-34,ynQkeEmie7SzAUPwAPPAchogAkg=,YXmy07jZcCzEaQHFVWKavpegzdg=
-5,-35,ynQkeEmie7SzAUPwAPPAchogAkg=,YXmy07jZcCzEaQHFVWKavpegzdg=
-2,-37,ynQkeEmie7SzAUPwAPPAchogAkg=,YXmy07jZcCzEaQHFVWKavpegzdg=
-8,-36,ynQkeEmie7SzAUPwAPPAchogAkg=,YXmy07jZcCzEaQHFVWKavpegzdg=
-9,-34,ynQkeEmie7SzAUPwAPPAchogAkg=,ktc+faEaWgOjCOKjc6agUhDPLDg=
-3,-37,ynQkeEmie7SzAUPwAPPAchogAkg=,YXmy07jZcCzEaQHFVWKavpegzdg=
-3,-36,ynQkeEmie7SzAUPwAPPAchogAkg=,YXmy07jZcCzEaQHFVWKavpegzdg=
-9,-40,ynQkeEmie7SzAUPwAPPAchogAkg=,ktc+faEaWgOjCOKjc6agUhDPLDg=
-7,-38,ynQkeEmie7SzAUPwAPPAchogAkg=,YXmy07jZcCzEaQHFVWKavpegzdg=
-2,-38,ynQkeEmie7SzAUPwAPPAchogAkg=,YXmy07jZcCzEaQHFVWKavpegzdg=
-4,-36,ynQkeEmie7SzAUPwAPPAchogAkg=,YXmy07jZcCzEaQHFVWKavpegzdg=
-5,-36,ynQkeEmie7SzAUPwAPPAchogAkg=,YXmy07jZcCzEaQHFVWKavpegzdg=
-4,-37,ynQkeEmie7SzAUPwAPPAchogAkg=,YXmy07jZcCzEaQHFVWKavpegzdg=
-9,-37,ynQkeEmie7SzAUPwAPPAchogAkg=,ktc+faEaWgOjCOKjc6agUhDPLDg=
-3,-38,ynQkeEmie7SzAUPwAPPAchogAkg=,YXmy07jZcCzEaQHFVWKavpegzdg=
-5,-34,ynQkeEmie7SzAUPwAPPAchogAkg=,YXmy07jZcCzEaQHFVWKavpegzdg=
-6,-36,ynQkeEmie7SzAUPwAPPAchogAkg=,YXmy07jZcCzEaQHFVWKavpegzdg=
-9,-36,ynQkeEmie7SzAUPwAPPAchogAkg=,ktc+faEaWgOjCOKjc6agUhDPLDg=
-8,-40,ynQkeEmie7SzAUPwAPPAchogAkg=,YXmy07jZcCzEaQHFVWKavpegzdg=
-9,-41,ynQkeEmie7SzAUPwAPPAchogAkg=,x4lG1b39bZd3jymeNgi2/gHcs50=
-7,-36,ynQkeEmie7SzAUPwAPPAchogAkg=,YXmy07jZcCzEaQHFVWKavpegzdg=
-4,-38,ynQkeEmie7SzAUPwAPPAchogAkg=,YXmy07jZcCzEaQHFVWKavpegzdg=
-1,-35,ynQkeEmie7SzAUPwAPPAchogAkg=,YXmy07jZcCzEaQHFVWKavpegzdg=
-6,-40,ynQkeEmie7SzAUPwAPPAchogAkg=,YXmy07jZcCzEaQHFVWKavpegzdg=
-5,-37,ynQkeEmie7SzAUPwAPPAchogAkg=,YXmy07jZcCzEaQHFVWKavpegzdg=
-1,-41,ynQkeEmie7SzAUPwAPPAchogAkg=,sRJT5DEzukEELJS9g89nFktsLKQ=
-8,-37,ynQkeEmie7SzAUPwAPPAchogAkg=,YXmy07jZcCzEaQHFVWKavpegzdg=
-8,-34,ynQkeEmie7SzAUPwAPPAchogAkg=,YXmy07jZcCzEaQHFVWKavpegzdg=
-1,-39,ynQkeEmie7SzAUPwAPPAchogAkg=,YXmy07jZcCzEaQHFVWKavpegzdg=
-2,-39,ynQkeEmie7SzAUPwAPPAchogAkg=,YXmy07jZcCzEaQHFVWKavpegzdg=
-6,-38,ynQkeEmie7SzAUPwAPPAchogAkg=,YXmy07jZcCzEaQHFVWKavpegzdg=
-7,-40,ynQkeEmie7SzAUPwAPPAchogAkg=,YXmy07jZcCzEaQHFVWKavpegzdg=
-6,-35,ynQkeEmie7SzAUPwAPPAchogAkg=,YXmy07jZcCzEaQHFVWKavpegzdg=
-6,-39,ynQkeEmie7SzAUPwAPPAchogAkg=,YXmy07jZcCzEaQHFVWKavpegzdg=
-7,-39,ynQkeEmie7SzAUPwAPPAchogAkg=,YXmy07jZcCzEaQHFVWKavpegzdg=
-5,-40,ynQkeEmie7SzAUPwAPPAchogAkg=,YXmy07jZcCzEaQHFVWKavpegzdg=
-8,-39,ynQkeEmie7SzAUPwAPPAchogAkg=,YXmy07jZcCzEaQHFVWKavpegzdg=
-1,-40,ynQkeEmie7SzAUPwAPPAchogAkg=,YXmy07jZcCzEaQHFVWKavpegzdg=
-2,-40,ynQkeEmie7SzAUPwAPPAchogAkg=,YXmy07jZcCzEaQHFVWKavpegzdg=
-8,-38,ynQkeEmie7SzAUPwAPPAchogAkg=,YXmy07jZcCzEaQHFVWKavpegzdg=
-5,-39,ynQkeEmie7SzAUPwAPPAchogAkg=,YXmy07jZcCzEaQHFVWKavpegzdg=
-3,-40,ynQkeEmie7SzAUPwAPPAchogAkg=,YXmy07jZcCzEaQHFVWKavpegzdg=
-4,-40,ynQkeEmie7SzAUPwAPPAchogAkg=,YXmy07jZcCzEaQHFVWKavpegzdg=
-3,-39,ynQkeEmie7SzAUPwAPPAchogAkg=,YXmy07jZcCzEaQHFVWKavpegzdg=
-9,-35,ynQkeEmie7SzAUPwAPPAchogAkg=,ktc+faEaWgOjCOKjc6agUhDPLDg=
-4,-39,ynQkeEmie7SzAUPwAPPAchogAkg=,YXmy07jZcCzEaQHFVWKavpegzdg=
-7,-35,ynQkeEmie7SzAUPwAPPAchogAkg=,YXmy07jZcCzEaQHFVWKavpegzdg=
-5,-38,ynQkeEmie7SzAUPwAPPAchogAkg=,YXmy07jZcCzEaQHFVWKavpegzdg=
