6,14,qQ65XLiNEK+DVvqqAOWddp9vOJA=,XY0PvsIoNYx1dTHJwuHRHQHdzvw=
3,9,qQ65XLiNEK+DVvqqAOWddp9vOJA=,XY0PvsIoNYx1dTHJwuHRHQHdzvw=
1,9,qQ65XLiNEK+DVvqqAOWddp9vOJA=,XY0PvsIoNYx1dTHJwuHRHQHdzvw=
2,9,qQ65XLiNEK+DVvqqAOWddp9vOJA=,XY0PvsIoNYx1dTHJwuHRHQHdzvw=
4,9,qQ65XLiNEK+DVvqqAOWddp9vOJA=,XY0PvsIoNYx1dTHJwuHRHQHdzvw=
5,9,qQ65XLiNEK+DVvqqAOWddp9vOJA=,XY0PvsIoNYx1dTHJwuHRHQHdzvw=
6,9,qQ65XLiNEK+DVvqqAOWddp9vOJA=,XY0PvsIoNYx1dTHJwuHRHQHdzvw=
1,10,qQ65XLiNEK+DVvqqAOWddp9vOJA=,XY0PvsIoNYx1dTHJwuHRHQHdzvw=
2,10,qQ65XLiNEK+DVvqqAOWddp9vOJA=,XY0PvsIoNYx1dTHJwuHRHQHdzvw=
4,10,qQ65XLiNEK+DVvqqAOWddp9vOJA=,XY0PvsIoNYx1dTHJwuHRHQHdzvw=
6,8,qQ65XLiNEK+DVvqqAOWddp9vOJA=,XY0PvsIoNYx1dTHJwuHRHQHdzvw=
3,10,qQ65XLiNEK+DVvqqAOWddp9vOJA=,XY0PvsIoNYx1dTHJwuHRHQHdzvw=
6,10,qQ65XLiNEK+DVvqqAOWddp9vOJA=,XY0PvsIoNYx1dTHJwuHRHQHdzvw=
5,8,qQ65XLiNEK+DVvqqAOWddp9vOJA=,XY0PvsIoNYx1dTHJwuHRHQHdzvw=
3,2,qQ65XLiNEK+DVvqqAOWddp9vOJA=,TozHxivGCnYDmyPBgtJM8J/R/x8=
4,8,qQ65XLiNEK+DVvqqAOWddp9vOJA=,XY0PvsIoNYx1dTHJwuHRHQHdzvw=
5,10,qQ65XLiNEK+DVvqqAOWddp9vOJA=,XY0PvsIoNYx1dTHJwuHRHQHdzvw=
1,11,qQ65XLiNEK+DVvqqAOWddp9vOJA=,XY0PvsIoNYx1dTHJwuHRHQHdzvw=
2,8,qQ65XLiNEK+DVvqqAOWddp9vOJA=,XY0PvsIoNYx1dTHJwuHRHQHdzvw=
3,8,qQ65XLiNEK+DVvqqAOWddp9vOJA=,XY0PvsIoNYx1dTHJwuHRHQHdzvw=
1,1,qQ65XLiNEK+DVvqqAOWddp9vOJA=,TozHxivGCnYDmyPBgtJM8J/R/x8=
2,2,qQ65XLiNEK+DVvqqAOWddp9vOJA=,TozHxivGCnYDmyPBgtJM8J/R/x8=
4,2,qQ65XLiNEK+DVvqqAOWddp9vOJA=,TozHxivGCnYDmyPBgtJM8J/R/x8=
2,1,qQ65XLiNEK+DVvqqAOWddp9vOJA=,TozHxivGCnYDmyPBgtJM8J/R/x8=
3,1,qQ65XLiNEK+DVvqqAOWddp9vOJA=,TozHxivGCnYDmyPBgtJM8J/R/x8=
5,2,qQ65XLiNEK+DVvqqAOWddp9vOJA=,TozHxivGCnYDmyPBgtJM8J/R/x8=
3,11,qQ65XLiNEK+DVvqqAOWddp9vOJA=,XY0PvsIoNYx1dTHJwuHRHQHdzvw=
14,6,qQ65XLiNEK+DVvqqAOWddp9vOJA=,sLWPbHWWRJNyKmHUEOTtz7euyWQ=
5,11,qQ65XLiNEK+DVvqqAOWddp9vOJA=,XY0PvsIoNYx1dTHJwuHRHQHdzvw=
13,6,qQ65XLiNEK+DVvqqAOWddp9vOJA=,sLWPbHWWRJNyKmHUEOTtz7euyWQ=
1,2,qQ65XLiNEK+DVvqqAOWddp9vOJA=,TozHxivGCnYDmyPBgtJM8J/R/x8=
6,1,qQ65XLiNEK+DVvqqAOWddp9vOJA=,TozHxivGCnYDmyPBgtJM8J/R/x8=
12,6,qQ65XLiNEK+DVvqqAOWddp9vOJA=,sLWPbHWWRJNyKmHUEOTtz7euyWQ=
4,11,qQ65XLiNEK+DVvqqAOWddp9vOJA=,XY0PvsIoNYx1dTHJwuHRHQHdzvw=
1,8,qQ65XLiNEK+DVvqqAOWddp9vOJA=,XY0PvsIoNYx1dTHJwuHRHQHdzvw=
6,11,qQ65XLiNEK+DVvqqAOWddp9vOJA=,XY0PvsIoNYx1dTHJwuHRHQHdzvw=
4,1,qQ65XLiNEK+DVvqqAOWddp9vOJA=,TozHxivGCnYDmyPBgtJM8J/R/x8=
1,12,qQ65XLiNEK+DVvqqAOWddp9vOJA=,XY0PvsIoNYx1dTHJwuHRHQHdzvw=
1,3,qQ65XLiNEK+DVvqqAOWddp9vOJA=,TozHxivGCnYDmyPBgtJM8J/R/x8=
2,12,qQ65XLiNEK+DVvqqAOWddp9vOJA=,XY0PvsIoNYx1dTHJwuHRHQHdzvw=
2,3,qQ65XLiNEK+DVvqqAOWddp9vOJA=,TozHxivGCnYDmyPBgtJM8J/R/x8=
4,12,qQ65XLiNEK+DVvqqAOWddp9vOJA=,XY0PvsIoNYx1dTHJwuHRHQHdzvw=
11,6,qQ65XLiNEK+DVvqqAOWddp9vOJA=,sLWPbHWWRJNyKmHUEOTtz7euyWQ=
3,3,qQ65XLiNEK+DVvqqAOWddp9vOJA=,TozHxivGCnYDmyPBgtJM8J/R/x8=
3,12,qQ65XLiNEK+DVvqqAOWddp9vOJA=,XY0PvsIoNYx1dTHJwuHRHQHdzvw=
4,3,qQ65XLiNEK+DVvqqAOWddp9vOJA=,TozHxivGCnYDmyPBgtJM8J/R/x8=
10,6,qQ65XLiNEK+DVvqqAOWddp9vOJA=,sLWPbHWWRJNyKmHUEOTtz7euyWQ=
5,12,qQ65XLiNEK+DVvqqAOWddp9vOJA=,XY0PvsIoNYx1dTHJwuHRHQHdzvw=
5,3,qQ65XLiNEK+DVvqqAOWddp9vOJA=,TozHxivGCnYDmyPBgtJM8J/R/x8=
6,12,qQ65XLiNEK+DVvqqAOWddp9vOJA=,XY0PvsIoNYx1dTHJwuHRHQHdzvw=
6,3,qQ65XLiNEK+DVvqqAOWddp9vOJA=,TozHxivGCnYDmyPBgtJM8J/R/x8=
1,13,qQ65XLiNEK+DVvqqAOWddp9vOJA=,XY0PvsIoNYx1dTHJwuHRHQHdzvw=
2,11,qQ65XLiNEK+DVvqqAOWddp9vOJA=,XY0PvsIoNYx1dTHJwuHRHQHdzvw=
7,2,qQ65XLiNEK+DVvqqAOWddp9vOJA=,TozHxivGCnYDmyPBgtJM8J/R/x8=
1,4,qQ65XLiNEK+DVvqqAOWddp9vOJA=,TozHxivGCnYDmyPBgtJM8J/R/x8=
2,13,qQ65XLiNEK+DVvqqAOWddp9vOJA=,XY0PvsIoNYx1dTHJwuHRHQHdzvw=
2,4,qQ65XLiNEK+DVvqqAOWddp9vOJA=,TozHxivGCnYDmyPBgtJM8J/R/x8=
3,13,qQ65XLiNEK+DVvqqAOWddp9vOJA=,XY0PvsIoNYx1dTHJwuHRHQHdzvw=
14,7,qQ65XLiNEK+DVvqqAOWddp9vOJA=,sLWPbHWWRJNyKmHUEOTtz7euyWQ=
5,4,qQ65XLiNEK+DVvqqAOWddp9vOJA=,TozHxivGCnYDmyPBgtJM8J/R/x8=
3,4,qQ65XLiNEK+DVvqqAOWddp9vOJA=,TozHxivGCnYDmyPBgtJM8J/R/x8=
4,13,qQ65XLiNEK+DVvqqAOWddp9vOJA=,XY0PvsIoNYx1dTHJwuHRHQHdzvw=
6,4,qQ65XLiNEK+DVvqqAOWddp9vOJA=,TozHxivGCnYDmyPBgtJM8J/R/x8=
4,4,qQ65XLiNEK+DVvqqAOWddp9vOJA=,TozHxivGCnYDmyPBgtJM8J/R/x8=
13,7,qQ65XLiNEK+DVvqqAOWddp9vOJA=,sLWPbHWWRJNyKmHUEOTtz7euyWQ=
6,2,qQ65XLiNEK+DVvqqAOWddp9vOJA=,TozHxivGCnYDmyPBgtJM8J/R/x8=
6,13,qQ65XLiNEK+DVvqqAOWddp9vOJA=,XY0PvsIoNYx1dTHJwuHRHQHdzvw=
1,5,qQ65XLiNEK+DVvqqAOWddp9vOJA=,TozHxivGCnYDmyPBgtJM8J/R/x8=
7,3,qQ65XLiNEK+DVvqqAOWddp9vOJA=,TozHxivGCnYDmyPBgtJM8J/R/x8=
1,14,qQ65XLiNEK+DVvqqAOWddp9vOJA=,XY0PvsIoNYx1dTHJwuHRHQHdzvw=
12,7,qQ65XLiNEK+DVvqqAOWddp9vOJA=,sLWPbHWWRJNyKmHUEOTtz7euyWQ=
3,14,qQ65XLiNEK+DVvqqAOWddp9vOJA=,XY0PvsIoNYx1dTHJwuHRHQHdzvw=
2,14,qQ65XLiNEK+DVvqqAOWddp9vOJA=,XY0PvsIoNYx1dTHJwuHRHQHdzvw=
3,5,qQ65XLiNEK+DVvqqAOWddp9vOJA=,TozHxivGCnYDmyPBgtJM8J/R/x8=
11,7,qQ65XLiNEK+DVvqqAOWddp9vOJA=,sLWPbHWWRJNyKmHUEOTtz7euyWQ=
4,14,qQ65XLiNEK+DVvqqAOWddp9vOJA=,XY0PvsIoNYx1dTHJwuHRHQHdzvw=
7,4,qQ65XLiNEK+DVvqqAOWddp9vOJA=,TozHxivGCnYDmyPBgtJM8J/R/x8=
4,5,qQ65XLiNEK+DVvqqAOWddp9vOJA=,TozHxivGCnYDmyPBgtJM8J/R/x8=
5,14,qQ65XLiNEK+DVvqqAOWddp9vOJA=,XY0PvsIoNYx1dTHJwuHRHQHdzvw=
6,7,qQ65XLiNEK+DVvqqAOWddp9vOJA=,TozHxivGCnYDmyPBgtJM8J/R/x8=
7,7,qQ65XLiNEK+DVvqqAOWddp9vOJA=,TozHxivGCnYDmyPBgtJM8J/R/x8=
7,8,qQ65XLiNEK+DVvqqAOWddp9vOJA=,XY0PvsIoNYx1dTHJwuHRHQHdzvw=
5,7,qQ65XLiNEK+DVvqqAOWddp9vOJA=,TozHxivGCnYDmyPBgtJM8J/R/x8=
7,9,qQ65XLiNEK+DVvqqAOWddp9vOJA=,XY0PvsIoNYx1dTHJwuHRHQHdzvw=
5,5,qQ65XLiNEK+DVvqqAOWddp9vOJA=,TozHxivGCnYDmyPBgtJM8J/R/x8=
4,7,qQ65XLiNEK+DVvqqAOWddp9vOJA=,TozHxivGCnYDmyPBgtJM8J/R/x8=
6,5,qQ65XLiNEK+DVvqqAOWddp9vOJA=,TozHxivGCnYDmyPBgtJM8J/R/x8=
1,6,qQ65XLiNEK+DVvqqAOWddp9vOJA=,TozHxivGCnYDmyPBgtJM8J/R/x8=
7,10,qQ65XLiNEK+DVvqqAOWddp9vOJA=,XY0PvsIoNYx1dTHJwuHRHQHdzvw=
1,0,qQ65XLiNEK+DVvqqAOWddp9vOJA=,TozHxivGCnYDmyPBgtJM8J/R/x8=
3,7,qQ65XLiNEK+DVvqqAOWddp9vOJA=,TozHxivGCnYDmyPBgtJM8J/R/x8=
2,6,qQ65XLiNEK+DVvqqAOWddp9vOJA=,TozHxivGCnYDmyPBgtJM8J/R/x8=
5,1,qQ65XLiNEK+DVvqqAOWddp9vOJA=,TozHxivGCnYDmyPBgtJM8J/R/x8=
7,6,qQ65XLiNEK+DVvqqAOWddp9vOJA=,TozHxivGCnYDmyPBgtJM8J/R/x8=
2,0,qQ65XLiNEK+DVvqqAOWddp9vOJA=,TozHxivGCnYDmyPBgtJM8J/R/x8=
2,7,qQ65XLiNEK+DVvqqAOWddp9vOJA=,TozHxivGCnYDmyPBgtJM8J/R/x8=
4,6,qQ65XLiNEK+DVvqqAOWddp9vOJA=,TozHxivGCnYDmyPBgtJM8J/R/x8=
3,6,qQ65XLiNEK+DVvqqAOWddp9vOJA=,TozHxivGCnYDmyPBgtJM8J/R/x8=
5,6,qQ65XLiNEK+DVvqqAOWddp9vOJA=,TozHxivGCnYDmyPBgtJM8J/R/x8=
6,0,qQ65XLiNEK+DVvqqAOWddp9vOJA=,TozHxivGCnYDmyPBgtJM8J/R/x8=
6,6,qQ65XLiNEK+DVvqqAOWddp9vOJA=,TozHxivGCnYDmyPBgtJM8J/R/x8=
1,7,qQ65XLiNEK+DVvqqAOWddp9vOJA=,TozHxivGCnYDmyPBgtJM8J/R/x8=
9,6,qQ65XLiNEK+DVvqqAOWddp9vOJA=,sLWPbHWWRJNyKmHUEOTtz7euyWQ=
5,13,qQ65XLiNEK+DVvqqAOWddp9vOJA=,XY0PvsIoNYx1dTHJwuHRHQHdzvw=
5,0,qQ65XLiNEK+DVvqqAOWddp9vOJA=,TozHxivGCnYDmyPBgtJM8J/R/x8=
7,1,qQ65XLiNEK+DVvqqAOWddp9vOJA=,TozHxivGCnYDmyPBgtJM8J/R/x8=
4,0,qQ65XLiNEK+DVvqqAOWddp9vOJA=,TozHxivGCnYDmyPBgtJM8J/R/x8=
2,5,qQ65XLiNEK+DVvqqAOWddp9vOJA=,TozHxivGCnYDmyPBgtJM8J/R/x8=
8,6,qQ65XLiNEK+DVvqqAOWddp9vOJA=,sLWPbHWWRJNyKmHUEOTtz7euyWQ=
3,0,qQ65XLiNEK+DVvqqAOWddp9vOJA=,TozHxivGCnYDmyPBgtJM8J/R/x8=
13,5,qQ65XLiNEK+DVvqqAOWddp9vOJA=,sLWPbHWWRJNyKmHUEOTtz7euyWQ=
14,5,qQ65XLiNEK+DVvqqAOWddp9vOJA=,sLWPbHWWRJNyKmHUEOTtz7euyWQ=
12,5,qQ65XLiNEK+DVvqqAOWddp9vOJA=,sLWPbHWWRJNyKmHUEOTtz7euyWQ=
11,5,qQ65XLiNEK+DVvqqAOWddp9vOJA=,sLWPbHWWRJNyKmHUEOTtz7euyWQ=
10,5,qQ65XLiNEK+DVvqqAOWddp9vOJA=,sLWPbHWWRJNyKmHUEOTtz7euyWQ=
9,5,qQ65XLiNEK+DVvqqAOWddp9vOJA=,sLWPbHWWRJNyKmHUEOTtz7euyWQ=
8,5,qQ65XLiNEK+DVvqqAOWddp9vOJA=,sLWPbHWWRJNyKmHUEOTtz7euyWQ=
14,4,qQ65XLiNEK+DVvqqAOWddp9vOJA=,sLWPbHWWRJNyKmHUEOTtz7euyWQ=
12,4,qQ65XLiNEK+DVvqqAOWddp9vOJA=,sLWPbHWWRJNyKmHUEOTtz7euyWQ=
13,4,qQ65XLiNEK+DVvqqAOWddp9vOJA=,sLWPbHWWRJNyKmHUEOTtz7euyWQ=
10,4,qQ65XLiNEK+DVvqqAOWddp9vOJA=,sLWPbHWWRJNyKmHUEOTtz7euyWQ=
9,4,qQ65XLiNEK+DVvqqAOWddp9vOJA=,sLWPbHWWRJNyKmHUEOTtz7euyWQ=
11,4,qQ65XLiNEK+DVvqqAOWddp9vOJA=,sLWPbHWWRJNyKmHUEOTtz7euyWQ=
8,4,qQ65XLiNEK+DVvqqAOWddp9vOJA=,sLWPbHWWRJNyKmHUEOTtz7euyWQ=
14,3,qQ65XLiNEK+DVvqqAOWddp9vOJA=,sLWPbHWWRJNyKmHUEOTtz7euyWQ=
13,3,qQ65XLiNEK+DVvqqAOWddp9vOJA=,sLWPbHWWRJNyKmHUEOTtz7euyWQ=
12,3,qQ65XLiNEK+DVvqqAOWddp9vOJA=,sLWPbHWWRJNyKmHUEOTtz7euyWQ=
10,3,qQ65XLiNEK+DVvqqAOWddp9vOJA=,sLWPbHWWRJNyKmHUEOTtz7euyWQ=
11,3,qQ65XLiNEK+DVvqqAOWddp9vOJA=,sLWPbHWWRJNyKmHUEOTtz7euyWQ=
14,2,qQ65XLiNEK+DVvqqAOWddp9vOJA=,sLWPbHWWRJNyKmHUEOTtz7euyWQ=
8,3,qQ65XLiNEK+DVvqqAOWddp9vOJA=,sLWPbHWWRJNyKmHUEOTtz7euyWQ=
10,7,qQ65XLiNEK+DVvqqAOWddp9vOJA=,sLWPbHWWRJNyKmHUEOTtz7euyWQ=
12,2,qQ65XLiNEK+DVvqqAOWddp9vOJA=,sLWPbHWWRJNyKmHUEOTtz7euyWQ=
7,5,qQ65XLiNEK+DVvqqAOWddp9vOJA=,TozHxivGCnYDmyPBgtJM8J/R/x8=
11,2,qQ65XLiNEK+DVvqqAOWddp9vOJA=,sLWPbHWWRJNyKmHUEOTtz7euyWQ=
9,2,qQ65XLiNEK+DVvqqAOWddp9vOJA=,sLWPbHWWRJNyKmHUEOTtz7euyWQ=
9,7,qQ65XLiNEK+DVvqqAOWddp9vOJA=,sLWPbHWWRJNyKmHUEOTtz7euyWQ=
8,2,qQ65XLiNEK+DVvqqAOWddp9vOJA=,sLWPbHWWRJNyKmHUEOTtz7euyWQ=
14,1,qQ65XLiNEK+DVvqqAOWddp9vOJA=,sLWPbHWWRJNyKmHUEOTtz7euyWQ=
8,7,qQ65XLiNEK+DVvqqAOWddp9vOJA=,sLWPbHWWRJNyKmHUEOTtz7euyWQ=
13,1,qQ65XLiNEK+DVvqqAOWddp9vOJA=,sLWPbHWWRJNyKmHUEOTtz7euyWQ=
12,1,qQ65XLiNEK+DVvqqAOWddp9vOJA=,sLWPbHWWRJNyKmHUEOTtz7euyWQ=
11,1,qQ65XLiNEK+DVvqqAOWddp9vOJA=,sLWPbHWWRJNyKmHUEOTtz7euyWQ=
10,1,qQ65XLiNEK+DVvqqAOWddp9vOJA=,sLWPbHWWRJNyKmHUEOTtz7euyWQ=
14,14,qQ65XLiNEK+DVvqqAOWddp9vOJA=,ROtvi37B6PQ4fSC7vdDNUVVviDE=
8,1,qQ65XLiNEK+DVvqqAOWddp9vOJA=,sLWPbHWWRJNyKmHUEOTtz7euyWQ=
13,14,qQ65XLiNEK+DVvqqAOWddp9vOJA=,ROtvi37B6PQ4fSC7vdDNUVVviDE=
9,1,qQ65XLiNEK+DVvqqAOWddp9vOJA=,sLWPbHWWRJNyKmHUEOTtz7euyWQ=
7,11,qQ65XLiNEK+DVvqqAOWddp9vOJA=,XY0PvsIoNYx1dTHJwuHRHQHdzvw=
14,0,qQ65XLiNEK+DVvqqAOWddp9vOJA=,sLWPbHWWRJNyKmHUEOTtz7euyWQ=
13,0,qQ65XLiNEK+DVvqqAOWddp9vOJA=,sLWPbHWWRJNyKmHUEOTtz7euyWQ=
12,14,qQ65XLiNEK+DVvqqAOWddp9vOJA=,ROtvi37B6PQ4fSC7vdDNUVVviDE=
12,0,qQ65XLiNEK+DVvqqAOWddp9vOJA=,sLWPbHWWRJNyKmHUEOTtz7euyWQ=
9,3,qQ65XLiNEK+DVvqqAOWddp9vOJA=,sLWPbHWWRJNyKmHUEOTtz7euyWQ=
13,2,qQ65XLiNEK+DVvqqAOWddp9vOJA=,sLWPbHWWRJNyKmHUEOTtz7euyWQ=
10,2,qQ65XLiNEK+DVvqqAOWddp9vOJA=,sLWPbHWWRJNyKmHUEOTtz7euyWQ=
11,0,qQ65XLiNEK+DVvqqAOWddp9vOJA=,sLWPbHWWRJNyKmHUEOTtz7euyWQ=
7,12,qQ65XLiNEK+DVvqqAOWddp9vOJA=,XY0PvsIoNYx1dTHJwuHRHQHdzvw=
7,0,qQ65XLiNEK+DVvqqAOWddp9vOJA=,TozHxivGCnYDmyPBgtJM8J/R/x8=
15,6,qQ65XLiNEK+DVvqqAOWddp9vOJA=,sLWPbHWWRJNyKmHUEOTtz7euyWQ=
7,13,qQ65XLiNEK+DVvqqAOWddp9vOJA=,XY0PvsIoNYx1dTHJwuHRHQHdzvw=
15,1,qQ65XLiNEK+DVvqqAOWddp9vOJA=,sLWPbHWWRJNyKmHUEOTtz7euyWQ=
10,0,qQ65XLiNEK+DVvqqAOWddp9vOJA=,sLWPbHWWRJNyKmHUEOTtz7euyWQ=
7,14,qQ65XLiNEK+DVvqqAOWddp9vOJA=,XY0PvsIoNYx1dTHJwuHRHQHdzvw=
15,5,qQ65XLiNEK+DVvqqAOWddp9vOJA=,sLWPbHWWRJNyKmHUEOTtz7euyWQ=
15,2,qQ65XLiNEK+DVvqqAOWddp9vOJA=,sLWPbHWWRJNyKmHUEOTtz7euyWQ=
9,0,qQ65XLiNEK+DVvqqAOWddp9vOJA=,sLWPbHWWRJNyKmHUEOTtz7euyWQ=
8,8,qQ65XLiNEK+DVvqqAOWddp9vOJA=,ROtvi37B6PQ4fSC7vdDNUVVviDE=
15,3,qQ65XLiNEK+DVvqqAOWddp9vOJA=,sLWPbHWWRJNyKmHUEOTtz7euyWQ=
8,0,qQ65XLiNEK+DVvqqAOWddp9vOJA=,sLWPbHWWRJNyKmHUEOTtz7euyWQ=
11,14,qQ65XLiNEK+DVvqqAOWddp9vOJA=,ROtvi37B6PQ4fSC7vdDNUVVviDE=
10,14,qQ65XLiNEK+DVvqqAOWddp9vOJA=,ROtvi37B6PQ4fSC7vdDNUVVviDE=
9,8,qQ65XLiNEK+DVvqqAOWddp9vOJA=,ROtvi37B6PQ4fSC7vdDNUVVviDE=
10,8,qQ65XLiNEK+DVvqqAOWddp9vOJA=,ROtvi37B6PQ4fSC7vdDNUVVviDE=
6,15,qQ65XLiNEK+DVvqqAOWddp9vOJA=,XY0PvsIoNYx1dTHJwuHRHQHdzvw=
9,14,qQ65XLiNEK+DVvqqAOWddp9vOJA=,ROtvi37B6PQ4fSC7vdDNUVVviDE=
2,15,qQ65XLiNEK+DVvqqAOWddp9vOJA=,XY0PvsIoNYx1dTHJwuHRHQHdzvw=
1,15,qQ65XLiNEK+DVvqqAOWddp9vOJA=,XY0PvsIoNYx1dTHJwuHRHQHdzvw=
5,15,qQ65XLiNEK+DVvqqAOWddp9vOJA=,XY0PvsIoNYx1dTHJwuHRHQHdzvw=
11,8,qQ65XLiNEK+DVvqqAOWddp9vOJA=,ROtvi37B6PQ4fSC7vdDNUVVviDE=
8,14,qQ65XLiNEK+DVvqqAOWddp9vOJA=,ROtvi37B6PQ4fSC7vdDNUVVviDE=
4,15,qQ65XLiNEK+DVvqqAOWddp9vOJA=,XY0PvsIoNYx1dTHJwuHRHQHdzvw=
3,15,qQ65XLiNEK+DVvqqAOWddp9vOJA=,XY0PvsIoNYx1dTHJwuHRHQHdzvw=
14,13,qQ65XLiNEK+DVvqqAOWddp9vOJA=,ROtvi37B6PQ4fSC7vdDNUVVviDE=
15,7,qQ65XLiNEK+DVvqqAOWddp9vOJA=,sLWPbHWWRJNyKmHUEOTtz7euyWQ=
12,8,qQ65XLiNEK+DVvqqAOWddp9vOJA=,ROtvi37B6PQ4fSC7vdDNUVVviDE=
15,8,qQ65XLiNEK+DVvqqAOWddp9vOJA=,ROtvi37B6PQ4fSC7vdDNUVVviDE=
0,14,qQ65XLiNEK+DVvqqAOWddp9vOJA=,XY0PvsIoNYx1dTHJwuHRHQHdzvw=
15,9,qQ65XLiNEK+DVvqqAOWddp9vOJA=,ROtvi37B6PQ4fSC7vdDNUVVviDE=
15,4,qQ65XLiNEK+DVvqqAOWddp9vOJA=,sLWPbHWWRJNyKmHUEOTtz7euyWQ=
13,8,qQ65XLiNEK+DVvqqAOWddp9vOJA=,ROtvi37B6PQ4fSC7vdDNUVVviDE=
0,9,qQ65XLiNEK+DVvqqAOWddp9vOJA=,XY0PvsIoNYx1dTHJwuHRHQHdzvw=
15,13,qQ65XLiNEK+DVvqqAOWddp9vOJA=,ROtvi37B6PQ4fSC7vdDNUVVviDE=
13,13,qQ65XLiNEK+DVvqqAOWddp9vOJA=,ROtvi37B6PQ4fSC7vdDNUVVviDE=
14,8,qQ65XLiNEK+DVvqqAOWddp9vOJA=,ROtvi37B6PQ4fSC7vdDNUVVviDE=
14,15,qQ65XLiNEK+DVvqqAOWddp9vOJA=,ROtvi37B6PQ4fSC7vdDNUVVviDE=
15,12,qQ65XLiNEK+DVvqqAOWddp9vOJA=,ROtvi37B6PQ4fSC7vdDNUVVviDE=
15,10,qQ65XLiNEK+DVvqqAOWddp9vOJA=,ROtvi37B6PQ4fSC7vdDNUVVviDE=
15,11,qQ65XLiNEK+DVvqqAOWddp9vOJA=,ROtvi37B6PQ4fSC7vdDNUVVviDE=
12,13,qQ65XLiNEK+DVvqqAOWddp9vOJA=,ROtvi37B6PQ4fSC7vdDNUVVviDE=
7,15,qQ65XLiNEK+DVvqqAOWddp9vOJA=,XY0PvsIoNYx1dTHJwuHRHQHdzvw=
11,13,qQ65XLiNEK+DVvqqAOWddp9vOJA=,ROtvi37B6PQ4fSC7vdDNUVVviDE=
0,8,qQ65XLiNEK+DVvqqAOWddp9vOJA=,XY0PvsIoNYx1dTHJwuHRHQHdzvw=
0,10,qQ65XLiNEK+DVvqqAOWddp9vOJA=,XY0PvsIoNYx1dTHJwuHRHQHdzvw=
8,15,qQ65XLiNEK+DVvqqAOWddp9vOJA=,ROtvi37B6PQ4fSC7vdDNUVVviDE=
9,15,qQ65XLiNEK+DVvqqAOWddp9vOJA=,ROtvi37B6PQ4fSC7vdDNUVVviDE=
10,13,qQ65XLiNEK+DVvqqAOWddp9vOJA=,ROtvi37B6PQ4fSC7vdDNUVVviDE=
0,13,qQ65XLiNEK+DVvqqAOWddp9vOJA=,XY0PvsIoNYx1dTHJwuHRHQHdzvw=
15,14,qQ65XLiNEK+DVvqqAOWddp9vOJA=,ROtvi37B6PQ4fSC7vdDNUVVviDE=
0,7,qQ65XLiNEK+DVvqqAOWddp9vOJA=,TozHxivGCnYDmyPBgtJM8J/R/x8=
10,15,qQ65XLiNEK+DVvqqAOWddp9vOJA=,ROtvi37B6PQ4fSC7vdDNUVVviDE=
12,15,qQ65XLiNEK+DVvqqAOWddp9vOJA=,ROtvi37B6PQ4fSC7vdDNUVVviDE=
13,15,qQ65XLiNEK+DVvqqAOWddp9vOJA=,ROtvi37B6PQ4fSC7vdDNUVVviDE=
11,15,qQ65XLiNEK+DVvqqAOWddp9vOJA=,ROtvi37B6PQ4fSC7vdDNUVVviDE=
8,9,qQ65XLiNEK+DVvqqAOWddp9vOJA=,ROtvi37B6PQ4fSC7vdDNUVVviDE=
0,12,qQ65XLiNEK+DVvqqAOWddp9vOJA=,XY0PvsIoNYx1dTHJwuHRHQHdzvw=
9,13,qQ65XLiNEK+DVvqqAOWddp9vOJA=,ROtvi37B6PQ4fSC7vdDNUVVviDE=
0,0,qQ65XLiNEK+DVvqqAOWddp9vOJA=,TozHxivGCnYDmyPBgtJM8J/R/x8=
0,6,qQ65XLiNEK+DVvqqAOWddp9vOJA=,TozHxivGCnYDmyPBgtJM8J/R/x8=
0,15,qQ65XLiNEK+DVvqqAOWddp9vOJA=,XY0PvsIoNYx1dTHJwuHRHQHdzvw=
0,1,qQ65XLiNEK+DVvqqAOWddp9vOJA=,TozHxivGCnYDmyPBgtJM8J/R/x8=
0,11,qQ65XLiNEK+DVvqqAOWddp9vOJA=,XY0PvsIoNYx1dTHJwuHRHQHdzvw=
15,15,qQ65XLiNEK+DVvqqAOWddp9vOJA=,ROtvi37B6PQ4fSC7vdDNUVVviDE=
8,13,qQ65XLiNEK+DVvqqAOWddp9vOJA=,ROtvi37B6PQ4fSC7vdDNUVVviDE=
0,5,qQ65XLiNEK+DVvqqAOWddp9vOJA=,TozHxivGCnYDmyPBgtJM8J/R/x8=
15,0,qQ65XLiNEK+DVvqqAOWddp9vOJA=,sLWPbHWWRJNyKmHUEOTtz7euyWQ=
9,9,qQ65XLiNEK+DVvqqAOWddp9vOJA=,ROtvi37B6PQ4fSC7vdDNUVVviDE=
10,9,qQ65XLiNEK+DVvqqAOWddp9vOJA=,ROtvi37B6PQ4fSC7vdDNUVVviDE=
0,2,qQ65XLiNEK+DVvqqAOWddp9vOJA=,TozHxivGCnYDmyPBgtJM8J/R/x8=
14,12,qQ65XLiNEK+DVvqqAOWddp9vOJA=,ROtvi37B6PQ4fSC7vdDNUVVviDE=
0,4,qQ65XLiNEK+DVvqqAOWddp9vOJA=,TozHxivGCnYDmyPBgtJM8J/R/x8=
0,3,qQ65XLiNEK+DVvqqAOWddp9vOJA=,TozHxivGCnYDmyPBgtJM8J/R/x8=
12,9,qQ65XLiNEK+DVvqqAOWddp9vOJA=,ROtvi37B6PQ4fSC7vdDNUVVviDE=
13,9,qQ65XLiNEK+DVvqqAOWddp9vOJA=,ROtvi37B6PQ4fSC7vdDNUVVviDE=
14,9,qQ65XLiNEK+DVvqqAOWddp9vOJA=,ROtvi37B6PQ4fSC7vdDNUVVviDE=
8,10,qQ65XLiNEK+DVvqqAOWddp9vOJA=,ROtvi37B6PQ4fSC7vdDNUVVviDE=
11,9,qQ65XLiNEK+DVvqqAOWddp9vOJA=,ROtvi37B6PQ4fSC7vdDNUVVviDE=
13,12,qQ65XLiNEK+DVvqqAOWddp9vOJA=,ROtvi37B6PQ4fSC7vdDNUVVviDE=
10,10,qQ65XLiNEK+DVvqqAOWddp9vOJA=,ROtvi37B6PQ4fSC7vdDNUVVviDE=
11,10,qQ65XLiNEK+DVvqqAOWddp9vOJA=,ROtvi37B6PQ4fSC7vdDNUVVviDE=
12,10,qQ65XLiNEK+DVvqqAOWddp9vOJA=,ROtvi37B6PQ4fSC7vdDNUVVviDE=
9,10,qQ65XLiNEK+DVvqqAOWddp9vOJA=,ROtvi37B6PQ4fSC7vdDNUVVviDE=
13,10,qQ65XLiNEK+DVvqqAOWddp9vOJA=,ROtvi37B6PQ4fSC7vdDNUVVviDE=
12,12,qQ65XLiNEK+DVvqqAOWddp9vOJA=,ROtvi37B6PQ4fSC7vdDNUVVviDE=
9,11,qQ65XLiNEK+DVvqqAOWddp9vOJA=,ROtvi37B6PQ4fSC7vdDNUVVviDE=
8,11,qQ65XLiNEK+DVvqqAOWddp9vOJA=,ROtvi37B6PQ4fSC7vdDNUVVviDE=
14,10,qQ65XLiNEK+DVvqqAOWddp9vOJA=,ROtvi37B6PQ4fSC7vdDNUVVviDE=
10,11,qQ65XLiNEK+DVvqqAOWddp9vOJA=,ROtvi37B6PQ4fSC7vdDNUVVviDE=
11,11,qQ65XLiNEK+DVvqqAOWddp9vOJA=,ROtvi37B6PQ4fSC7vdDNUVVviDE=
11,12,qQ65XLiNEK+DVvqqAOWddp9vOJA=,ROtvi37B6PQ4fSC7vdDNUVVviDE=
13,11,qQ65XLiNEK+DVvqqAOWddp9vOJA=,ROtvi37B6PQ4fSC7vdDNUVVviDE=
14,11,qQ65XLiNEK+DVvqqAOWddp9vOJA=,ROtvi37B6PQ4fSC7vdDNUVVviDE=
12,11,qQ65XLiNEK+DVvqqAOWddp9vOJA=,ROtvi37B6PQ4fSC7vdDNUVVviDE=
8,12,qQ65XLiNEK+DVvqqAOWddp9vOJA=,ROtvi37B6PQ4fSC7vdDNUVVviDE=
9,12,qQ65XLiNEK+DVvqqAOWddp9vOJA=,ROtvi37B6PQ4fSC7vdDNUVVviDE=
10,12,qQ65XLiNEK+DVvqqAOWddp9vOJA=,ROtvi37B6PQ4fSC7vdDNUVVviDE=
11,29,EiUhCl4JPOOCoch9iDyfGd83IY0=,9fDz0+Te320bI1kyUpg5tK28hZg=
1,21,EiUhCl4JPOOCoch9iDyfGd83IY0=,15908vNSEC4asIf+w4m5uGIXfdE=
10,29,EiUhCl4JPOOCoch9iDyfGd83IY0=,9fDz0+Te320bI1kyUpg5tK28hZg=
2,21,EiUhCl4JPOOCoch9iDyfGd83IY0=,15908vNSEC4asIf+w4m5uGIXfdE=
3,17,EiUhCl4JPOOCoch9iDyfGd83IY0=,15908vNSEC4asIf+w4m5uGIXfdE=
3,21,EiUhCl4JPOOCoch9iDyfGd83IY0=,15908vNSEC4asIf+w4m5uGIXfdE=
4,21,EiUhCl4JPOOCoch9iDyfGd83IY0=,15908vNSEC4asIf+w4m5uGIXfdE=
2,17,EiUhCl4JPOOCoch9iDyfGd83IY0=,15908vNSEC4asIf+w4m5uGIXfdE=
5,21,EiUhCl4JPOOCoch9iDyfGd83IY0=,15908vNSEC4asIf+w4m5uGIXfdE=
6,21,EiUhCl4JPOOCoch9iDyfGd83IY0=,15908vNSEC4asIf+w4m5uGIXfdE=
1,22,EiUhCl4JPOOCoch9iDyfGd83IY0=,15908vNSEC4asIf+w4m5uGIXfdE=
2,22,EiUhCl4JPOOCoch9iDyfGd83IY0=,15908vNSEC4asIf+w4m5uGIXfdE=
3,22,EiUhCl4JPOOCoch9iDyfGd83IY0=,15908vNSEC4asIf+w4m5uGIXfdE=
5,22,EiUhCl4JPOOCoch9iDyfGd83IY0=,15908vNSEC4asIf+w4m5uGIXfdE=
4,22,EiUhCl4JPOOCoch9iDyfGd83IY0=,15908vNSEC4asIf+w4m5uGIXfdE=
2,19,EiUhCl4JPOOCoch9iDyfGd83IY0=,15908vNSEC4asIf+w4m5uGIXfdE=
12,29,xayq6s5mU1OLRjS36dErBClrsDk=,9fDz0+Te320bI1kyUpg5tK28hZg=
6,22,xayq6s5mU1OLRjS36dErBClrsDk=,15908vNSEC4asIf+w4m5uGIXfdE=
1,17,xayq6s5mU1OLRjS36dErBClrsDk=,15908vNSEC4asIf+w4m5uGIXfdE=
3,19,xayq6s5mU1OLRjS36dErBClrsDk=,15908vNSEC4asIf+w4m5uGIXfdE=
1,18,xayq6s5mU1OLRjS36dErBClrsDk=,15908vNSEC4asIf+w4m5uGIXfdE=
13,29,xayq6s5mU1OLRjS36dErBClrsDk=,9fDz0+Te320bI1kyUpg5tK28hZg=
13,28,xayq6s5mU1OLRjS36dErBClrsDk=,9fDz0+Te320bI1kyUpg5tK28hZg=
6,17,xayq6s5mU1OLRjS36dErBClrsDk=,15908vNSEC4asIf+w4m5uGIXfdE=
4,19,xayq6s5mU1OLRjS36dErBClrsDk=,15908vNSEC4asIf+w4m5uGIXfdE=
5,17,xayq6s5mU1OLRjS36dErBClrsDk=,15908vNSEC4asIf+w4m5uGIXfdE=
14,29,xayq6s5mU1OLRjS36dErBClrsDk=,9fDz0+Te320bI1kyUpg5tK28hZg=
11,28,xayq6s5mU1OLRjS36dErBClrsDk=,9fDz0+Te320bI1kyUpg5tK28hZg=
4,17,xayq6s5mU1OLRjS36dErBClrsDk=,15908vNSEC4asIf+w4m5uGIXfdE=
5,19,xayq6s5mU1OLRjS36dErBClrsDk=,15908vNSEC4asIf+w4m5uGIXfdE=
1,19,xayq6s5mU1OLRjS36dErBClrsDk=,15908vNSEC4asIf+w4m5uGIXfdE=
6,18,xayq6s5mU1OLRjS36dErBClrsDk=,15908vNSEC4asIf+w4m5uGIXfdE=
5,18,xayq6s5mU1OLRjS36dErBClrsDk=,15908vNSEC4asIf+w4m5uGIXfdE=
9,30,xayq6s5mU1OLRjS36dErBClrsDk=,9fDz0+Te320bI1kyUpg5tK28hZg=
4,18,xayq6s5mU1OLRjS36dErBClrsDk=,15908vNSEC4asIf+w4m5uGIXfdE=
9,29,xayq6s5mU1OLRjS36dErBClrsDk=,9fDz0+Te320bI1kyUpg5tK28hZg=
6,19,xayq6s5mU1OLRjS36dErBClrsDk=,15908vNSEC4asIf+w4m5uGIXfdE=
10,28,xayq6s5mU1OLRjS36dErBClrsDk=,9fDz0+Te320bI1kyUpg5tK28hZg=
6,20,xayq6s5mU1OLRjS36dErBClrsDk=,15908vNSEC4asIf+w4m5uGIXfdE=
10,30,xayq6s5mU1OLRjS36dErBClrsDk=,9fDz0+Te320bI1kyUpg5tK28hZg=
9,28,xayq6s5mU1OLRjS36dErBClrsDk=,9fDz0+Te320bI1kyUpg5tK28hZg=
2,18,xayq6s5mU1OLRjS36dErBClrsDk=,15908vNSEC4asIf+w4m5uGIXfdE=
5,20,xayq6s5mU1OLRjS36dErBClrsDk=,15908vNSEC4asIf+w4m5uGIXfdE=
4,20,xayq6s5mU1OLRjS36dErBClrsDk=,15908vNSEC4asIf+w4m5uGIXfdE=
3,20,xayq6s5mU1OLRjS36dErBClrsDk=,15908vNSEC4asIf+w4m5uGIXfdE=
11,30,xayq6s5mU1OLRjS36dErBClrsDk=,9fDz0+Te320bI1kyUpg5tK28hZg=
1,20,xayq6s5mU1OLRjS36dErBClrsDk=,15908vNSEC4asIf+w4m5uGIXfdE=
2,20,xayq6s5mU1OLRjS36dErBClrsDk=,15908vNSEC4asIf+w4m5uGIXfdE=
14,27,xayq6s5mU1OLRjS36dErBClrsDk=,9fDz0+Te320bI1kyUpg5tK28hZg=
12,28,xayq6s5mU1OLRjS36dErBClrsDk=,9fDz0+Te320bI1kyUpg5tK28hZg=
14,28,xayq6s5mU1OLRjS36dErBClrsDk=,9fDz0+Te320bI1kyUpg5tK28hZg=
13,27,xayq6s5mU1OLRjS36dErBClrsDk=,9fDz0+Te320bI1kyUpg5tK28hZg=
8,17,xayq6s5mU1OLRjS36dErBClrsDk=,NTp3fx4MQiwJbAJlTlOMrashc6U=
11,19,xayq6s5mU1OLRjS36dErBClrsDk=,NTp3fx4MQiwJbAJlTlOMrashc6U=
3,18,xayq6s5mU1OLRjS36dErBClrsDk=,15908vNSEC4asIf+w4m5uGIXfdE=
4,23,xayq6s5mU1OLRjS36dErBClrsDk=,15908vNSEC4asIf+w4m5uGIXfdE=
9,17,xayq6s5mU1OLRjS36dErBClrsDk=,NTp3fx4MQiwJbAJlTlOMrashc6U=
12,27,xayq6s5mU1OLRjS36dErBClrsDk=,9fDz0+Te320bI1kyUpg5tK28hZg=
3,23,xayq6s5mU1OLRjS36dErBClrsDk=,15908vNSEC4asIf+w4m5uGIXfdE=
15,17,xayq6s5mU1OLRjS36dErBClrsDk=,NTp3fx4MQiwJbAJlTlOMrashc6U=
5,23,xayq6s5mU1OLRjS36dErBClrsDk=,15908vNSEC4asIf+w4m5uGIXfdE=
10,17,xayq6s5mU1OLRjS36dErBClrsDk=,NTp3fx4MQiwJbAJlTlOMrashc6U=
2,23,xayq6s5mU1OLRjS36dErBClrsDk=,15908vNSEC4asIf+w4m5uGIXfdE=
15,22,xayq6s5mU1OLRjS36dErBClrsDk=,NTp3fx4MQiwJbAJlTlOMrashc6U=
15,19,xayq6s5mU1OLRjS36dErBClrsDk=,NTp3fx4MQiwJbAJlTlOMrashc6U=
12,30,xayq6s5mU1OLRjS36dErBClrsDk=,9fDz0+Te320bI1kyUpg5tK28hZg=
6,23,xayq6s5mU1OLRjS36dErBClrsDk=,15908vNSEC4asIf+w4m5uGIXfdE=
11,17,xayq6s5mU1OLRjS36dErBClrsDk=,NTp3fx4MQiwJbAJlTlOMrashc6U=
11,27,xayq6s5mU1OLRjS36dErBClrsDk=,9fDz0+Te320bI1kyUpg5tK28hZg=
15,21,xayq6s5mU1OLRjS36dErBClrsDk=,NTp3fx4MQiwJbAJlTlOMrashc6U=
13,30,xayq6s5mU1OLRjS36dErBClrsDk=,9fDz0+Te320bI1kyUpg5tK28hZg=
15,18,xayq6s5mU1OLRjS36dErBClrsDk=,NTp3fx4MQiwJbAJlTlOMrashc6U=
7,23,xayq6s5mU1OLRjS36dErBClrsDk=,15908vNSEC4asIf+w4m5uGIXfdE=
12,17,xayq6s5mU1OLRjS36dErBClrsDk=,NTp3fx4MQiwJbAJlTlOMrashc6U=
15,20,xayq6s5mU1OLRjS36dErBClrsDk=,NTp3fx4MQiwJbAJlTlOMrashc6U=
14,30,xayq6s5mU1OLRjS36dErBClrsDk=,9fDz0+Te320bI1kyUpg5tK28hZg=
13,23,xayq6s5mU1OLRjS36dErBClrsDk=,NTp3fx4MQiwJbAJlTlOMrashc6U=
1,24,xayq6s5mU1OLRjS36dErBClrsDk=,WI7nZ6OMxTQUhiM5v3tKm8T6Css=
9,25,xayq6s5mU1OLRjS36dErBClrsDk=,9fDz0+Te320bI1kyUpg5tK28hZg=
14,23,xayq6s5mU1OLRjS36dErBClrsDk=,NTp3fx4MQiwJbAJlTlOMrashc6U=
12,23,xayq6s5mU1OLRjS36dErBClrsDk=,NTp3fx4MQiwJbAJlTlOMrashc6U=
0,25,xayq6s5mU1OLRjS36dErBClrsDk=,WI7nZ6OMxTQUhiM5v3tKm8T6Css=
2,24,xayq6s5mU1OLRjS36dErBClrsDk=,WI7nZ6OMxTQUhiM5v3tKm8T6Css=
13,17,xayq6s5mU1OLRjS36dErBClrsDk=,NTp3fx4MQiwJbAJlTlOMrashc6U=
10,25,xayq6s5mU1OLRjS36dErBClrsDk=,9fDz0+Te320bI1kyUpg5tK28hZg=
10,27,xayq6s5mU1OLRjS36dErBClrsDk=,9fDz0+Te320bI1kyUpg5tK28hZg=
0,26,xayq6s5mU1OLRjS36dErBClrsDk=,WI7nZ6OMxTQUhiM5v3tKm8T6Css=
8,30,xayq6s5mU1OLRjS36dErBClrsDk=,9fDz0+Te320bI1kyUpg5tK28hZg=
14,17,xayq6s5mU1OLRjS36dErBClrsDk=,NTp3fx4MQiwJbAJlTlOMrashc6U=
11,25,xayq6s5mU1OLRjS36dErBClrsDk=,9fDz0+Te320bI1kyUpg5tK28hZg=
9,27,xayq6s5mU1OLRjS36dErBClrsDk=,9fDz0+Te320bI1kyUpg5tK28hZg=
0,27,xayq6s5mU1OLRjS36dErBClrsDk=,WI7nZ6OMxTQUhiM5v3tKm8T6Css=
3,24,xayq6s5mU1OLRjS36dErBClrsDk=,WI7nZ6OMxTQUhiM5v3tKm8T6Css=
8,18,xayq6s5mU1OLRjS36dErBClrsDk=,NTp3fx4MQiwJbAJlTlOMrashc6U=
8,23,xayq6s5mU1OLRjS36dErBClrsDk=,NTp3fx4MQiwJbAJlTlOMrashc6U=
0,29,xayq6s5mU1OLRjS36dErBClrsDk=,WI7nZ6OMxTQUhiM5v3tKm8T6Css=
0,28,xayq6s5mU1OLRjS36dErBClrsDk=,WI7nZ6OMxTQUhiM5v3tKm8T6Css=
4,24,xayq6s5mU1OLRjS36dErBClrsDk=,WI7nZ6OMxTQUhiM5v3tKm8T6Css=
9,18,xayq6s5mU1OLRjS36dErBClrsDk=,NTp3fx4MQiwJbAJlTlOMrashc6U=
0,30,xayq6s5mU1OLRjS36dErBClrsDk=,WI7nZ6OMxTQUhiM5v3tKm8T6Css=
5,24,xayq6s5mU1OLRjS36dErBClrsDk=,WI7nZ6OMxTQUhiM5v3tKm8T6Css=
11,23,xayq6s5mU1OLRjS36dErBClrsDk=,NTp3fx4MQiwJbAJlTlOMrashc6U=
0,20,xayq6s5mU1OLRjS36dErBClrsDk=,15908vNSEC4asIf+w4m5uGIXfdE=
1,23,xayq6s5mU1OLRjS36dErBClrsDk=,15908vNSEC4asIf+w4m5uGIXfdE=
10,18,xayq6s5mU1OLRjS36dErBClrsDk=,NTp3fx4MQiwJbAJlTlOMrashc6U=
6,24,xayq6s5mU1OLRjS36dErBClrsDk=,WI7nZ6OMxTQUhiM5v3tKm8T6Css=
0,23,xayq6s5mU1OLRjS36dErBClrsDk=,15908vNSEC4asIf+w4m5uGIXfdE=
0,17,xayq6s5mU1OLRjS36dErBClrsDk=,15908vNSEC4asIf+w4m5uGIXfdE=
0,24,xayq6s5mU1OLRjS36dErBClrsDk=,WI7nZ6OMxTQUhiM5v3tKm8T6Css=
11,18,xayq6s5mU1OLRjS36dErBClrsDk=,NTp3fx4MQiwJbAJlTlOMrashc6U=
7,24,xayq6s5mU1OLRjS36dErBClrsDk=,WI7nZ6OMxTQUhiM5v3tKm8T6Css=
0,19,xayq6s5mU1OLRjS36dErBClrsDk=,15908vNSEC4asIf+w4m5uGIXfdE=
12,25,xayq6s5mU1OLRjS36dErBClrsDk=,9fDz0+Te320bI1kyUpg5tK28hZg=
0,22,xayq6s5mU1OLRjS36dErBClrsDk=,15908vNSEC4asIf+w4m5uGIXfdE=
0,21,xayq6s5mU1OLRjS36dErBClrsDk=,15908vNSEC4asIf+w4m5uGIXfdE=
12,18,xayq6s5mU1OLRjS36dErBClrsDk=,NTp3fx4MQiwJbAJlTlOMrashc6U=
1,25,xayq6s5mU1OLRjS36dErBClrsDk=,WI7nZ6OMxTQUhiM5v3tKm8T6Css=
13,25,xayq6s5mU1OLRjS36dErBClrsDk=,9fDz0+Te320bI1kyUpg5tK28hZg=
8,29,xayq6s5mU1OLRjS36dErBClrsDk=,9fDz0+Te320bI1kyUpg5tK28hZg=
0,18,xayq6s5mU1OLRjS36dErBClrsDk=,15908vNSEC4asIf+w4m5uGIXfdE=
2,25,xayq6s5mU1OLRjS36dErBClrsDk=,WI7nZ6OMxTQUhiM5v3tKm8T6Css=
1,16,xayq6s5mU1OLRjS36dErBClrsDk=,15908vNSEC4asIf+w4m5uGIXfdE=
14,25,xayq6s5mU1OLRjS36dErBClrsDk=,9fDz0+Te320bI1kyUpg5tK28hZg=
9,23,xayq6s5mU1OLRjS36dErBClrsDk=,NTp3fx4MQiwJbAJlTlOMrashc6U=
14,26,xayq6s5mU1OLRjS36dErBClrsDk=,9fDz0+Te320bI1kyUpg5tK28hZg=
3,25,xayq6s5mU1OLRjS36dErBClrsDk=,WI7nZ6OMxTQUhiM5v3tKm8T6Css=
9,26,xayq6s5mU1OLRjS36dErBClrsDk=,9fDz0+Te320bI1kyUpg5tK28hZg=
13,26,xayq6s5mU1OLRjS36dErBClrsDk=,9fDz0+Te320bI1kyUpg5tK28hZg=
13,18,xayq6s5mU1OLRjS36dErBClrsDk=,NTp3fx4MQiwJbAJlTlOMrashc6U=
8,28,xayq6s5mU1OLRjS36dErBClrsDk=,9fDz0+Te320bI1kyUpg5tK28hZg=
4,25,xayq6s5mU1OLRjS36dErBClrsDk=,WI7nZ6OMxTQUhiM5v3tKm8T6Css=
10,26,xayq6s5mU1OLRjS36dErBClrsDk=,9fDz0+Te320bI1kyUpg5tK28hZg=
10,19,xayq6s5mU1OLRjS36dErBClrsDk=,NTp3fx4MQiwJbAJlTlOMrashc6U=
7,21,xayq6s5mU1OLRjS36dErBClrsDk=,15908vNSEC4asIf+w4m5uGIXfdE=
3,16,xayq6s5mU1OLRjS36dErBClrsDk=,15908vNSEC4asIf+w4m5uGIXfdE=
5,25,xayq6s5mU1OLRjS36dErBClrsDk=,WI7nZ6OMxTQUhiM5v3tKm8T6Css=
2,16,xayq6s5mU1OLRjS36dErBClrsDk=,15908vNSEC4asIf+w4m5uGIXfdE=
10,23,xayq6s5mU1OLRjS36dErBClrsDk=,NTp3fx4MQiwJbAJlTlOMrashc6U=
12,26,xayq6s5mU1OLRjS36dErBClrsDk=,9fDz0+Te320bI1kyUpg5tK28hZg=
7,19,xayq6s5mU1OLRjS36dErBClrsDk=,15908vNSEC4asIf+w4m5uGIXfdE=
6,25,xayq6s5mU1OLRjS36dErBClrsDk=,WI7nZ6OMxTQUhiM5v3tKm8T6Css=
4,16,xayq6s5mU1OLRjS36dErBClrsDk=,15908vNSEC4asIf+w4m5uGIXfdE=
6,16,xayq6s5mU1OLRjS36dErBClrsDk=,15908vNSEC4asIf+w4m5uGIXfdE=
8,27,xayq6s5mU1OLRjS36dErBClrsDk=,9fDz0+Te320bI1kyUpg5tK28hZg=
7,20,xayq6s5mU1OLRjS36dErBClrsDk=,15908vNSEC4asIf+w4m5uGIXfdE=
7,25,xayq6s5mU1OLRjS36dErBClrsDk=,WI7nZ6OMxTQUhiM5v3tKm8T6Css=
5,16,xayq6s5mU1OLRjS36dErBClrsDk=,15908vNSEC4asIf+w4m5uGIXfdE=
8,16,xayq6s5mU1OLRjS36dErBClrsDk=,NTp3fx4MQiwJbAJlTlOMrashc6U=
7,18,xayq6s5mU1OLRjS36dErBClrsDk=,15908vNSEC4asIf+w4m5uGIXfdE=
1,26,xayq6s5mU1OLRjS36dErBClrsDk=,WI7nZ6OMxTQUhiM5v3tKm8T6Css=
14,22,xayq6s5mU1OLRjS36dErBClrsDk=,NTp3fx4MQiwJbAJlTlOMrashc6U=
9,16,xayq6s5mU1OLRjS36dErBClrsDk=,NTp3fx4MQiwJbAJlTlOMrashc6U=
2,26,xayq6s5mU1OLRjS36dErBClrsDk=,WI7nZ6OMxTQUhiM5v3tKm8T6Css=
11,26,xayq6s5mU1OLRjS36dErBClrsDk=,9fDz0+Te320bI1kyUpg5tK28hZg=
8,26,xayq6s5mU1OLRjS36dErBClrsDk=,9fDz0+Te320bI1kyUpg5tK28hZg=
15,29,xayq6s5mU1OLRjS36dErBClrsDk=,9fDz0+Te320bI1kyUpg5tK28hZg=
10,16,xayq6s5mU1OLRjS36dErBClrsDk=,NTp3fx4MQiwJbAJlTlOMrashc6U=
3,26,xayq6s5mU1OLRjS36dErBClrsDk=,WI7nZ6OMxTQUhiM5v3tKm8T6Css=
13,22,xayq6s5mU1OLRjS36dErBClrsDk=,NTp3fx4MQiwJbAJlTlOMrashc6U=
7,30,xayq6s5mU1OLRjS36dErBClrsDk=,WI7nZ6OMxTQUhiM5v3tKm8T6Css=
15,30,xayq6s5mU1OLRjS36dErBClrsDk=,9fDz0+Te320bI1kyUpg5tK28hZg=
15,16,xayq6s5mU1OLRjS36dErBClrsDk=,NTp3fx4MQiwJbAJlTlOMrashc6U=
11,16,xayq6s5mU1OLRjS36dErBClrsDk=,NTp3fx4MQiwJbAJlTlOMrashc6U=
9,24,xayq6s5mU1OLRjS36dErBClrsDk=,9fDz0+Te320bI1kyUpg5tK28hZg=
4,26,xayq6s5mU1OLRjS36dErBClrsDk=,WI7nZ6OMxTQUhiM5v3tKm8T6Css=
12,22,xayq6s5mU1OLRjS36dErBClrsDk=,NTp3fx4MQiwJbAJlTlOMrashc6U=
15,23,xayq6s5mU1OLRjS36dErBClrsDk=,NTp3fx4MQiwJbAJlTlOMrashc6U=
10,24,xayq6s5mU1OLRjS36dErBClrsDk=,9fDz0+Te320bI1kyUpg5tK28hZg=
7,22,xayq6s5mU1OLRjS36dErBClrsDk=,15908vNSEC4asIf+w4m5uGIXfdE=
5,26,xayq6s5mU1OLRjS36dErBClrsDk=,WI7nZ6OMxTQUhiM5v3tKm8T6Css=
15,24,xayq6s5mU1OLRjS36dErBClrsDk=,9fDz0+Te320bI1kyUpg5tK28hZg=
15,28,xayq6s5mU1OLRjS36dErBClrsDk=,9fDz0+Te320bI1kyUpg5tK28hZg=
11,22,xayq6s5mU1OLRjS36dErBClrsDk=,NTp3fx4MQiwJbAJlTlOMrashc6U=
15,27,xayq6s5mU1OLRjS36dErBClrsDk=,9fDz0+Te320bI1kyUpg5tK28hZg=
11,24,xayq6s5mU1OLRjS36dErBClrsDk=,9fDz0+Te320bI1kyUpg5tK28hZg=
6,26,xayq6s5mU1OLRjS36dErBClrsDk=,WI7nZ6OMxTQUhiM5v3tKm8T6Css=
10,22,xayq6s5mU1OLRjS36dErBClrsDk=,NTp3fx4MQiwJbAJlTlOMrashc6U=
15,25,xayq6s5mU1OLRjS36dErBClrsDk=,9fDz0+Te320bI1kyUpg5tK28hZg=
15,26,xayq6s5mU1OLRjS36dErBClrsDk=,9fDz0+Te320bI1kyUpg5tK28hZg=
7,26,xayq6s5mU1OLRjS36dErBClrsDk=,WI7nZ6OMxTQUhiM5v3tKm8T6Css=
12,24,xayq6s5mU1OLRjS36dErBClrsDk=,9fDz0+Te320bI1kyUpg5tK28hZg=
7,16,xayq6s5mU1OLRjS36dErBClrsDk=,15908vNSEC4asIf+w4m5uGIXfdE=
9,31,xayq6s5mU1OLRjS36dErBClrsDk=,9fDz0+Te320bI1kyUpg5tK28hZg=
13,16,xayq6s5mU1OLRjS36dErBClrsDk=,NTp3fx4MQiwJbAJlTlOMrashc6U=
1,27,xayq6s5mU1OLRjS36dErBClrsDk=,WI7nZ6OMxTQUhiM5v3tKm8T6Css=
13,24,xayq6s5mU1OLRjS36dErBClrsDk=,9fDz0+Te320bI1kyUpg5tK28hZg=
12,16,xayq6s5mU1OLRjS36dErBClrsDk=,NTp3fx4MQiwJbAJlTlOMrashc6U=
9,22,xayq6s5mU1OLRjS36dErBClrsDk=,NTp3fx4MQiwJbAJlTlOMrashc6U=
2,27,xayq6s5mU1OLRjS36dErBClrsDk=,WI7nZ6OMxTQUhiM5v3tKm8T6Css=
10,31,xayq6s5mU1OLRjS36dErBClrsDk=,9fDz0+Te320bI1kyUpg5tK28hZg=
14,24,xayq6s5mU1OLRjS36dErBClrsDk=,9fDz0+Te320bI1kyUpg5tK28hZg=
3,27,xayq6s5mU1OLRjS36dErBClrsDk=,WI7nZ6OMxTQUhiM5v3tKm8T6Css=
11,31,xayq6s5mU1OLRjS36dErBClrsDk=,9fDz0+Te320bI1kyUpg5tK28hZg=
14,16,xayq6s5mU1OLRjS36dErBClrsDk=,NTp3fx4MQiwJbAJlTlOMrashc6U=
13,31,xayq6s5mU1OLRjS36dErBClrsDk=,9fDz0+Te320bI1kyUpg5tK28hZg=
8,31,xayq6s5mU1OLRjS36dErBClrsDk=,9fDz0+Te320bI1kyUpg5tK28hZg=
4,27,xayq6s5mU1OLRjS36dErBClrsDk=,WI7nZ6OMxTQUhiM5v3tKm8T6Css=
3,31,xayq6s5mU1OLRjS36dErBClrsDk=,WI7nZ6OMxTQUhiM5v3tKm8T6Css=
14,31,xayq6s5mU1OLRjS36dErBClrsDk=,9fDz0+Te320bI1kyUpg5tK28hZg=
0,31,xayq6s5mU1OLRjS36dErBClrsDk=,WI7nZ6OMxTQUhiM5v3tKm8T6Css=
4,31,xayq6s5mU1OLRjS36dErBClrsDk=,WI7nZ6OMxTQUhiM5v3tKm8T6Css=
5,27,xayq6s5mU1OLRjS36dErBClrsDk=,WI7nZ6OMxTQUhiM5v3tKm8T6Css=
8,22,xayq6s5mU1OLRjS36dErBClrsDk=,NTp3fx4MQiwJbAJlTlOMrashc6U=
15,31,xayq6s5mU1OLRjS36dErBClrsDk=,9fDz0+Te320bI1kyUpg5tK28hZg=
0,16,xayq6s5mU1OLRjS36dErBClrsDk=,15908vNSEC4asIf+w4m5uGIXfdE=
5,31,xayq6s5mU1OLRjS36dErBClrsDk=,WI7nZ6OMxTQUhiM5v3tKm8T6Css=
6,27,xayq6s5mU1OLRjS36dErBClrsDk=,WI7nZ6OMxTQUhiM5v3tKm8T6Css=
8,25,xayq6s5mU1OLRjS36dErBClrsDk=,9fDz0+Te320bI1kyUpg5tK28hZg=
6,30,xayq6s5mU1OLRjS36dErBClrsDk=,WI7nZ6OMxTQUhiM5v3tKm8T6Css=
7,17,xayq6s5mU1OLRjS36dErBClrsDk=,15908vNSEC4asIf+w4m5uGIXfdE=
12,31,xayq6s5mU1OLRjS36dErBClrsDk=,9fDz0+Te320bI1kyUpg5tK28hZg=
2,31,xayq6s5mU1OLRjS36dErBClrsDk=,WI7nZ6OMxTQUhiM5v3tKm8T6Css=
6,31,xayq6s5mU1OLRjS36dErBClrsDk=,WI7nZ6OMxTQUhiM5v3tKm8T6Css=
7,27,xayq6s5mU1OLRjS36dErBClrsDk=,WI7nZ6OMxTQUhiM5v3tKm8T6Css=
7,31,xayq6s5mU1OLRjS36dErBClrsDk=,WI7nZ6OMxTQUhiM5v3tKm8T6Css=
14,18,xayq6s5mU1OLRjS36dErBClrsDk=,NTp3fx4MQiwJbAJlTlOMrashc6U=
1,31,xayq6s5mU1OLRjS36dErBClrsDk=,WI7nZ6OMxTQUhiM5v3tKm8T6Css=
5,30,xayq6s5mU1OLRjS36dErBClrsDk=,WI7nZ6OMxTQUhiM5v3tKm8T6Css=
8,24,xayq6s5mU1OLRjS36dErBClrsDk=,9fDz0+Te320bI1kyUpg5tK28hZg=
14,21,xayq6s5mU1OLRjS36dErBClrsDk=,NTp3fx4MQiwJbAJlTlOMrashc6U=
1,28,xayq6s5mU1OLRjS36dErBClrsDk=,WI7nZ6OMxTQUhiM5v3tKm8T6Css=
4,30,xayq6s5mU1OLRjS36dErBClrsDk=,WI7nZ6OMxTQUhiM5v3tKm8T6Css=
12,19,xayq6s5mU1OLRjS36dErBClrsDk=,NTp3fx4MQiwJbAJlTlOMrashc6U=
9,19,xayq6s5mU1OLRjS36dErBClrsDk=,NTp3fx4MQiwJbAJlTlOMrashc6U=
3,30,xayq6s5mU1OLRjS36dErBClrsDk=,WI7nZ6OMxTQUhiM5v3tKm8T6Css=
2,30,xayq6s5mU1OLRjS36dErBClrsDk=,WI7nZ6OMxTQUhiM5v3tKm8T6Css=
1,30,xayq6s5mU1OLRjS36dErBClrsDk=,WI7nZ6OMxTQUhiM5v3tKm8T6Css=
2,28,xayq6s5mU1OLRjS36dErBClrsDk=,WI7nZ6OMxTQUhiM5v3tKm8T6Css=
13,21,xayq6s5mU1OLRjS36dErBClrsDk=,NTp3fx4MQiwJbAJlTlOMrashc6U=
13,19,xayq6s5mU1OLRjS36dErBClrsDk=,NTp3fx4MQiwJbAJlTlOMrashc6U=
12,21,xayq6s5mU1OLRjS36dErBClrsDk=,NTp3fx4MQiwJbAJlTlOMrashc6U=
7,29,xayq6s5mU1OLRjS36dErBClrsDk=,WI7nZ6OMxTQUhiM5v3tKm8T6Css=
11,21,xayq6s5mU1OLRjS36dErBClrsDk=,NTp3fx4MQiwJbAJlTlOMrashc6U=
6,29,xayq6s5mU1OLRjS36dErBClrsDk=,WI7nZ6OMxTQUhiM5v3tKm8T6Css=
5,29,xayq6s5mU1OLRjS36dErBClrsDk=,WI7nZ6OMxTQUhiM5v3tKm8T6Css=
3,28,xayq6s5mU1OLRjS36dErBClrsDk=,WI7nZ6OMxTQUhiM5v3tKm8T6Css=
14,19,xayq6s5mU1OLRjS36dErBClrsDk=,NTp3fx4MQiwJbAJlTlOMrashc6U=
4,29,xayq6s5mU1OLRjS36dErBClrsDk=,WI7nZ6OMxTQUhiM5v3tKm8T6Css=
3,29,xayq6s5mU1OLRjS36dErBClrsDk=,WI7nZ6OMxTQUhiM5v3tKm8T6Css=
1,29,xayq6s5mU1OLRjS36dErBClrsDk=,WI7nZ6OMxTQUhiM5v3tKm8T6Css=
2,29,xayq6s5mU1OLRjS36dErBClrsDk=,WI7nZ6OMxTQUhiM5v3tKm8T6Css=
7,28,xayq6s5mU1OLRjS36dErBClrsDk=,WI7nZ6OMxTQUhiM5v3tKm8T6Css=
8,20,xayq6s5mU1OLRjS36dErBClrsDk=,NTp3fx4MQiwJbAJlTlOMrashc6U=
4,28,xayq6s5mU1OLRjS36dErBClrsDk=,WI7nZ6OMxTQUhiM5v3tKm8T6Css=
6,28,xayq6s5mU1OLRjS36dErBClrsDk=,WI7nZ6OMxTQUhiM5v3tKm8T6Css=
5,28,xayq6s5mU1OLRjS36dErBClrsDk=,WI7nZ6OMxTQUhiM5v3tKm8T6Css=
8,21,xayq6s5mU1OLRjS36dErBClrsDk=,NTp3fx4MQiwJbAJlTlOMrashc6U=
10,21,xayq6s5mU1OLRjS36dErBClrsDk=,NTp3fx4MQiwJbAJlTlOMrashc6U=
9,21,xayq6s5mU1OLRjS36dErBClrsDk=,NTp3fx4MQiwJbAJlTlOMrashc6U=
8,19,xayq6s5mU1OLRjS36dErBClrsDk=,NTp3fx4MQiwJbAJlTlOMrashc6U=
9,20,xayq6s5mU1OLRjS36dErBClrsDk=,NTp3fx4MQiwJbAJlTlOMrashc6U=
14,20,xayq6s5mU1OLRjS36dErBClrsDk=,NTp3fx4MQiwJbAJlTlOMrashc6U=
13,20,xayq6s5mU1OLRjS36dErBClrsDk=,NTp3fx4MQiwJbAJlTlOMrashc6U=
12,20,xayq6s5mU1OLRjS36dErBClrsDk=,NTp3fx4MQiwJbAJlTlOMrashc6U=
11,20,xayq6s5mU1OLRjS36dErBClrsDk=,NTp3fx4MQiwJbAJlTlOMrashc6U=
10,20,xayq6s5mU1OLRjS36dErBClrsDk=,NTp3fx4MQiwJbAJlTlOMrashc6U=
28,21,J2k643PmT9H1e0dOCjaypBf2gqI=,K1NLfNRYu0qEArTfUS1Mj4lianw=
26,21,J2k643PmT9H1e0dOCjaypBf2gqI=,K1NLfNRYu0qEArTfUS1Mj4lianw=
27,21,J2k643PmT9H1e0dOCjaypBf2gqI=,K1NLfNRYu0qEArTfUS1Mj4lianw=
25,21,J2k643PmT9H1e0dOCjaypBf2gqI=,K1NLfNRYu0qEArTfUS1Mj4lianw=
30,20,J2k643PmT9H1e0dOCjaypBf2gqI=,K1NLfNRYu0qEArTfUS1Mj4lianw=
29,20,J2k643PmT9H1e0dOCjaypBf2gqI=,K1NLfNRYu0qEArTfUS1Mj4lianw=
28,20,J2k643PmT9H1e0dOCjaypBf2gqI=,K1NLfNRYu0qEArTfUS1Mj4lianw=
27,20,J2k643PmT9H1e0dOCjaypBf2gqI=,K1NLfNRYu0qEArTfUS1Mj4lianw=
26,20,J2k643PmT9H1e0dOCjaypBf2gqI=,K1NLfNRYu0qEArTfUS1Mj4lianw=
25,20,J2k643PmT9H1e0dOCjaypBf2gqI=,K1NLfNRYu0qEArTfUS1Mj4lianw=
30,19,J2k643PmT9H1e0dOCjaypBf2gqI=,K1NLfNRYu0qEArTfUS1Mj4lianw=
29,19,J2k643PmT9H1e0dOCjaypBf2gqI=,K1NLfNRYu0qEArTfUS1Mj4lianw=
28,19,J2k643PmT9H1e0dOCjaypBf2gqI=,K1NLfNRYu0qEArTfUS1Mj4lianw=
26,19,J2k643PmT9H1e0dOCjaypBf2gqI=,K1NLfNRYu0qEArTfUS1Mj4lianw=
25,19,J2k643PmT9H1e0dOCjaypBf2gqI=,K1NLfNRYu0qEArTfUS1Mj4lianw=
27,19,J2k643PmT9H1e0dOCjaypBf2gqI=,K1NLfNRYu0qEArTfUS1Mj4lianw=
30,18,J2k643PmT9H1e0dOCjaypBf2gqI=,K1NLfNRYu0qEArTfUS1Mj4lianw=
28,18,J2k643PmT9H1e0dOCjaypBf2gqI=,K1NLfNRYu0qEArTfUS1Mj4lianw=
29,18,J2k643PmT9H1e0dOCjaypBf2gqI=,K1NLfNRYu0qEArTfUS1Mj4lianw=
27,18,J2k643PmT9H1e0dOCjaypBf2gqI=,K1NLfNRYu0qEArTfUS1Mj4lianw=
26,18,J2k643PmT9H1e0dOCjaypBf2gqI=,K1NLfNRYu0qEArTfUS1Mj4lianw=
25,18,J2k643PmT9H1e0dOCjaypBf2gqI=,K1NLfNRYu0qEArTfUS1Mj4lianw=
30,17,J2k643PmT9H1e0dOCjaypBf2gqI=,K1NLfNRYu0qEArTfUS1Mj4lianw=
29,17,J2k643PmT9H1e0dOCjaypBf2gqI=,K1NLfNRYu0qEArTfUS1Mj4lianw=
28,17,J2k643PmT9H1e0dOCjaypBf2gqI=,K1NLfNRYu0qEArTfUS1Mj4lianw=
27,17,J2k643PmT9H1e0dOCjaypBf2gqI=,K1NLfNRYu0qEArTfUS1Mj4lianw=
26,17,J2k643PmT9H1e0dOCjaypBf2gqI=,K1NLfNRYu0qEArTfUS1Mj4lianw=
25,17,J2k643PmT9H1e0dOCjaypBf2gqI=,K1NLfNRYu0qEArTfUS1Mj4lianw=
30,23,J2k643PmT9H1e0dOCjaypBf2gqI=,K1NLfNRYu0qEArTfUS1Mj4lianw=
29,23,0WSebmhrIdtv8bXOsnjavHzygfs=,K1NLfNRYu0qEArTfUS1Mj4lianw=
28,23,0WSebmhrIdtv8bXOsnjavHzygfs=,K1NLfNRYu0qEArTfUS1Mj4lianw=
27,23,0WSebmhrIdtv8bXOsnjavHzygfs=,K1NLfNRYu0qEArTfUS1Mj4lianw=
26,23,0WSebmhrIdtv8bXOsnjavHzygfs=,K1NLfNRYu0qEArTfUS1Mj4lianw=
25,23,0WSebmhrIdtv8bXOsnjavHzygfs=,K1NLfNRYu0qEArTfUS1Mj4lianw=
30,22,0WSebmhrIdtv8bXOsnjavHzygfs=,K1NLfNRYu0qEArTfUS1Mj4lianw=
29,22,0WSebmhrIdtv8bXOsnjavHzygfs=,K1NLfNRYu0qEArTfUS1Mj4lianw=
28,22,0WSebmhrIdtv8bXOsnjavHzygfs=,K1NLfNRYu0qEArTfUS1Mj4lianw=
27,22,0WSebmhrIdtv8bXOsnjavHzygfs=,K1NLfNRYu0qEArTfUS1Mj4lianw=
26,22,0WSebmhrIdtv8bXOsnjavHzygfs=,K1NLfNRYu0qEArTfUS1Mj4lianw=
25,22,0WSebmhrIdtv8bXOsnjavHzygfs=,K1NLfNRYu0qEArTfUS1Mj4lianw=
30,21,0WSebmhrIdtv8bXOsnjavHzygfs=,K1NLfNRYu0qEArTfUS1Mj4lianw=
29,21,0WSebmhrIdtv8bXOsnjavHzygfs=,K1NLfNRYu0qEArTfUS1Mj4lianw=
25,16,0WSebmhrIdtv8bXOsnjavHzygfs=,K1NLfNRYu0qEArTfUS1Mj4lianw=
26,16,0WSebmhrIdtv8bXOsnjavHzygfs=,K1NLfNRYu0qEArTfUS1Mj4lianw=
27,16,0WSebmhrIdtv8bXOsnjavHzygfs=,K1NLfNRYu0qEArTfUS1Mj4lianw=
28,16,0WSebmhrIdtv8bXOsnjavHzygfs=,K1NLfNRYu0qEArTfUS1Mj4lianw=
29,16,0WSebmhrIdtv8bXOsnjavHzygfs=,K1NLfNRYu0qEArTfUS1Mj4lianw=
30,16,0WSebmhrIdtv8bXOsnjavHzygfs=,K1NLfNRYu0qEArTfUS1Mj4lianw=
31,21,0WSebmhrIdtv8bXOsnjavHzygfs=,K1NLfNRYu0qEArTfUS1Mj4lianw=
31,22,0WSebmhrIdtv8bXOsnjavHzygfs=,K1NLfNRYu0qEArTfUS1Mj4lianw=
31,17,0WSebmhrIdtv8bXOsnjavHzygfs=,K1NLfNRYu0qEArTfUS1Mj4lianw=
31,18,0WSebmhrIdtv8bXOsnjavHzygfs=,K1NLfNRYu0qEArTfUS1Mj4lianw=
31,19,0WSebmhrIdtv8bXOsnjavHzygfs=,K1NLfNRYu0qEArTfUS1Mj4lianw=
31,20,0WSebmhrIdtv8bXOsnjavHzygfs=,K1NLfNRYu0qEArTfUS1Mj4lianw=
31,23,0WSebmhrIdtv8bXOsnjavHzygfs=,K1NLfNRYu0qEArTfUS1Mj4lianw=
31,16,0WSebmhrIdtv8bXOsnjavHzygfs=,K1NLfNRYu0qEArTfUS1Mj4lianw=
20,31,0WSebmhrIdtv8bXOsnjavHzygfs=,ZCP7eFKc8I5/CC2E66JuZYgUScI=
21,31,0WSebmhrIdtv8bXOsnjavHzygfs=,ZCP7eFKc8I5/CC2E66JuZYgUScI=
22,31,0WSebmhrIdtv8bXOsnjavHzygfs=,ZCP7eFKc8I5/CC2E66JuZYgUScI=
23,31,0WSebmhrIdtv8bXOsnjavHzygfs=,ZCP7eFKc8I5/CC2E66JuZYgUScI=
19,31,0WSebmhrIdtv8bXOsnjavHzygfs=,ZCP7eFKc8I5/CC2E66JuZYgUScI=
23,30,0WSebmhrIdtv8bXOsnjavHzygfs=,ZCP7eFKc8I5/CC2E66JuZYgUScI=
17,31,0WSebmhrIdtv8bXOsnjavHzygfs=,ZCP7eFKc8I5/CC2E66JuZYgUScI=
22,30,0WSebmhrIdtv8bXOsnjavHzygfs=,ZCP7eFKc8I5/CC2E66JuZYgUScI=
18,31,0WSebmhrIdtv8bXOsnjavHzygfs=,ZCP7eFKc8I5/CC2E66JuZYgUScI=
16,31,0WSebmhrIdtv8bXOsnjavHzygfs=,ZCP7eFKc8I5/CC2E66JuZYgUScI=
16,25,0WSebmhrIdtv8bXOsnjavHzygfs=,ZCP7eFKc8I5/CC2E66JuZYgUScI=
21,30,0WSebmhrIdtv8bXOsnjavHzygfs=,ZCP7eFKc8I5/CC2E66JuZYgUScI=
20,30,0WSebmhrIdtv8bXOsnjavHzygfs=,ZCP7eFKc8I5/CC2E66JuZYgUScI=
18,30,0WSebmhrIdtv8bXOsnjavHzygfs=,ZCP7eFKc8I5/CC2E66JuZYgUScI=
17,30,0WSebmhrIdtv8bXOsnjavHzygfs=,ZCP7eFKc8I5/CC2E66JuZYgUScI=
19,30,0WSebmhrIdtv8bXOsnjavHzygfs=,ZCP7eFKc8I5/CC2E66JuZYgUScI=
16,30,0WSebmhrIdtv8bXOsnjavHzygfs=,ZCP7eFKc8I5/CC2E66JuZYgUScI=
23,29,0WSebmhrIdtv8bXOsnjavHzygfs=,ZCP7eFKc8I5/CC2E66JuZYgUScI=
22,29,0WSebmhrIdtv8bXOsnjavHzygfs=,ZCP7eFKc8I5/CC2E66JuZYgUScI=
21,29,0WSebmhrIdtv8bXOsnjavHzygfs=,ZCP7eFKc8I5/CC2E66JuZYgUScI=
17,25,0WSebmhrIdtv8bXOsnjavHzygfs=,ZCP7eFKc8I5/CC2E66JuZYgUScI=
19,29,0WSebmhrIdtv8bXOsnjavHzygfs=,ZCP7eFKc8I5/CC2E66JuZYgUScI=
20,29,0WSebmhrIdtv8bXOsnjavHzygfs=,ZCP7eFKc8I5/CC2E66JuZYgUScI=
23,28,0WSebmhrIdtv8bXOsnjavHzygfs=,ZCP7eFKc8I5/CC2E66JuZYgUScI=
22,28,0WSebmhrIdtv8bXOsnjavHzygfs=,ZCP7eFKc8I5/CC2E66JuZYgUScI=
18,29,0WSebmhrIdtv8bXOsnjavHzygfs=,ZCP7eFKc8I5/CC2E66JuZYgUScI=
21,28,0WSebmhrIdtv8bXOsnjavHzygfs=,ZCP7eFKc8I5/CC2E66JuZYgUScI=
18,25,0WSebmhrIdtv8bXOsnjavHzygfs=,ZCP7eFKc8I5/CC2E66JuZYgUScI=
17,29,0WSebmhrIdtv8bXOsnjavHzygfs=,ZCP7eFKc8I5/CC2E66JuZYgUScI=
16,29,0WSebmhrIdtv8bXOsnjavHzygfs=,ZCP7eFKc8I5/CC2E66JuZYgUScI=
20,28,0WSebmhrIdtv8bXOsnjavHzygfs=,ZCP7eFKc8I5/CC2E66JuZYgUScI=
23,27,0WSebmhrIdtv8bXOsnjavHzygfs=,ZCP7eFKc8I5/CC2E66JuZYgUScI=
22,27,0WSebmhrIdtv8bXOsnjavHzygfs=,ZCP7eFKc8I5/CC2E66JuZYgUScI=
19,28,0WSebmhrIdtv8bXOsnjavHzygfs=,ZCP7eFKc8I5/CC2E66JuZYgUScI=
21,27,0WSebmhrIdtv8bXOsnjavHzygfs=,ZCP7eFKc8I5/CC2E66JuZYgUScI=
19,25,0WSebmhrIdtv8bXOsnjavHzygfs=,ZCP7eFKc8I5/CC2E66JuZYgUScI=
18,28,0WSebmhrIdtv8bXOsnjavHzygfs=,ZCP7eFKc8I5/CC2E66JuZYgUScI=
16,28,0WSebmhrIdtv8bXOsnjavHzygfs=,ZCP7eFKc8I5/CC2E66JuZYgUScI=
17,28,0WSebmhrIdtv8bXOsnjavHzygfs=,ZCP7eFKc8I5/CC2E66JuZYgUScI=
20,25,0WSebmhrIdtv8bXOsnjavHzygfs=,ZCP7eFKc8I5/CC2E66JuZYgUScI=
19,27,0WSebmhrIdtv8bXOsnjavHzygfs=,ZCP7eFKc8I5/CC2E66JuZYgUScI=
20,27,0WSebmhrIdtv8bXOsnjavHzygfs=,ZCP7eFKc8I5/CC2E66JuZYgUScI=
23,26,0WSebmhrIdtv8bXOsnjavHzygfs=,ZCP7eFKc8I5/CC2E66JuZYgUScI=
22,26,0WSebmhrIdtv8bXOsnjavHzygfs=,ZCP7eFKc8I5/CC2E66JuZYgUScI=
18,27,0WSebmhrIdtv8bXOsnjavHzygfs=,ZCP7eFKc8I5/CC2E66JuZYgUScI=
21,26,0WSebmhrIdtv8bXOsnjavHzygfs=,ZCP7eFKc8I5/CC2E66JuZYgUScI=
21,25,0WSebmhrIdtv8bXOsnjavHzygfs=,ZCP7eFKc8I5/CC2E66JuZYgUScI=
22,25,0WSebmhrIdtv8bXOsnjavHzygfs=,ZCP7eFKc8I5/CC2E66JuZYgUScI=
23,25,0WSebmhrIdtv8bXOsnjavHzygfs=,ZCP7eFKc8I5/CC2E66JuZYgUScI=
17,27,0WSebmhrIdtv8bXOsnjavHzygfs=,ZCP7eFKc8I5/CC2E66JuZYgUScI=
16,27,0WSebmhrIdtv8bXOsnjavHzygfs=,ZCP7eFKc8I5/CC2E66JuZYgUScI=
19,26,0WSebmhrIdtv8bXOsnjavHzygfs=,ZCP7eFKc8I5/CC2E66JuZYgUScI=
20,26,0WSebmhrIdtv8bXOsnjavHzygfs=,ZCP7eFKc8I5/CC2E66JuZYgUScI=
18,26,0WSebmhrIdtv8bXOsnjavHzygfs=,ZCP7eFKc8I5/CC2E66JuZYgUScI=
16,26,0WSebmhrIdtv8bXOsnjavHzygfs=,ZCP7eFKc8I5/CC2E66JuZYgUScI=
17,26,0WSebmhrIdtv8bXOsnjavHzygfs=,ZCP7eFKc8I5/CC2E66JuZYgUScI=
21,22,0WSebmhrIdtv8bXOsnjavHzygfs=,rJj2kBjvUi+KIQaT9BtL7L7TEW8=
20,23,0WSebmhrIdtv8bXOsnjavHzygfs=,rJj2kBjvUi+KIQaT9BtL7L7TEW8=
22,21,0WSebmhrIdtv8bXOsnjavHzygfs=,rJj2kBjvUi+KIQaT9BtL7L7TEW8=
20,22,0WSebmhrIdtv8bXOsnjavHzygfs=,rJj2kBjvUi+KIQaT9BtL7L7TEW8=
19,22,0WSebmhrIdtv8bXOsnjavHzygfs=,rJj2kBjvUi+KIQaT9BtL7L7TEW8=
19,23,0WSebmhrIdtv8bXOsnjavHzygfs=,rJj2kBjvUi+KIQaT9BtL7L7TEW8=
23,22,0WSebmhrIdtv8bXOsnjavHzygfs=,rJj2kBjvUi+KIQaT9BtL7L7TEW8=
18,23,0WSebmhrIdtv8bXOsnjavHzygfs=,rJj2kBjvUi+KIQaT9BtL7L7TEW8=
22,22,0WSebmhrIdtv8bXOsnjavHzygfs=,rJj2kBjvUi+KIQaT9BtL7L7TEW8=
23,20,0WSebmhrIdtv8bXOsnjavHzygfs=,rJj2kBjvUi+KIQaT9BtL7L7TEW8=
16,21,0WSebmhrIdtv8bXOsnjavHzygfs=,rJj2kBjvUi+KIQaT9BtL7L7TEW8=
23,21,0WSebmhrIdtv8bXOsnjavHzygfs=,rJj2kBjvUi+KIQaT9BtL7L7TEW8=
17,23,0WSebmhrIdtv8bXOsnjavHzygfs=,rJj2kBjvUi+KIQaT9BtL7L7TEW8=
16,23,0WSebmhrIdtv8bXOsnjavHzygfs=,rJj2kBjvUi+KIQaT9BtL7L7TEW8=
24,21,0WSebmhrIdtv8bXOsnjavHzygfs=,K1NLfNRYu0qEArTfUS1Mj4lianw=
17,19,0WSebmhrIdtv8bXOsnjavHzygfs=,rJj2kBjvUi+KIQaT9BtL7L7TEW8=
21,21,0WSebmhrIdtv8bXOsnjavHzygfs=,rJj2kBjvUi+KIQaT9BtL7L7TEW8=
16,22,0WSebmhrIdtv8bXOsnjavHzygfs=,rJj2kBjvUi+KIQaT9BtL7L7TEW8=
19,18,0WSebmhrIdtv8bXOsnjavHzygfs=,rJj2kBjvUi+KIQaT9BtL7L7TEW8=
19,17,0WSebmhrIdtv8bXOsnjavHzygfs=,rJj2kBjvUi+KIQaT9BtL7L7TEW8=
22,20,0WSebmhrIdtv8bXOsnjavHzygfs=,rJj2kBjvUi+KIQaT9BtL7L7TEW8=
18,22,0WSebmhrIdtv8bXOsnjavHzygfs=,rJj2kBjvUi+KIQaT9BtL7L7TEW8=
18,18,0WSebmhrIdtv8bXOsnjavHzygfs=,rJj2kBjvUi+KIQaT9BtL7L7TEW8=
21,23,0WSebmhrIdtv8bXOsnjavHzygfs=,rJj2kBjvUi+KIQaT9BtL7L7TEW8=
22,23,0WSebmhrIdtv8bXOsnjavHzygfs=,rJj2kBjvUi+KIQaT9BtL7L7TEW8=
23,23,0WSebmhrIdtv8bXOsnjavHzygfs=,rJj2kBjvUi+KIQaT9BtL7L7TEW8=
16,19,0WSebmhrIdtv8bXOsnjavHzygfs=,rJj2kBjvUi+KIQaT9BtL7L7TEW8=
17,22,0WSebmhrIdtv8bXOsnjavHzygfs=,rJj2kBjvUi+KIQaT9BtL7L7TEW8=
23,18,0WSebmhrIdtv8bXOsnjavHzygfs=,rJj2kBjvUi+KIQaT9BtL7L7TEW8=
24,20,0WSebmhrIdtv8bXOsnjavHzygfs=,K1NLfNRYu0qEArTfUS1Mj4lianw=
20,21,0WSebmhrIdtv8bXOsnjavHzygfs=,rJj2kBjvUi+KIQaT9BtL7L7TEW8=
22,18,0WSebmhrIdtv8bXOsnjavHzygfs=,rJj2kBjvUi+KIQaT9BtL7L7TEW8=
19,21,0WSebmhrIdtv8bXOsnjavHzygfs=,rJj2kBjvUi+KIQaT9BtL7L7TEW8=
24,19,0WSebmhrIdtv8bXOsnjavHzygfs=,K1NLfNRYu0qEArTfUS1Mj4lianw=
16,24,0WSebmhrIdtv8bXOsnjavHzygfs=,ZCP7eFKc8I5/CC2E66JuZYgUScI=
21,20,0WSebmhrIdtv8bXOsnjavHzygfs=,rJj2kBjvUi+KIQaT9BtL7L7TEW8=
20,20,0WSebmhrIdtv8bXOsnjavHzygfs=,rJj2kBjvUi+KIQaT9BtL7L7TEW8=
24,18,0WSebmhrIdtv8bXOsnjavHzygfs=,K1NLfNRYu0qEArTfUS1Mj4lianw=
17,18,0WSebmhrIdtv8bXOsnjavHzygfs=,rJj2kBjvUi+KIQaT9BtL7L7TEW8=
23,17,0WSebmhrIdtv8bXOsnjavHzygfs=,rJj2kBjvUi+KIQaT9BtL7L7TEW8=
16,16,0WSebmhrIdtv8bXOsnjavHzygfs=,rJj2kBjvUi+KIQaT9BtL7L7TEW8=
16,18,0WSebmhrIdtv8bXOsnjavHzygfs=,rJj2kBjvUi+KIQaT9BtL7L7TEW8=
24,17,0WSebmhrIdtv8bXOsnjavHzygfs=,K1NLfNRYu0qEArTfUS1Mj4lianw=
19,20,0WSebmhrIdtv8bXOsnjavHzygfs=,rJj2kBjvUi+KIQaT9BtL7L7TEW8=
23,24,0WSebmhrIdtv8bXOsnjavHzygfs=,ZCP7eFKc8I5/CC2E66JuZYgUScI=
22,24,0WSebmhrIdtv8bXOsnjavHzygfs=,ZCP7eFKc8I5/CC2E66JuZYgUScI=
20,17,0WSebmhrIdtv8bXOsnjavHzygfs=,rJj2kBjvUi+KIQaT9BtL7L7TEW8=
21,18,0WSebmhrIdtv8bXOsnjavHzygfs=,rJj2kBjvUi+KIQaT9BtL7L7TEW8=
17,20,0WSebmhrIdtv8bXOsnjavHzygfs=,rJj2kBjvUi+KIQaT9BtL7L7TEW8=
18,20,0WSebmhrIdtv8bXOsnjavHzygfs=,rJj2kBjvUi+KIQaT9BtL7L7TEW8=
24,23,0WSebmhrIdtv8bXOsnjavHzygfs=,K1NLfNRYu0qEArTfUS1Mj4lianw=
18,21,0WSebmhrIdtv8bXOsnjavHzygfs=,rJj2kBjvUi+KIQaT9BtL7L7TEW8=
22,17,0WSebmhrIdtv8bXOsnjavHzygfs=,rJj2kBjvUi+KIQaT9BtL7L7TEW8=
21,24,0WSebmhrIdtv8bXOsnjavHzygfs=,ZCP7eFKc8I5/CC2E66JuZYgUScI=
21,17,0WSebmhrIdtv8bXOsnjavHzygfs=,rJj2kBjvUi+KIQaT9BtL7L7TEW8=
20,24,0WSebmhrIdtv8bXOsnjavHzygfs=,ZCP7eFKc8I5/CC2E66JuZYgUScI=
23,16,0WSebmhrIdtv8bXOsnjavHzygfs=,rJj2kBjvUi+KIQaT9BtL7L7TEW8=
17,21,0WSebmhrIdtv8bXOsnjavHzygfs=,rJj2kBjvUi+KIQaT9BtL7L7TEW8=
23,19,0WSebmhrIdtv8bXOsnjavHzygfs=,rJj2kBjvUi+KIQaT9BtL7L7TEW8=
22,19,0WSebmhrIdtv8bXOsnjavHzygfs=,rJj2kBjvUi+KIQaT9BtL7L7TEW8=
18,17,0WSebmhrIdtv8bXOsnjavHzygfs=,rJj2kBjvUi+KIQaT9BtL7L7TEW8=
19,24,0WSebmhrIdtv8bXOsnjavHzygfs=,ZCP7eFKc8I5/CC2E66JuZYgUScI=
22,16,0WSebmhrIdtv8bXOsnjavHzygfs=,rJj2kBjvUi+KIQaT9BtL7L7TEW8=
21,19,0WSebmhrIdtv8bXOsnjavHzygfs=,rJj2kBjvUi+KIQaT9BtL7L7TEW8=
17,17,0WSebmhrIdtv8bXOsnjavHzygfs=,rJj2kBjvUi+KIQaT9BtL7L7TEW8=
16,17,0WSebmhrIdtv8bXOsnjavHzygfs=,rJj2kBjvUi+KIQaT9BtL7L7TEW8=
18,24,0WSebmhrIdtv8bXOsnjavHzygfs=,ZCP7eFKc8I5/CC2E66JuZYgUScI=
20,19,0WSebmhrIdtv8bXOsnjavHzygfs=,rJj2kBjvUi+KIQaT9BtL7L7TEW8=
20,18,0WSebmhrIdtv8bXOsnjavHzygfs=,rJj2kBjvUi+KIQaT9BtL7L7TEW8=
21,16,0WSebmhrIdtv8bXOsnjavHzygfs=,rJj2kBjvUi+KIQaT9BtL7L7TEW8=
19,19,0WSebmhrIdtv8bXOsnjavHzygfs=,rJj2kBjvUi+KIQaT9BtL7L7TEW8=
20,16,0WSebmhrIdtv8bXOsnjavHzygfs=,rJj2kBjvUi+KIQaT9BtL7L7TEW8=
24,22,0WSebmhrIdtv8bXOsnjavHzygfs=,K1NLfNRYu0qEArTfUS1Mj4lianw=
24,16,0WSebmhrIdtv8bXOsnjavHzygfs=,K1NLfNRYu0qEArTfUS1Mj4lianw=
19,16,0WSebmhrIdtv8bXOsnjavHzygfs=,rJj2kBjvUi+KIQaT9BtL7L7TEW8=
18,19,0WSebmhrIdtv8bXOsnjavHzygfs=,rJj2kBjvUi+KIQaT9BtL7L7TEW8=
17,16,0WSebmhrIdtv8bXOsnjavHzygfs=,rJj2kBjvUi+KIQaT9BtL7L7TEW8=
16,20,0WSebmhrIdtv8bXOsnjavHzygfs=,rJj2kBjvUi+KIQaT9BtL7L7TEW8=
18,16,0WSebmhrIdtv8bXOsnjavHzygfs=,rJj2kBjvUi+KIQaT9BtL7L7TEW8=
17,24,0WSebmhrIdtv8bXOsnjavHzygfs=,ZCP7eFKc8I5/CC2E66JuZYgUScI=
28,11,JR06thkd/PmsAaPxMxj5D7k3WKc=,j2Y9Jk54VTdoRrQanerh3aokcSQ=
29,11,JR06thkd/PmsAaPxMxj5D7k3WKc=,j2Y9Jk54VTdoRrQanerh3aokcSQ=
30,11,JR06thkd/PmsAaPxMxj5D7k3WKc=,j2Y9Jk54VTdoRrQanerh3aokcSQ=
28,3,JR06thkd/PmsAaPxMxj5D7k3WKc=,GLLbUx7S+gTnjzY4jsRdtwszBzE=
25,12,JR06thkd/PmsAaPxMxj5D7k3WKc=,j2Y9Jk54VTdoRrQanerh3aokcSQ=
27,11,JR06thkd/PmsAaPxMxj5D7k3WKc=,j2Y9Jk54VTdoRrQanerh3aokcSQ=
26,11,JR06thkd/PmsAaPxMxj5D7k3WKc=,j2Y9Jk54VTdoRrQanerh3aokcSQ=
25,11,JR06thkd/PmsAaPxMxj5D7k3WKc=,j2Y9Jk54VTdoRrQanerh3aokcSQ=
20,13,JR06thkd/PmsAaPxMxj5D7k3WKc=,EsMoNLb75SBQZLz3HKDrrpZ3TfM=
30,10,JR06thkd/PmsAaPxMxj5D7k3WKc=,j2Y9Jk54VTdoRrQanerh3aokcSQ=
19,1,JR06thkd/PmsAaPxMxj5D7k3WKc=,qrPHps0O/k3qxCiJ3WWN+N1RBAA=
29,10,JR06thkd/PmsAaPxMxj5D7k3WKc=,j2Y9Jk54VTdoRrQanerh3aokcSQ=
28,10,JR06thkd/PmsAaPxMxj5D7k3WKc=,j2Y9Jk54VTdoRrQanerh3aokcSQ=
30,14,JR06thkd/PmsAaPxMxj5D7k3WKc=,j2Y9Jk54VTdoRrQanerh3aokcSQ=
26,12,JR06thkd/PmsAaPxMxj5D7k3WKc=,j2Y9Jk54VTdoRrQanerh3aokcSQ=
19,13,JR06thkd/PmsAaPxMxj5D7k3WKc=,EsMoNLb75SBQZLz3HKDrrpZ3TfM=
29,14,JR06thkd/PmsAaPxMxj5D7k3WKc=,j2Y9Jk54VTdoRrQanerh3aokcSQ=
21,13,JR06thkd/PmsAaPxMxj5D7k3WKc=,EsMoNLb75SBQZLz3HKDrrpZ3TfM=
27,10,JR06thkd/PmsAaPxMxj5D7k3WKc=,j2Y9Jk54VTdoRrQanerh3aokcSQ=
20,7,JR06thkd/PmsAaPxMxj5D7k3WKc=,qrPHps0O/k3qxCiJ3WWN+N1RBAA=
26,10,fl0hPsms5Z4tqYCGEOD9t8PfA/A=,j2Y9Jk54VTdoRrQanerh3aokcSQ=
27,3,fl0hPsms5Z4tqYCGEOD9t8PfA/A=,GLLbUx7S+gTnjzY4jsRdtwszBzE=
27,12,fl0hPsms5Z4tqYCGEOD9t8PfA/A=,j2Y9Jk54VTdoRrQanerh3aokcSQ=
28,14,fl0hPsms5Z4tqYCGEOD9t8PfA/A=,j2Y9Jk54VTdoRrQanerh3aokcSQ=
22,13,fl0hPsms5Z4tqYCGEOD9t8PfA/A=,EsMoNLb75SBQZLz3HKDrrpZ3TfM=
27,14,fl0hPsms5Z4tqYCGEOD9t8PfA/A=,j2Y9Jk54VTdoRrQanerh3aokcSQ=
23,3,fl0hPsms5Z4tqYCGEOD9t8PfA/A=,qrPHps0O/k3qxCiJ3WWN+N1RBAA=
25,10,fl0hPsms5Z4tqYCGEOD9t8PfA/A=,j2Y9Jk54VTdoRrQanerh3aokcSQ=
23,1,fl0hPsms5Z4tqYCGEOD9t8PfA/A=,qrPHps0O/k3qxCiJ3WWN+N1RBAA=
28,12,fl0hPsms5Z4tqYCGEOD9t8PfA/A=,j2Y9Jk54VTdoRrQanerh3aokcSQ=
26,14,fl0hPsms5Z4tqYCGEOD9t8PfA/A=,j2Y9Jk54VTdoRrQanerh3aokcSQ=
25,14,fl0hPsms5Z4tqYCGEOD9t8PfA/A=,j2Y9Jk54VTdoRrQanerh3aokcSQ=
29,9,fl0hPsms5Z4tqYCGEOD9t8PfA/A=,j2Y9Jk54VTdoRrQanerh3aokcSQ=
28,9,fl0hPsms5Z4tqYCGEOD9t8PfA/A=,j2Y9Jk54VTdoRrQanerh3aokcSQ=
29,12,fl0hPsms5Z4tqYCGEOD9t8PfA/A=,j2Y9Jk54VTdoRrQanerh3aokcSQ=
23,13,fl0hPsms5Z4tqYCGEOD9t8PfA/A=,EsMoNLb75SBQZLz3HKDrrpZ3TfM=
20,1,fl0hPsms5Z4tqYCGEOD9t8PfA/A=,qrPHps0O/k3qxCiJ3WWN+N1RBAA=
30,12,fl0hPsms5Z4tqYCGEOD9t8PfA/A=,j2Y9Jk54VTdoRrQanerh3aokcSQ=
30,9,fl0hPsms5Z4tqYCGEOD9t8PfA/A=,j2Y9Jk54VTdoRrQanerh3aokcSQ=
27,9,fl0hPsms5Z4tqYCGEOD9t8PfA/A=,j2Y9Jk54VTdoRrQanerh3aokcSQ=
26,9,fl0hPsms5Z4tqYCGEOD9t8PfA/A=,j2Y9Jk54VTdoRrQanerh3aokcSQ=
30,13,fl0hPsms5Z4tqYCGEOD9t8PfA/A=,j2Y9Jk54VTdoRrQanerh3aokcSQ=
29,13,fl0hPsms5Z4tqYCGEOD9t8PfA/A=,j2Y9Jk54VTdoRrQanerh3aokcSQ=
17,14,fl0hPsms5Z4tqYCGEOD9t8PfA/A=,EsMoNLb75SBQZLz3HKDrrpZ3TfM=
21,1,fl0hPsms5Z4tqYCGEOD9t8PfA/A=,qrPHps0O/k3qxCiJ3WWN+N1RBAA=
22,1,fl0hPsms5Z4tqYCGEOD9t8PfA/A=,qrPHps0O/k3qxCiJ3WWN+N1RBAA=
18,13,fl0hPsms5Z4tqYCGEOD9t8PfA/A=,EsMoNLb75SBQZLz3HKDrrpZ3TfM=
25,9,fl0hPsms5Z4tqYCGEOD9t8PfA/A=,j2Y9Jk54VTdoRrQanerh3aokcSQ=
18,14,fl0hPsms5Z4tqYCGEOD9t8PfA/A=,EsMoNLb75SBQZLz3HKDrrpZ3TfM=
25,13,fl0hPsms5Z4tqYCGEOD9t8PfA/A=,j2Y9Jk54VTdoRrQanerh3aokcSQ=
21,7,fl0hPsms5Z4tqYCGEOD9t8PfA/A=,qrPHps0O/k3qxCiJ3WWN+N1RBAA=
27,13,fl0hPsms5Z4tqYCGEOD9t8PfA/A=,j2Y9Jk54VTdoRrQanerh3aokcSQ=
28,13,fl0hPsms5Z4tqYCGEOD9t8PfA/A=,j2Y9Jk54VTdoRrQanerh3aokcSQ=
19,14,fl0hPsms5Z4tqYCGEOD9t8PfA/A=,EsMoNLb75SBQZLz3HKDrrpZ3TfM=
26,13,fl0hPsms5Z4tqYCGEOD9t8PfA/A=,j2Y9Jk54VTdoRrQanerh3aokcSQ=
18,1,fl0hPsms5Z4tqYCGEOD9t8PfA/A=,qrPHps0O/k3qxCiJ3WWN+N1RBAA=
31,11,fl0hPsms5Z4tqYCGEOD9t8PfA/A=,j2Y9Jk54VTdoRrQanerh3aokcSQ=
22,4,fl0hPsms5Z4tqYCGEOD9t8PfA/A=,qrPHps0O/k3qxCiJ3WWN+N1RBAA=
31,12,fl0hPsms5Z4tqYCGEOD9t8PfA/A=,j2Y9Jk54VTdoRrQanerh3aokcSQ=
31,13,fl0hPsms5Z4tqYCGEOD9t8PfA/A=,j2Y9Jk54VTdoRrQanerh3aokcSQ=
22,7,fl0hPsms5Z4tqYCGEOD9t8PfA/A=,qrPHps0O/k3qxCiJ3WWN+N1RBAA=
26,3,fl0hPsms5Z4tqYCGEOD9t8PfA/A=,GLLbUx7S+gTnjzY4jsRdtwszBzE=
19,7,fl0hPsms5Z4tqYCGEOD9t8PfA/A=,qrPHps0O/k3qxCiJ3WWN+N1RBAA=
31,10,fl0hPsms5Z4tqYCGEOD9t8PfA/A=,j2Y9Jk54VTdoRrQanerh3aokcSQ=
24,3,fl0hPsms5Z4tqYCGEOD9t8PfA/A=,GLLbUx7S+gTnjzY4jsRdtwszBzE=
31,14,fl0hPsms5Z4tqYCGEOD9t8PfA/A=,j2Y9Jk54VTdoRrQanerh3aokcSQ=
24,12,fl0hPsms5Z4tqYCGEOD9t8PfA/A=,j2Y9Jk54VTdoRrQanerh3aokcSQ=
31,9,fl0hPsms5Z4tqYCGEOD9t8PfA/A=,j2Y9Jk54VTdoRrQanerh3aokcSQ=
21,5,fl0hPsms5Z4tqYCGEOD9t8PfA/A=,qrPHps0O/k3qxCiJ3WWN+N1RBAA=
24,7,fl0hPsms5Z4tqYCGEOD9t8PfA/A=,GLLbUx7S+gTnjzY4jsRdtwszBzE=
20,5,fl0hPsms5Z4tqYCGEOD9t8PfA/A=,qrPHps0O/k3qxCiJ3WWN+N1RBAA=
20,14,fl0hPsms5Z4tqYCGEOD9t8PfA/A=,EsMoNLb75SBQZLz3HKDrrpZ3TfM=
24,2,fl0hPsms5Z4tqYCGEOD9t8PfA/A=,GLLbUx7S+gTnjzY4jsRdtwszBzE=
17,4,fl0hPsms5Z4tqYCGEOD9t8PfA/A=,qrPHps0O/k3qxCiJ3WWN+N1RBAA=
19,5,fl0hPsms5Z4tqYCGEOD9t8PfA/A=,qrPHps0O/k3qxCiJ3WWN+N1RBAA=
21,14,fl0hPsms5Z4tqYCGEOD9t8PfA/A=,EsMoNLb75SBQZLz3HKDrrpZ3TfM=
18,7,fl0hPsms5Z4tqYCGEOD9t8PfA/A=,qrPHps0O/k3qxCiJ3WWN+N1RBAA=
21,4,fl0hPsms5Z4tqYCGEOD9t8PfA/A=,qrPHps0O/k3qxCiJ3WWN+N1RBAA=
17,7,fl0hPsms5Z4tqYCGEOD9t8PfA/A=,qrPHps0O/k3qxCiJ3WWN+N1RBAA=
24,6,fl0hPsms5Z4tqYCGEOD9t8PfA/A=,GLLbUx7S+gTnjzY4jsRdtwszBzE=
22,14,fl0hPsms5Z4tqYCGEOD9t8PfA/A=,EsMoNLb75SBQZLz3HKDrrpZ3TfM=
18,5,fl0hPsms5Z4tqYCGEOD9t8PfA/A=,qrPHps0O/k3qxCiJ3WWN+N1RBAA=
23,14,fl0hPsms5Z4tqYCGEOD9t8PfA/A=,EsMoNLb75SBQZLz3HKDrrpZ3TfM=
31,3,fl0hPsms5Z4tqYCGEOD9t8PfA/A=,GLLbUx7S+gTnjzY4jsRdtwszBzE=
24,1,fl0hPsms5Z4tqYCGEOD9t8PfA/A=,GLLbUx7S+gTnjzY4jsRdtwszBzE=
17,1,fl0hPsms5Z4tqYCGEOD9t8PfA/A=,qrPHps0O/k3qxCiJ3WWN+N1RBAA=
20,4,fl0hPsms5Z4tqYCGEOD9t8PfA/A=,qrPHps0O/k3qxCiJ3WWN+N1RBAA=
17,5,fl0hPsms5Z4tqYCGEOD9t8PfA/A=,qrPHps0O/k3qxCiJ3WWN+N1RBAA=
24,13,fl0hPsms5Z4tqYCGEOD9t8PfA/A=,j2Y9Jk54VTdoRrQanerh3aokcSQ=
31,7,fl0hPsms5Z4tqYCGEOD9t8PfA/A=,GLLbUx7S+gTnjzY4jsRdtwszBzE=
31,4,fl0hPsms5Z4tqYCGEOD9t8PfA/A=,GLLbUx7S+gTnjzY4jsRdtwszBzE=
23,6,fl0hPsms5Z4tqYCGEOD9t8PfA/A=,qrPHps0O/k3qxCiJ3WWN+N1RBAA=
23,7,fl0hPsms5Z4tqYCGEOD9t8PfA/A=,qrPHps0O/k3qxCiJ3WWN+N1RBAA=
31,8,fl0hPsms5Z4tqYCGEOD9t8PfA/A=,j2Y9Jk54VTdoRrQanerh3aokcSQ=
22,6,fl0hPsms5Z4tqYCGEOD9t8PfA/A=,qrPHps0O/k3qxCiJ3WWN+N1RBAA=
24,5,fl0hPsms5Z4tqYCGEOD9t8PfA/A=,GLLbUx7S+gTnjzY4jsRdtwszBzE=
31,2,fl0hPsms5Z4tqYCGEOD9t8PfA/A=,GLLbUx7S+gTnjzY4jsRdtwszBzE=
17,9,fl0hPsms5Z4tqYCGEOD9t8PfA/A=,EsMoNLb75SBQZLz3HKDrrpZ3TfM=
24,8,fl0hPsms5Z4tqYCGEOD9t8PfA/A=,j2Y9Jk54VTdoRrQanerh3aokcSQ=
31,5,fl0hPsms5Z4tqYCGEOD9t8PfA/A=,GLLbUx7S+gTnjzY4jsRdtwszBzE=
23,8,fl0hPsms5Z4tqYCGEOD9t8PfA/A=,EsMoNLb75SBQZLz3HKDrrpZ3TfM=
17,2,fl0hPsms5Z4tqYCGEOD9t8PfA/A=,qrPHps0O/k3qxCiJ3WWN+N1RBAA=
22,8,fl0hPsms5Z4tqYCGEOD9t8PfA/A=,EsMoNLb75SBQZLz3HKDrrpZ3TfM=
18,9,fl0hPsms5Z4tqYCGEOD9t8PfA/A=,EsMoNLb75SBQZLz3HKDrrpZ3TfM=
21,8,fl0hPsms5Z4tqYCGEOD9t8PfA/A=,EsMoNLb75SBQZLz3HKDrrpZ3TfM=
25,3,fl0hPsms5Z4tqYCGEOD9t8PfA/A=,GLLbUx7S+gTnjzY4jsRdtwszBzE=
31,1,fl0hPsms5Z4tqYCGEOD9t8PfA/A=,GLLbUx7S+gTnjzY4jsRdtwszBzE=
23,4,fl0hPsms5Z4tqYCGEOD9t8PfA/A=,qrPHps0O/k3qxCiJ3WWN+N1RBAA=
18,2,fl0hPsms5Z4tqYCGEOD9t8PfA/A=,qrPHps0O/k3qxCiJ3WWN+N1RBAA=
21,6,fl0hPsms5Z4tqYCGEOD9t8PfA/A=,qrPHps0O/k3qxCiJ3WWN+N1RBAA=
30,7,fl0hPsms5Z4tqYCGEOD9t8PfA/A=,GLLbUx7S+gTnjzY4jsRdtwszBzE=
19,9,fl0hPsms5Z4tqYCGEOD9t8PfA/A=,EsMoNLb75SBQZLz3HKDrrpZ3TfM=
20,6,fl0hPsms5Z4tqYCGEOD9t8PfA/A=,qrPHps0O/k3qxCiJ3WWN+N1RBAA=
18,4,fl0hPsms5Z4tqYCGEOD9t8PfA/A=,qrPHps0O/k3qxCiJ3WWN+N1RBAA=
31,6,fl0hPsms5Z4tqYCGEOD9t8PfA/A=,GLLbUx7S+gTnjzY4jsRdtwszBzE=
20,9,fl0hPsms5Z4tqYCGEOD9t8PfA/A=,EsMoNLb75SBQZLz3HKDrrpZ3TfM=
17,3,fl0hPsms5Z4tqYCGEOD9t8PfA/A=,qrPHps0O/k3qxCiJ3WWN+N1RBAA=
19,6,fl0hPsms5Z4tqYCGEOD9t8PfA/A=,qrPHps0O/k3qxCiJ3WWN+N1RBAA=
18,6,fl0hPsms5Z4tqYCGEOD9t8PfA/A=,qrPHps0O/k3qxCiJ3WWN+N1RBAA=
22,3,fl0hPsms5Z4tqYCGEOD9t8PfA/A=,qrPHps0O/k3qxCiJ3WWN+N1RBAA=
21,9,fl0hPsms5Z4tqYCGEOD9t8PfA/A=,EsMoNLb75SBQZLz3HKDrrpZ3TfM=
25,0,fl0hPsms5Z4tqYCGEOD9t8PfA/A=,GLLbUx7S+gTnjzY4jsRdtwszBzE=
17,13,fl0hPsms5Z4tqYCGEOD9t8PfA/A=,EsMoNLb75SBQZLz3HKDrrpZ3TfM=
19,2,fl0hPsms5Z4tqYCGEOD9t8PfA/A=,qrPHps0O/k3qxCiJ3WWN+N1RBAA=
30,0,fl0hPsms5Z4tqYCGEOD9t8PfA/A=,GLLbUx7S+gTnjzY4jsRdtwszBzE=
29,0,fl0hPsms5Z4tqYCGEOD9t8PfA/A=,GLLbUx7S+gTnjzY4jsRdtwszBzE=
28,0,fl0hPsms5Z4tqYCGEOD9t8PfA/A=,GLLbUx7S+gTnjzY4jsRdtwszBzE=
26,0,fl0hPsms5Z4tqYCGEOD9t8PfA/A=,GLLbUx7S+gTnjzY4jsRdtwszBzE=
22,9,fl0hPsms5Z4tqYCGEOD9t8PfA/A=,EsMoNLb75SBQZLz3HKDrrpZ3TfM=
17,6,fl0hPsms5Z4tqYCGEOD9t8PfA/A=,qrPHps0O/k3qxCiJ3WWN+N1RBAA=
20,8,fl0hPsms5Z4tqYCGEOD9t8PfA/A=,EsMoNLb75SBQZLz3HKDrrpZ3TfM=
20,2,fl0hPsms5Z4tqYCGEOD9t8PfA/A=,qrPHps0O/k3qxCiJ3WWN+N1RBAA=
19,8,fl0hPsms5Z4tqYCGEOD9t8PfA/A=,EsMoNLb75SBQZLz3HKDrrpZ3TfM=
29,7,fl0hPsms5Z4tqYCGEOD9t8PfA/A=,GLLbUx7S+gTnjzY4jsRdtwszBzE=
21,2,fl0hPsms5Z4tqYCGEOD9t8PfA/A=,qrPHps0O/k3qxCiJ3WWN+N1RBAA=
23,9,fl0hPsms5Z4tqYCGEOD9t8PfA/A=,EsMoNLb75SBQZLz3HKDrrpZ3TfM=
27,0,fl0hPsms5Z4tqYCGEOD9t8PfA/A=,GLLbUx7S+gTnjzY4jsRdtwszBzE=
23,5,fl0hPsms5Z4tqYCGEOD9t8PfA/A=,qrPHps0O/k3qxCiJ3WWN+N1RBAA=
22,2,fl0hPsms5Z4tqYCGEOD9t8PfA/A=,qrPHps0O/k3qxCiJ3WWN+N1RBAA=
18,0,fl0hPsms5Z4tqYCGEOD9t8PfA/A=,qrPHps0O/k3qxCiJ3WWN+N1RBAA=
22,5,fl0hPsms5Z4tqYCGEOD9t8PfA/A=,qrPHps0O/k3qxCiJ3WWN+N1RBAA=
17,10,fl0hPsms5Z4tqYCGEOD9t8PfA/A=,EsMoNLb75SBQZLz3HKDrrpZ3TfM=
18,8,fl0hPsms5Z4tqYCGEOD9t8PfA/A=,EsMoNLb75SBQZLz3HKDrrpZ3TfM=
21,3,fl0hPsms5Z4tqYCGEOD9t8PfA/A=,qrPHps0O/k3qxCiJ3WWN+N1RBAA=
23,0,fl0hPsms5Z4tqYCGEOD9t8PfA/A=,qrPHps0O/k3qxCiJ3WWN+N1RBAA=
23,2,fl0hPsms5Z4tqYCGEOD9t8PfA/A=,qrPHps0O/k3qxCiJ3WWN+N1RBAA=
17,8,fl0hPsms5Z4tqYCGEOD9t8PfA/A=,EsMoNLb75SBQZLz3HKDrrpZ3TfM=
18,10,fl0hPsms5Z4tqYCGEOD9t8PfA/A=,EsMoNLb75SBQZLz3HKDrrpZ3TfM=
20,3,fl0hPsms5Z4tqYCGEOD9t8PfA/A=,qrPHps0O/k3qxCiJ3WWN+N1RBAA=
22,0,fl0hPsms5Z4tqYCGEOD9t8PfA/A=,qrPHps0O/k3qxCiJ3WWN+N1RBAA=
19,0,fl0hPsms5Z4tqYCGEOD9t8PfA/A=,qrPHps0O/k3qxCiJ3WWN+N1RBAA=
30,2,fl0hPsms5Z4tqYCGEOD9t8PfA/A=,GLLbUx7S+gTnjzY4jsRdtwszBzE=
18,3,fl0hPsms5Z4tqYCGEOD9t8PfA/A=,qrPHps0O/k3qxCiJ3WWN+N1RBAA=
21,0,fl0hPsms5Z4tqYCGEOD9t8PfA/A=,qrPHps0O/k3qxCiJ3WWN+N1RBAA=
29,2,fl0hPsms5Z4tqYCGEOD9t8PfA/A=,GLLbUx7S+gTnjzY4jsRdtwszBzE=
17,0,fl0hPsms5Z4tqYCGEOD9t8PfA/A=,qrPHps0O/k3qxCiJ3WWN+N1RBAA=
24,11,fl0hPsms5Z4tqYCGEOD9t8PfA/A=,j2Y9Jk54VTdoRrQanerh3aokcSQ=
19,4,fl0hPsms5Z4tqYCGEOD9t8PfA/A=,qrPHps0O/k3qxCiJ3WWN+N1RBAA=
20,0,fl0hPsms5Z4tqYCGEOD9t8PfA/A=,qrPHps0O/k3qxCiJ3WWN+N1RBAA=
19,10,fl0hPsms5Z4tqYCGEOD9t8PfA/A=,EsMoNLb75SBQZLz3HKDrrpZ3TfM=
23,12,fl0hPsms5Z4tqYCGEOD9t8PfA/A=,EsMoNLb75SBQZLz3HKDrrpZ3TfM=
28,2,fl0hPsms5Z4tqYCGEOD9t8PfA/A=,GLLbUx7S+gTnjzY4jsRdtwszBzE=
24,4,fl0hPsms5Z4tqYCGEOD9t8PfA/A=,GLLbUx7S+gTnjzY4jsRdtwszBzE=
24,0,fl0hPsms5Z4tqYCGEOD9t8PfA/A=,GLLbUx7S+gTnjzY4jsRdtwszBzE=
20,10,fl0hPsms5Z4tqYCGEOD9t8PfA/A=,EsMoNLb75SBQZLz3HKDrrpZ3TfM=
19,3,fl0hPsms5Z4tqYCGEOD9t8PfA/A=,qrPHps0O/k3qxCiJ3WWN+N1RBAA=
21,10,fl0hPsms5Z4tqYCGEOD9t8PfA/A=,EsMoNLb75SBQZLz3HKDrrpZ3TfM=
22,12,fl0hPsms5Z4tqYCGEOD9t8PfA/A=,EsMoNLb75SBQZLz3HKDrrpZ3TfM=
16,4,fl0hPsms5Z4tqYCGEOD9t8PfA/A=,qrPHps0O/k3qxCiJ3WWN+N1RBAA=
21,12,fl0hPsms5Z4tqYCGEOD9t8PfA/A=,EsMoNLb75SBQZLz3HKDrrpZ3TfM=
16,2,fl0hPsms5Z4tqYCGEOD9t8PfA/A=,qrPHps0O/k3qxCiJ3WWN+N1RBAA=
16,14,fl0hPsms5Z4tqYCGEOD9t8PfA/A=,EsMoNLb75SBQZLz3HKDrrpZ3TfM=
16,5,fl0hPsms5Z4tqYCGEOD9t8PfA/A=,qrPHps0O/k3qxCiJ3WWN+N1RBAA=
16,6,fl0hPsms5Z4tqYCGEOD9t8PfA/A=,qrPHps0O/k3qxCiJ3WWN+N1RBAA=
24,9,fl0hPsms5Z4tqYCGEOD9t8PfA/A=,j2Y9Jk54VTdoRrQanerh3aokcSQ=
20,12,fl0hPsms5Z4tqYCGEOD9t8PfA/A=,EsMoNLb75SBQZLz3HKDrrpZ3TfM=
19,12,fl0hPsms5Z4tqYCGEOD9t8PfA/A=,EsMoNLb75SBQZLz3HKDrrpZ3TfM=
16,1,fl0hPsms5Z4tqYCGEOD9t8PfA/A=,qrPHps0O/k3qxCiJ3WWN+N1RBAA=
16,8,fl0hPsms5Z4tqYCGEOD9t8PfA/A=,EsMoNLb75SBQZLz3HKDrrpZ3TfM=
22,10,fl0hPsms5Z4tqYCGEOD9t8PfA/A=,EsMoNLb75SBQZLz3HKDrrpZ3TfM=
16,3,fl0hPsms5Z4tqYCGEOD9t8PfA/A=,qrPHps0O/k3qxCiJ3WWN+N1RBAA=
24,14,fl0hPsms5Z4tqYCGEOD9t8PfA/A=,j2Y9Jk54VTdoRrQanerh3aokcSQ=
16,9,fl0hPsms5Z4tqYCGEOD9t8PfA/A=,EsMoNLb75SBQZLz3HKDrrpZ3TfM=
23,10,fl0hPsms5Z4tqYCGEOD9t8PfA/A=,EsMoNLb75SBQZLz3HKDrrpZ3TfM=
16,10,fl0hPsms5Z4tqYCGEOD9t8PfA/A=,EsMoNLb75SBQZLz3HKDrrpZ3TfM=
17,11,fl0hPsms5Z4tqYCGEOD9t8PfA/A=,EsMoNLb75SBQZLz3HKDrrpZ3TfM=
24,10,fl0hPsms5Z4tqYCGEOD9t8PfA/A=,j2Y9Jk54VTdoRrQanerh3aokcSQ=
16,7,fl0hPsms5Z4tqYCGEOD9t8PfA/A=,qrPHps0O/k3qxCiJ3WWN+N1RBAA=
28,7,fl0hPsms5Z4tqYCGEOD9t8PfA/A=,GLLbUx7S+gTnjzY4jsRdtwszBzE=
18,11,fl0hPsms5Z4tqYCGEOD9t8PfA/A=,EsMoNLb75SBQZLz3HKDrrpZ3TfM=
16,11,fl0hPsms5Z4tqYCGEOD9t8PfA/A=,EsMoNLb75SBQZLz3HKDrrpZ3TfM=
19,11,fl0hPsms5Z4tqYCGEOD9t8PfA/A=,EsMoNLb75SBQZLz3HKDrrpZ3TfM=
16,12,fl0hPsms5Z4tqYCGEOD9t8PfA/A=,EsMoNLb75SBQZLz3HKDrrpZ3TfM=
17,12,fl0hPsms5Z4tqYCGEOD9t8PfA/A=,EsMoNLb75SBQZLz3HKDrrpZ3TfM=
20,11,fl0hPsms5Z4tqYCGEOD9t8PfA/A=,EsMoNLb75SBQZLz3HKDrrpZ3TfM=
18,12,fl0hPsms5Z4tqYCGEOD9t8PfA/A=,EsMoNLb75SBQZLz3HKDrrpZ3TfM=
25,15,fl0hPsms5Z4tqYCGEOD9t8PfA/A=,j2Y9Jk54VTdoRrQanerh3aokcSQ=
26,15,fl0hPsms5Z4tqYCGEOD9t8PfA/A=,j2Y9Jk54VTdoRrQanerh3aokcSQ=
27,15,fl0hPsms5Z4tqYCGEOD9t8PfA/A=,j2Y9Jk54VTdoRrQanerh3aokcSQ=
28,15,fl0hPsms5Z4tqYCGEOD9t8PfA/A=,j2Y9Jk54VTdoRrQanerh3aokcSQ=
29,15,fl0hPsms5Z4tqYCGEOD9t8PfA/A=,j2Y9Jk54VTdoRrQanerh3aokcSQ=
30,15,fl0hPsms5Z4tqYCGEOD9t8PfA/A=,j2Y9Jk54VTdoRrQanerh3aokcSQ=
31,15,fl0hPsms5Z4tqYCGEOD9t8PfA/A=,j2Y9Jk54VTdoRrQanerh3aokcSQ=
23,11,fl0hPsms5Z4tqYCGEOD9t8PfA/A=,EsMoNLb75SBQZLz3HKDrrpZ3TfM=
21,11,fl0hPsms5Z4tqYCGEOD9t8PfA/A=,EsMoNLb75SBQZLz3HKDrrpZ3TfM=
31,0,fl0hPsms5Z4tqYCGEOD9t8PfA/A=,GLLbUx7S+gTnjzY4jsRdtwszBzE=
27,7,fl0hPsms5Z4tqYCGEOD9t8PfA/A=,GLLbUx7S+gTnjzY4jsRdtwszBzE=
26,7,fl0hPsms5Z4tqYCGEOD9t8PfA/A=,GLLbUx7S+gTnjzY4jsRdtwszBzE=
22,11,fl0hPsms5Z4tqYCGEOD9t8PfA/A=,EsMoNLb75SBQZLz3HKDrrpZ3TfM=
16,13,fl0hPsms5Z4tqYCGEOD9t8PfA/A=,EsMoNLb75SBQZLz3HKDrrpZ3TfM=
26,2,fl0hPsms5Z4tqYCGEOD9t8PfA/A=,GLLbUx7S+gTnjzY4jsRdtwszBzE=
25,7,fl0hPsms5Z4tqYCGEOD9t8PfA/A=,GLLbUx7S+gTnjzY4jsRdtwszBzE=
30,1,fl0hPsms5Z4tqYCGEOD9t8PfA/A=,GLLbUx7S+gTnjzY4jsRdtwszBzE=
27,2,fl0hPsms5Z4tqYCGEOD9t8PfA/A=,GLLbUx7S+gTnjzY4jsRdtwszBzE=
16,0,fl0hPsms5Z4tqYCGEOD9t8PfA/A=,qrPHps0O/k3qxCiJ3WWN+N1RBAA=
29,1,fl0hPsms5Z4tqYCGEOD9t8PfA/A=,GLLbUx7S+gTnjzY4jsRdtwszBzE=
28,1,fl0hPsms5Z4tqYCGEOD9t8PfA/A=,GLLbUx7S+gTnjzY4jsRdtwszBzE=
29,6,fl0hPsms5Z4tqYCGEOD9t8PfA/A=,GLLbUx7S+gTnjzY4jsRdtwszBzE=
25,1,fl0hPsms5Z4tqYCGEOD9t8PfA/A=,GLLbUx7S+gTnjzY4jsRdtwszBzE=
25,2,fl0hPsms5Z4tqYCGEOD9t8PfA/A=,GLLbUx7S+gTnjzY4jsRdtwszBzE=
28,6,fl0hPsms5Z4tqYCGEOD9t8PfA/A=,GLLbUx7S+gTnjzY4jsRdtwszBzE=
27,6,fl0hPsms5Z4tqYCGEOD9t8PfA/A=,GLLbUx7S+gTnjzY4jsRdtwszBzE=
30,5,fl0hPsms5Z4tqYCGEOD9t8PfA/A=,GLLbUx7S+gTnjzY4jsRdtwszBzE=
25,6,fl0hPsms5Z4tqYCGEOD9t8PfA/A=,GLLbUx7S+gTnjzY4jsRdtwszBzE=
16,15,fl0hPsms5Z4tqYCGEOD9t8PfA/A=,EsMoNLb75SBQZLz3HKDrrpZ3TfM=
29,5,fl0hPsms5Z4tqYCGEOD9t8PfA/A=,GLLbUx7S+gTnjzY4jsRdtwszBzE=
28,5,fl0hPsms5Z4tqYCGEOD9t8PfA/A=,GLLbUx7S+gTnjzY4jsRdtwszBzE=
27,5,fl0hPsms5Z4tqYCGEOD9t8PfA/A=,GLLbUx7S+gTnjzY4jsRdtwszBzE=
26,6,fl0hPsms5Z4tqYCGEOD9t8PfA/A=,GLLbUx7S+gTnjzY4jsRdtwszBzE=
30,8,fl0hPsms5Z4tqYCGEOD9t8PfA/A=,j2Y9Jk54VTdoRrQanerh3aokcSQ=
26,1,fl0hPsms5Z4tqYCGEOD9t8PfA/A=,GLLbUx7S+gTnjzY4jsRdtwszBzE=
27,8,fl0hPsms5Z4tqYCGEOD9t8PfA/A=,j2Y9Jk54VTdoRrQanerh3aokcSQ=
29,8,fl0hPsms5Z4tqYCGEOD9t8PfA/A=,j2Y9Jk54VTdoRrQanerh3aokcSQ=
27,1,fl0hPsms5Z4tqYCGEOD9t8PfA/A=,GLLbUx7S+gTnjzY4jsRdtwszBzE=
28,8,fl0hPsms5Z4tqYCGEOD9t8PfA/A=,j2Y9Jk54VTdoRrQanerh3aokcSQ=
30,6,fl0hPsms5Z4tqYCGEOD9t8PfA/A=,GLLbUx7S+gTnjzY4jsRdtwszBzE=
17,15,fl0hPsms5Z4tqYCGEOD9t8PfA/A=,EsMoNLb75SBQZLz3HKDrrpZ3TfM=
25,8,fl0hPsms5Z4tqYCGEOD9t8PfA/A=,j2Y9Jk54VTdoRrQanerh3aokcSQ=
29,4,fl0hPsms5Z4tqYCGEOD9t8PfA/A=,GLLbUx7S+gTnjzY4jsRdtwszBzE=
27,4,fl0hPsms5Z4tqYCGEOD9t8PfA/A=,GLLbUx7S+gTnjzY4jsRdtwszBzE=
26,4,fl0hPsms5Z4tqYCGEOD9t8PfA/A=,GLLbUx7S+gTnjzY4jsRdtwszBzE=
25,4,fl0hPsms5Z4tqYCGEOD9t8PfA/A=,GLLbUx7S+gTnjzY4jsRdtwszBzE=
24,15,fl0hPsms5Z4tqYCGEOD9t8PfA/A=,j2Y9Jk54VTdoRrQanerh3aokcSQ=
23,15,fl0hPsms5Z4tqYCGEOD9t8PfA/A=,EsMoNLb75SBQZLz3HKDrrpZ3TfM=
22,15,fl0hPsms5Z4tqYCGEOD9t8PfA/A=,EsMoNLb75SBQZLz3HKDrrpZ3TfM=
30,3,fl0hPsms5Z4tqYCGEOD9t8PfA/A=,GLLbUx7S+gTnjzY4jsRdtwszBzE=
26,5,fl0hPsms5Z4tqYCGEOD9t8PfA/A=,GLLbUx7S+gTnjzY4jsRdtwszBzE=
29,3,fl0hPsms5Z4tqYCGEOD9t8PfA/A=,GLLbUx7S+gTnjzY4jsRdtwszBzE=
25,5,fl0hPsms5Z4tqYCGEOD9t8PfA/A=,GLLbUx7S+gTnjzY4jsRdtwszBzE=
30,4,fl0hPsms5Z4tqYCGEOD9t8PfA/A=,GLLbUx7S+gTnjzY4jsRdtwszBzE=
20,15,fl0hPsms5Z4tqYCGEOD9t8PfA/A=,EsMoNLb75SBQZLz3HKDrrpZ3TfM=
26,8,fl0hPsms5Z4tqYCGEOD9t8PfA/A=,j2Y9Jk54VTdoRrQanerh3aokcSQ=
28,4,fl0hPsms5Z4tqYCGEOD9t8PfA/A=,GLLbUx7S+gTnjzY4jsRdtwszBzE=
18,15,fl0hPsms5Z4tqYCGEOD9t8PfA/A=,EsMoNLb75SBQZLz3HKDrrpZ3TfM=
21,15,fl0hPsms5Z4tqYCGEOD9t8PfA/A=,EsMoNLb75SBQZLz3HKDrrpZ3TfM=
19,15,fl0hPsms5Z4tqYCGEOD9t8PfA/A=,EsMoNLb75SBQZLz3HKDrrpZ3TfM=
