52,-11,ZJfL1rJ3k0UKlkfcAoT4bzhlx/Q=,8BlZ7pfCG1LJ/DpP++BYTS7BE9A=
51,-11,ZJfL1rJ3k0UKlkfcAoT4bzhlx/Q=,8BlZ7pfCG1LJ/DpP++BYTS7BE9A=
50,-11,ZJfL1rJ3k0UKlkfcAoT4bzhlx/Q=,8BlZ7pfCG1LJ/DpP++BYTS7BE9A=
49,-11,ZJfL1rJ3k0UKlkfcAoT4bzhlx/Q=,8BlZ7pfCG1LJ/DpP++BYTS7BE9A=
54,-12,ZJfL1rJ3k0UKlkfcAoT4bzhlx/Q=,8BlZ7pfCG1LJ/DpP++BYTS7BE9A=
53,-12,ZJfL1rJ3k0UKlkfcAoT4bzhlx/Q=,8BlZ7pfCG1LJ/DpP++BYTS7BE9A=
52,-12,ZJfL1rJ3k0UKlkfcAoT4bzhlx/Q=,8BlZ7pfCG1LJ/DpP++BYTS7BE9A=
51,-12,ZJfL1rJ3k0UKlkfcAoT4bzhlx/Q=,8BlZ7pfCG1LJ/DpP++BYTS7BE9A=
50,-12,ZJfL1rJ3k0UKlkfcAoT4bzhlx/Q=,8BlZ7pfCG1LJ/DpP++BYTS7BE9A=
49,-12,ZJfL1rJ3k0UKlkfcAoT4bzhlx/Q=,8BlZ7pfCG1LJ/DpP++BYTS7BE9A=
54,-13,ZJfL1rJ3k0UKlkfcAoT4bzhlx/Q=,8BlZ7pfCG1LJ/DpP++BYTS7BE9A=
53,-13,ZJfL1rJ3k0UKlkfcAoT4bzhlx/Q=,8BlZ7pfCG1LJ/DpP++BYTS7BE9A=
52,-13,ZJfL1rJ3k0UKlkfcAoT4bzhlx/Q=,8BlZ7pfCG1LJ/DpP++BYTS7BE9A=
50,-13,ZJfL1rJ3k0UKlkfcAoT4bzhlx/Q=,8BlZ7pfCG1LJ/DpP++BYTS7BE9A=
51,-13,ZJfL1rJ3k0UKlkfcAoT4bzhlx/Q=,8BlZ7pfCG1LJ/DpP++BYTS7BE9A=
49,-13,ZJfL1rJ3k0UKlkfcAoT4bzhlx/Q=,8BlZ7pfCG1LJ/DpP++BYTS7BE9A=
54,-14,ZJfL1rJ3k0UKlkfcAoT4bzhlx/Q=,8BlZ7pfCG1LJ/DpP++BYTS7BE9A=
53,-14,ZJfL1rJ3k0UKlkfcAoT4bzhlx/Q=,8BlZ7pfCG1LJ/DpP++BYTS7BE9A=
52,-14,ZJfL1rJ3k0UKlkfcAoT4bzhlx/Q=,8BlZ7pfCG1LJ/DpP++BYTS7BE9A=
51,-14,ZJfL1rJ3k0UKlkfcAoT4bzhlx/Q=,8BlZ7pfCG1LJ/DpP++BYTS7BE9A=
50,-14,ZJfL1rJ3k0UKlkfcAoT4bzhlx/Q=,8BlZ7pfCG1LJ/DpP++BYTS7BE9A=
49,-14,ZJfL1rJ3k0UKlkfcAoT4bzhlx/Q=,8BlZ7pfCG1LJ/DpP++BYTS7BE9A=
54,-15,ZJfL1rJ3k0UKlkfcAoT4bzhlx/Q=,8BlZ7pfCG1LJ/DpP++BYTS7BE9A=
53,-15,ZJfL1rJ3k0UKlkfcAoT4bzhlx/Q=,8BlZ7pfCG1LJ/DpP++BYTS7BE9A=
52,-15,ZJfL1rJ3k0UKlkfcAoT4bzhlx/Q=,8BlZ7pfCG1LJ/DpP++BYTS7BE9A=
50,-15,ZJfL1rJ3k0UKlkfcAoT4bzhlx/Q=,8BlZ7pfCG1LJ/DpP++BYTS7BE9A=
51,-15,ZJfL1rJ3k0UKlkfcAoT4bzhlx/Q=,8BlZ7pfCG1LJ/DpP++BYTS7BE9A=
49,-15,ZJfL1rJ3k0UKlkfcAoT4bzhlx/Q=,8BlZ7pfCG1LJ/DpP++BYTS7BE9A=
51,-10,ZJfL1rJ3k0UKlkfcAoT4bzhlx/Q=,8BlZ7pfCG1LJ/DpP++BYTS7BE9A=
50,-10,ZJfL1rJ3k0UKlkfcAoT4bzhlx/Q=,8BlZ7pfCG1LJ/DpP++BYTS7BE9A=
49,-10,ZJfL1rJ3k0UKlkfcAoT4bzhlx/Q=,8BlZ7pfCG1LJ/DpP++BYTS7BE9A=
52,-10,ZJfL1rJ3k0UKlkfcAoT4bzhlx/Q=,8BlZ7pfCG1LJ/DpP++BYTS7BE9A=
53,-11,ZJfL1rJ3k0UKlkfcAoT4bzhlx/Q=,8BlZ7pfCG1LJ/DpP++BYTS7BE9A=
54,-10,ZJfL1rJ3k0UKlkfcAoT4bzhlx/Q=,8BlZ7pfCG1LJ/DpP++BYTS7BE9A=
54,-11,ZJfL1rJ3k0UKlkfcAoT4bzhlx/Q=,8BlZ7pfCG1LJ/DpP++BYTS7BE9A=
53,-10,ZJfL1rJ3k0UKlkfcAoT4bzhlx/Q=,8BlZ7pfCG1LJ/DpP++BYTS7BE9A=
60,-13,ZJfL1rJ3k0UKlkfcAoT4bzhlx/Q=,7xBOUpWNh4djNbYxUkPaxG6u62Q=
59,-13,ZJfL1rJ3k0UKlkfcAoT4bzhlx/Q=,7xBOUpWNh4djNbYxUkPaxG6u62Q=
55,-12,ZJfL1rJ3k0UKlkfcAoT4bzhlx/Q=,8BlZ7pfCG1LJ/DpP++BYTS7BE9A=
63,-14,ZJfL1rJ3k0UKlkfcAoT4bzhlx/Q=,7xBOUpWNh4djNbYxUkPaxG6u62Q=
55,-13,ZJfL1rJ3k0UKlkfcAoT4bzhlx/Q=,8BlZ7pfCG1LJ/DpP++BYTS7BE9A=
62,-14,ZJfL1rJ3k0UKlkfcAoT4bzhlx/Q=,7xBOUpWNh4djNbYxUkPaxG6u62Q=
61,-14,m/Eh9Zw9R+4t3ZnzCyREezYLyT8=,7xBOUpWNh4djNbYxUkPaxG6u62Q=
56,-13,m/Eh9Zw9R+4t3ZnzCyREezYLyT8=,7xBOUpWNh4djNbYxUkPaxG6u62Q=
61,-13,m/Eh9Zw9R+4t3ZnzCyREezYLyT8=,7xBOUpWNh4djNbYxUkPaxG6u62Q=
58,-13,m/Eh9Zw9R+4t3ZnzCyREezYLyT8=,7xBOUpWNh4djNbYxUkPaxG6u62Q=
57,-13,m/Eh9Zw9R+4t3ZnzCyREezYLyT8=,7xBOUpWNh4djNbYxUkPaxG6u62Q=
59,-14,m/Eh9Zw9R+4t3ZnzCyREezYLyT8=,7xBOUpWNh4djNbYxUkPaxG6u62Q=
55,-14,m/Eh9Zw9R+4t3ZnzCyREezYLyT8=,8BlZ7pfCG1LJ/DpP++BYTS7BE9A=
58,-14,m/Eh9Zw9R+4t3ZnzCyREezYLyT8=,7xBOUpWNh4djNbYxUkPaxG6u62Q=
63,-10,m/Eh9Zw9R+4t3ZnzCyREezYLyT8=,7xBOUpWNh4djNbYxUkPaxG6u62Q=
57,-14,m/Eh9Zw9R+4t3ZnzCyREezYLyT8=,7xBOUpWNh4djNbYxUkPaxG6u62Q=
56,-14,m/Eh9Zw9R+4t3ZnzCyREezYLyT8=,7xBOUpWNh4djNbYxUkPaxG6u62Q=
60,-14,m/Eh9Zw9R+4t3ZnzCyREezYLyT8=,7xBOUpWNh4djNbYxUkPaxG6u62Q=
63,-15,m/Eh9Zw9R+4t3ZnzCyREezYLyT8=,7xBOUpWNh4djNbYxUkPaxG6u62Q=
62,-15,m/Eh9Zw9R+4t3ZnzCyREezYLyT8=,7xBOUpWNh4djNbYxUkPaxG6u62Q=
61,-15,m/Eh9Zw9R+4t3ZnzCyREezYLyT8=,7xBOUpWNh4djNbYxUkPaxG6u62Q=
60,-15,m/Eh9Zw9R+4t3ZnzCyREezYLyT8=,7xBOUpWNh4djNbYxUkPaxG6u62Q=
59,-15,m/Eh9Zw9R+4t3ZnzCyREezYLyT8=,7xBOUpWNh4djNbYxUkPaxG6u62Q=
55,-15,m/Eh9Zw9R+4t3ZnzCyREezYLyT8=,8BlZ7pfCG1LJ/DpP++BYTS7BE9A=
58,-15,m/Eh9Zw9R+4t3ZnzCyREezYLyT8=,7xBOUpWNh4djNbYxUkPaxG6u62Q=
57,-15,m/Eh9Zw9R+4t3ZnzCyREezYLyT8=,7xBOUpWNh4djNbYxUkPaxG6u62Q=
56,-15,m/Eh9Zw9R+4t3ZnzCyREezYLyT8=,7xBOUpWNh4djNbYxUkPaxG6u62Q=
62,-13,m/Eh9Zw9R+4t3ZnzCyREezYLyT8=,7xBOUpWNh4djNbYxUkPaxG6u62Q=
62,-10,m/Eh9Zw9R+4t3ZnzCyREezYLyT8=,7xBOUpWNh4djNbYxUkPaxG6u62Q=
63,-13,m/Eh9Zw9R+4t3ZnzCyREezYLyT8=,7xBOUpWNh4djNbYxUkPaxG6u62Q=
59,-10,m/Eh9Zw9R+4t3ZnzCyREezYLyT8=,7xBOUpWNh4djNbYxUkPaxG6u62Q=
61,-10,m/Eh9Zw9R+4t3ZnzCyREezYLyT8=,7xBOUpWNh4djNbYxUkPaxG6u62Q=
58,-10,m/Eh9Zw9R+4t3ZnzCyREezYLyT8=,7xBOUpWNh4djNbYxUkPaxG6u62Q=
60,-10,m/Eh9Zw9R+4t3ZnzCyREezYLyT8=,7xBOUpWNh4djNbYxUkPaxG6u62Q=
56,-12,m/Eh9Zw9R+4t3ZnzCyREezYLyT8=,7xBOUpWNh4djNbYxUkPaxG6u62Q=
56,-10,m/Eh9Zw9R+4t3ZnzCyREezYLyT8=,7xBOUpWNh4djNbYxUkPaxG6u62Q=
57,-10,m/Eh9Zw9R+4t3ZnzCyREezYLyT8=,7xBOUpWNh4djNbYxUkPaxG6u62Q=
63,-11,m/Eh9Zw9R+4t3ZnzCyREezYLyT8=,7xBOUpWNh4djNbYxUkPaxG6u62Q=
62,-11,m/Eh9Zw9R+4t3ZnzCyREezYLyT8=,7xBOUpWNh4djNbYxUkPaxG6u62Q=
57,-12,m/Eh9Zw9R+4t3ZnzCyREezYLyT8=,7xBOUpWNh4djNbYxUkPaxG6u62Q=
60,-11,m/Eh9Zw9R+4t3ZnzCyREezYLyT8=,7xBOUpWNh4djNbYxUkPaxG6u62Q=
61,-11,m/Eh9Zw9R+4t3ZnzCyREezYLyT8=,7xBOUpWNh4djNbYxUkPaxG6u62Q=
57,-11,m/Eh9Zw9R+4t3ZnzCyREezYLyT8=,7xBOUpWNh4djNbYxUkPaxG6u62Q=
58,-11,m/Eh9Zw9R+4t3ZnzCyREezYLyT8=,7xBOUpWNh4djNbYxUkPaxG6u62Q=
58,-12,m/Eh9Zw9R+4t3ZnzCyREezYLyT8=,7xBOUpWNh4djNbYxUkPaxG6u62Q=
59,-11,m/Eh9Zw9R+4t3ZnzCyREezYLyT8=,7xBOUpWNh4djNbYxUkPaxG6u62Q=
56,-11,m/Eh9Zw9R+4t3ZnzCyREezYLyT8=,7xBOUpWNh4djNbYxUkPaxG6u62Q=
62,-12,m/Eh9Zw9R+4t3ZnzCyREezYLyT8=,7xBOUpWNh4djNbYxUkPaxG6u62Q=
55,-10,m/Eh9Zw9R+4t3ZnzCyREezYLyT8=,8BlZ7pfCG1LJ/DpP++BYTS7BE9A=
59,-12,m/Eh9Zw9R+4t3ZnzCyREezYLyT8=,7xBOUpWNh4djNbYxUkPaxG6u62Q=
61,-12,m/Eh9Zw9R+4t3ZnzCyREezYLyT8=,7xBOUpWNh4djNbYxUkPaxG6u62Q=
63,-12,m/Eh9Zw9R+4t3ZnzCyREezYLyT8=,7xBOUpWNh4djNbYxUkPaxG6u62Q=
55,-11,m/Eh9Zw9R+4t3ZnzCyREezYLyT8=,8BlZ7pfCG1LJ/DpP++BYTS7BE9A=
60,-12,m/Eh9Zw9R+4t3ZnzCyREezYLyT8=,7xBOUpWNh4djNbYxUkPaxG6u62Q=
49,-16,m/Eh9Zw9R+4t3ZnzCyREezYLyT8=,8BlZ7pfCG1LJ/DpP++BYTS7BE9A=
50,-16,m/Eh9Zw9R+4t3ZnzCyREezYLyT8=,8BlZ7pfCG1LJ/DpP++BYTS7BE9A=
51,-16,m/Eh9Zw9R+4t3ZnzCyREezYLyT8=,8BlZ7pfCG1LJ/DpP++BYTS7BE9A=
52,-16,m/Eh9Zw9R+4t3ZnzCyREezYLyT8=,8BlZ7pfCG1LJ/DpP++BYTS7BE9A=
53,-16,m/Eh9Zw9R+4t3ZnzCyREezYLyT8=,8BlZ7pfCG1LJ/DpP++BYTS7BE9A=
54,-16,m/Eh9Zw9R+4t3ZnzCyREezYLyT8=,8BlZ7pfCG1LJ/DpP++BYTS7BE9A=
48,-13,m/Eh9Zw9R+4t3ZnzCyREezYLyT8=,8BlZ7pfCG1LJ/DpP++BYTS7BE9A=
48,-14,m/Eh9Zw9R+4t3ZnzCyREezYLyT8=,8BlZ7pfCG1LJ/DpP++BYTS7BE9A=
48,-15,m/Eh9Zw9R+4t3ZnzCyREezYLyT8=,8BlZ7pfCG1LJ/DpP++BYTS7BE9A=
55,-16,m/Eh9Zw9R+4t3ZnzCyREezYLyT8=,8BlZ7pfCG1LJ/DpP++BYTS7BE9A=
56,-16,m/Eh9Zw9R+4t3ZnzCyREezYLyT8=,7xBOUpWNh4djNbYxUkPaxG6u62Q=
57,-16,m/Eh9Zw9R+4t3ZnzCyREezYLyT8=,7xBOUpWNh4djNbYxUkPaxG6u62Q=
58,-16,m/Eh9Zw9R+4t3ZnzCyREezYLyT8=,7xBOUpWNh4djNbYxUkPaxG6u62Q=
59,-16,m/Eh9Zw9R+4t3ZnzCyREezYLyT8=,7xBOUpWNh4djNbYxUkPaxG6u62Q=
60,-16,m/Eh9Zw9R+4t3ZnzCyREezYLyT8=,7xBOUpWNh4djNbYxUkPaxG6u62Q=
61,-16,m/Eh9Zw9R+4t3ZnzCyREezYLyT8=,7xBOUpWNh4djNbYxUkPaxG6u62Q=
62,-16,m/Eh9Zw9R+4t3ZnzCyREezYLyT8=,7xBOUpWNh4djNbYxUkPaxG6u62Q=
63,-16,m/Eh9Zw9R+4t3ZnzCyREezYLyT8=,7xBOUpWNh4djNbYxUkPaxG6u62Q=
48,-16,m/Eh9Zw9R+4t3ZnzCyREezYLyT8=,8BlZ7pfCG1LJ/DpP++BYTS7BE9A=
48,-10,m/Eh9Zw9R+4t3ZnzCyREezYLyT8=,8BlZ7pfCG1LJ/DpP++BYTS7BE9A=
48,-11,m/Eh9Zw9R+4t3ZnzCyREezYLyT8=,8BlZ7pfCG1LJ/DpP++BYTS7BE9A=
48,-12,m/Eh9Zw9R+4t3ZnzCyREezYLyT8=,8BlZ7pfCG1LJ/DpP++BYTS7BE9A=
62,-9,m/Eh9Zw9R+4t3ZnzCyREezYLyT8=,7xBOUpWNh4djNbYxUkPaxG6u62Q=
63,-9,m/Eh9Zw9R+4t3ZnzCyREezYLyT8=,7xBOUpWNh4djNbYxUkPaxG6u62Q=
60,-3,m/Eh9Zw9R+4t3ZnzCyREezYLyT8=,h8Fr0EkIZM5Sok0ylnojV3xDkrw=
58,-3,m/Eh9Zw9R+4t3ZnzCyREezYLyT8=,h8Fr0EkIZM5Sok0ylnojV3xDkrw=
59,-3,m/Eh9Zw9R+4t3ZnzCyREezYLyT8=,h8Fr0EkIZM5Sok0ylnojV3xDkrw=
60,-9,m/Eh9Zw9R+4t3ZnzCyREezYLyT8=,7xBOUpWNh4djNbYxUkPaxG6u62Q=
61,-9,m/Eh9Zw9R+4t3ZnzCyREezYLyT8=,7xBOUpWNh4djNbYxUkPaxG6u62Q=
59,-9,m/Eh9Zw9R+4t3ZnzCyREezYLyT8=,7xBOUpWNh4djNbYxUkPaxG6u62Q=
59,-8,m/Eh9Zw9R+4t3ZnzCyREezYLyT8=,h8Fr0EkIZM5Sok0ylnojV3xDkrw=
57,-3,m/Eh9Zw9R+4t3ZnzCyREezYLyT8=,h8Fr0EkIZM5Sok0ylnojV3xDkrw=
52,-5,m/Eh9Zw9R+4t3ZnzCyREezYLyT8=,sW2+SBmzN6ySRugw/humT/W7ZkY=
61,-4,m/Eh9Zw9R+4t3ZnzCyREezYLyT8=,h8Fr0EkIZM5Sok0ylnojV3xDkrw=
60,-4,m/Eh9Zw9R+4t3ZnzCyREezYLyT8=,h8Fr0EkIZM5Sok0ylnojV3xDkrw=
59,-4,m/Eh9Zw9R+4t3ZnzCyREezYLyT8=,h8Fr0EkIZM5Sok0ylnojV3xDkrw=
63,-7,m/Eh9Zw9R+4t3ZnzCyREezYLyT8=,h8Fr0EkIZM5Sok0ylnojV3xDkrw=
58,-9,m/Eh9Zw9R+4t3ZnzCyREezYLyT8=,7xBOUpWNh4djNbYxUkPaxG6u62Q=
62,-5,m/Eh9Zw9R+4t3ZnzCyREezYLyT8=,h8Fr0EkIZM5Sok0ylnojV3xDkrw=
62,-7,m/Eh9Zw9R+4t3ZnzCyREezYLyT8=,h8Fr0EkIZM5Sok0ylnojV3xDkrw=
50,-5,m/Eh9Zw9R+4t3ZnzCyREezYLyT8=,sW2+SBmzN6ySRugw/humT/W7ZkY=
57,-9,m/Eh9Zw9R+4t3ZnzCyREezYLyT8=,7xBOUpWNh4djNbYxUkPaxG6u62Q=
57,-7,m/Eh9Zw9R+4t3ZnzCyREezYLyT8=,h8Fr0EkIZM5Sok0ylnojV3xDkrw=
54,-6,m/Eh9Zw9R+4t3ZnzCyREezYLyT8=,sW2+SBmzN6ySRugw/humT/W7ZkY=
49,-5,m/Eh9Zw9R+4t3ZnzCyREezYLyT8=,sW2+SBmzN6ySRugw/humT/W7ZkY=
61,-7,m/Eh9Zw9R+4t3ZnzCyREezYLyT8=,h8Fr0EkIZM5Sok0ylnojV3xDkrw=
55,-1,m/Eh9Zw9R+4t3ZnzCyREezYLyT8=,sW2+SBmzN6ySRugw/humT/W7ZkY=
53,-6,m/Eh9Zw9R+4t3ZnzCyREezYLyT8=,sW2+SBmzN6ySRugw/humT/W7ZkY=
55,-6,m/Eh9Zw9R+4t3ZnzCyREezYLyT8=,sW2+SBmzN6ySRugw/humT/W7ZkY=
63,-5,m/Eh9Zw9R+4t3ZnzCyREezYLyT8=,h8Fr0EkIZM5Sok0ylnojV3xDkrw=
51,-5,m/Eh9Zw9R+4t3ZnzCyREezYLyT8=,sW2+SBmzN6ySRugw/humT/W7ZkY=
53,-5,m/Eh9Zw9R+4t3ZnzCyREezYLyT8=,sW2+SBmzN6ySRugw/humT/W7ZkY=
62,-1,m/Eh9Zw9R+4t3ZnzCyREezYLyT8=,h8Fr0EkIZM5Sok0ylnojV3xDkrw=
63,-6,m/Eh9Zw9R+4t3ZnzCyREezYLyT8=,h8Fr0EkIZM5Sok0ylnojV3xDkrw=
63,-8,m/Eh9Zw9R+4t3ZnzCyREezYLyT8=,h8Fr0EkIZM5Sok0ylnojV3xDkrw=
63,-1,m/Eh9Zw9R+4t3ZnzCyREezYLyT8=,h8Fr0EkIZM5Sok0ylnojV3xDkrw=
58,-8,m/Eh9Zw9R+4t3ZnzCyREezYLyT8=,h8Fr0EkIZM5Sok0ylnojV3xDkrw=
50,-6,m/Eh9Zw9R+4t3ZnzCyREezYLyT8=,sW2+SBmzN6ySRugw/humT/W7ZkY=
48,-5,m/Eh9Zw9R+4t3ZnzCyREezYLyT8=,sW2+SBmzN6ySRugw/humT/W7ZkY=
51,-6,m/Eh9Zw9R+4t3ZnzCyREezYLyT8=,sW2+SBmzN6ySRugw/humT/W7ZkY=
56,-4,m/Eh9Zw9R+4t3ZnzCyREezYLyT8=,h8Fr0EkIZM5Sok0ylnojV3xDkrw=
60,-1,m/Eh9Zw9R+4t3ZnzCyREezYLyT8=,h8Fr0EkIZM5Sok0ylnojV3xDkrw=
62,-8,m/Eh9Zw9R+4t3ZnzCyREezYLyT8=,h8Fr0EkIZM5Sok0ylnojV3xDkrw=
59,-1,m/Eh9Zw9R+4t3ZnzCyREezYLyT8=,h8Fr0EkIZM5Sok0ylnojV3xDkrw=
54,-1,m/Eh9Zw9R+4t3ZnzCyREezYLyT8=,sW2+SBmzN6ySRugw/humT/W7ZkY=
52,-6,m/Eh9Zw9R+4t3ZnzCyREezYLyT8=,sW2+SBmzN6ySRugw/humT/W7ZkY=
48,-6,m/Eh9Zw9R+4t3ZnzCyREezYLyT8=,sW2+SBmzN6ySRugw/humT/W7ZkY=
61,-1,m/Eh9Zw9R+4t3ZnzCyREezYLyT8=,h8Fr0EkIZM5Sok0ylnojV3xDkrw=
53,-1,m/Eh9Zw9R+4t3ZnzCyREezYLyT8=,sW2+SBmzN6ySRugw/humT/W7ZkY=
57,-8,m/Eh9Zw9R+4t3ZnzCyREezYLyT8=,h8Fr0EkIZM5Sok0ylnojV3xDkrw=
60,-7,m/Eh9Zw9R+4t3ZnzCyREezYLyT8=,h8Fr0EkIZM5Sok0ylnojV3xDkrw=
61,-6,m/Eh9Zw9R+4t3ZnzCyREezYLyT8=,h8Fr0EkIZM5Sok0ylnojV3xDkrw=
61,-8,m/Eh9Zw9R+4t3ZnzCyREezYLyT8=,h8Fr0EkIZM5Sok0ylnojV3xDkrw=
49,-6,m/Eh9Zw9R+4t3ZnzCyREezYLyT8=,sW2+SBmzN6ySRugw/humT/W7ZkY=
56,-8,m/Eh9Zw9R+4t3ZnzCyREezYLyT8=,h8Fr0EkIZM5Sok0ylnojV3xDkrw=
60,-6,m/Eh9Zw9R+4t3ZnzCyREezYLyT8=,h8Fr0EkIZM5Sok0ylnojV3xDkrw=
54,-7,m/Eh9Zw9R+4t3ZnzCyREezYLyT8=,sW2+SBmzN6ySRugw/humT/W7ZkY=
62,-6,m/Eh9Zw9R+4t3ZnzCyREezYLyT8=,h8Fr0EkIZM5Sok0ylnojV3xDkrw=
55,-7,m/Eh9Zw9R+4t3ZnzCyREezYLyT8=,sW2+SBmzN6ySRugw/humT/W7ZkY=
58,-1,m/Eh9Zw9R+4t3ZnzCyREezYLyT8=,h8Fr0EkIZM5Sok0ylnojV3xDkrw=
57,-1,m/Eh9Zw9R+4t3ZnzCyREezYLyT8=,h8Fr0EkIZM5Sok0ylnojV3xDkrw=
53,-7,m/Eh9Zw9R+4t3ZnzCyREezYLyT8=,sW2+SBmzN6ySRugw/humT/W7ZkY=
58,-4,m/Eh9Zw9R+4t3ZnzCyREezYLyT8=,h8Fr0EkIZM5Sok0ylnojV3xDkrw=
63,-2,m/Eh9Zw9R+4t3ZnzCyREezYLyT8=,h8Fr0EkIZM5Sok0ylnojV3xDkrw=
57,-5,m/Eh9Zw9R+4t3ZnzCyREezYLyT8=,h8Fr0EkIZM5Sok0ylnojV3xDkrw=
54,-5,m/Eh9Zw9R+4t3ZnzCyREezYLyT8=,sW2+SBmzN6ySRugw/humT/W7ZkY=
52,-1,m/Eh9Zw9R+4t3ZnzCyREezYLyT8=,sW2+SBmzN6ySRugw/humT/W7ZkY=
49,-1,m/Eh9Zw9R+4t3ZnzCyREezYLyT8=,sW2+SBmzN6ySRugw/humT/W7ZkY=
50,-1,m/Eh9Zw9R+4t3ZnzCyREezYLyT8=,sW2+SBmzN6ySRugw/humT/W7ZkY=
59,-6,m/Eh9Zw9R+4t3ZnzCyREezYLyT8=,h8Fr0EkIZM5Sok0ylnojV3xDkrw=
58,-6,m/Eh9Zw9R+4t3ZnzCyREezYLyT8=,h8Fr0EkIZM5Sok0ylnojV3xDkrw=
63,-4,m/Eh9Zw9R+4t3ZnzCyREezYLyT8=,h8Fr0EkIZM5Sok0ylnojV3xDkrw=
56,-9,m/Eh9Zw9R+4t3ZnzCyREezYLyT8=,7xBOUpWNh4djNbYxUkPaxG6u62Q=
60,-2,m/Eh9Zw9R+4t3ZnzCyREezYLyT8=,h8Fr0EkIZM5Sok0ylnojV3xDkrw=
59,-7,m/Eh9Zw9R+4t3ZnzCyREezYLyT8=,h8Fr0EkIZM5Sok0ylnojV3xDkrw=
49,-7,m/Eh9Zw9R+4t3ZnzCyREezYLyT8=,sW2+SBmzN6ySRugw/humT/W7ZkY=
62,-2,m/Eh9Zw9R+4t3ZnzCyREezYLyT8=,h8Fr0EkIZM5Sok0ylnojV3xDkrw=
51,-1,m/Eh9Zw9R+4t3ZnzCyREezYLyT8=,sW2+SBmzN6ySRugw/humT/W7ZkY=
58,-5,m/Eh9Zw9R+4t3ZnzCyREezYLyT8=,h8Fr0EkIZM5Sok0ylnojV3xDkrw=
61,-2,m/Eh9Zw9R+4t3ZnzCyREezYLyT8=,h8Fr0EkIZM5Sok0ylnojV3xDkrw=
59,-2,m/Eh9Zw9R+4t3ZnzCyREezYLyT8=,h8Fr0EkIZM5Sok0ylnojV3xDkrw=
62,-4,m/Eh9Zw9R+4t3ZnzCyREezYLyT8=,h8Fr0EkIZM5Sok0ylnojV3xDkrw=
50,-7,m/Eh9Zw9R+4t3ZnzCyREezYLyT8=,sW2+SBmzN6ySRugw/humT/W7ZkY=
52,-7,m/Eh9Zw9R+4t3ZnzCyREezYLyT8=,sW2+SBmzN6ySRugw/humT/W7ZkY=
57,-2,m/Eh9Zw9R+4t3ZnzCyREezYLyT8=,h8Fr0EkIZM5Sok0ylnojV3xDkrw=
48,-7,m/Eh9Zw9R+4t3ZnzCyREezYLyT8=,sW2+SBmzN6ySRugw/humT/W7ZkY=
58,-2,m/Eh9Zw9R+4t3ZnzCyREezYLyT8=,h8Fr0EkIZM5Sok0ylnojV3xDkrw=
63,-3,m/Eh9Zw9R+4t3ZnzCyREezYLyT8=,h8Fr0EkIZM5Sok0ylnojV3xDkrw=
56,-5,m/Eh9Zw9R+4t3ZnzCyREezYLyT8=,h8Fr0EkIZM5Sok0ylnojV3xDkrw=
57,-6,m/Eh9Zw9R+4t3ZnzCyREezYLyT8=,h8Fr0EkIZM5Sok0ylnojV3xDkrw=
59,-5,m/Eh9Zw9R+4t3ZnzCyREezYLyT8=,h8Fr0EkIZM5Sok0ylnojV3xDkrw=
51,-7,m/Eh9Zw9R+4t3ZnzCyREezYLyT8=,sW2+SBmzN6ySRugw/humT/W7ZkY=
55,-8,m/Eh9Zw9R+4t3ZnzCyREezYLyT8=,sW2+SBmzN6ySRugw/humT/W7ZkY=
60,-5,m/Eh9Zw9R+4t3ZnzCyREezYLyT8=,h8Fr0EkIZM5Sok0ylnojV3xDkrw=
57,-4,m/Eh9Zw9R+4t3ZnzCyREezYLyT8=,h8Fr0EkIZM5Sok0ylnojV3xDkrw=
48,-1,m/Eh9Zw9R+4t3ZnzCyREezYLyT8=,sW2+SBmzN6ySRugw/humT/W7ZkY=
61,-5,m/Eh9Zw9R+4t3ZnzCyREezYLyT8=,h8Fr0EkIZM5Sok0ylnojV3xDkrw=
55,-2,m/Eh9Zw9R+4t3ZnzCyREezYLyT8=,sW2+SBmzN6ySRugw/humT/W7ZkY=
58,-7,m/Eh9Zw9R+4t3ZnzCyREezYLyT8=,h8Fr0EkIZM5Sok0ylnojV3xDkrw=
62,-3,m/Eh9Zw9R+4t3ZnzCyREezYLyT8=,h8Fr0EkIZM5Sok0ylnojV3xDkrw=
54,-8,m/Eh9Zw9R+4t3ZnzCyREezYLyT8=,sW2+SBmzN6ySRugw/humT/W7ZkY=
61,-3,m/Eh9Zw9R+4t3ZnzCyREezYLyT8=,h8Fr0EkIZM5Sok0ylnojV3xDkrw=
55,-5,m/Eh9Zw9R+4t3ZnzCyREezYLyT8=,sW2+SBmzN6ySRugw/humT/W7ZkY=
54,-2,m/Eh9Zw9R+4t3ZnzCyREezYLyT8=,sW2+SBmzN6ySRugw/humT/W7ZkY=
60,-8,m/Eh9Zw9R+4t3ZnzCyREezYLyT8=,h8Fr0EkIZM5Sok0ylnojV3xDkrw=
51,-2,m/Eh9Zw9R+4t3ZnzCyREezYLyT8=,sW2+SBmzN6ySRugw/humT/W7ZkY=
49,-2,m/Eh9Zw9R+4t3ZnzCyREezYLyT8=,sW2+SBmzN6ySRugw/humT/W7ZkY=
53,-3,m/Eh9Zw9R+4t3ZnzCyREezYLyT8=,sW2+SBmzN6ySRugw/humT/W7ZkY=
53,-2,m/Eh9Zw9R+4t3ZnzCyREezYLyT8=,sW2+SBmzN6ySRugw/humT/W7ZkY=
49,-8,m/Eh9Zw9R+4t3ZnzCyREezYLyT8=,sW2+SBmzN6ySRugw/humT/W7ZkY=
48,-2,m/Eh9Zw9R+4t3ZnzCyREezYLyT8=,sW2+SBmzN6ySRugw/humT/W7ZkY=
54,-3,m/Eh9Zw9R+4t3ZnzCyREezYLyT8=,sW2+SBmzN6ySRugw/humT/W7ZkY=
52,-8,m/Eh9Zw9R+4t3ZnzCyREezYLyT8=,sW2+SBmzN6ySRugw/humT/W7ZkY=
55,-3,m/Eh9Zw9R+4t3ZnzCyREezYLyT8=,sW2+SBmzN6ySRugw/humT/W7ZkY=
51,-8,m/Eh9Zw9R+4t3ZnzCyREezYLyT8=,sW2+SBmzN6ySRugw/humT/W7ZkY=
53,-8,m/Eh9Zw9R+4t3ZnzCyREezYLyT8=,sW2+SBmzN6ySRugw/humT/W7ZkY=
52,-2,m/Eh9Zw9R+4t3ZnzCyREezYLyT8=,sW2+SBmzN6ySRugw/humT/W7ZkY=
50,-8,m/Eh9Zw9R+4t3ZnzCyREezYLyT8=,sW2+SBmzN6ySRugw/humT/W7ZkY=
49,-9,m/Eh9Zw9R+4t3ZnzCyREezYLyT8=,8BlZ7pfCG1LJ/DpP++BYTS7BE9A=
51,-9,m/Eh9Zw9R+4t3ZnzCyREezYLyT8=,8BlZ7pfCG1LJ/DpP++BYTS7BE9A=
56,-7,m/Eh9Zw9R+4t3ZnzCyREezYLyT8=,h8Fr0EkIZM5Sok0ylnojV3xDkrw=
50,-9,m/Eh9Zw9R+4t3ZnzCyREezYLyT8=,8BlZ7pfCG1LJ/DpP++BYTS7BE9A=
50,-2,m/Eh9Zw9R+4t3ZnzCyREezYLyT8=,sW2+SBmzN6ySRugw/humT/W7ZkY=
48,-8,m/Eh9Zw9R+4t3ZnzCyREezYLyT8=,sW2+SBmzN6ySRugw/humT/W7ZkY=
53,-9,m/Eh9Zw9R+4t3ZnzCyREezYLyT8=,8BlZ7pfCG1LJ/DpP++BYTS7BE9A=
55,-9,m/Eh9Zw9R+4t3ZnzCyREezYLyT8=,8BlZ7pfCG1LJ/DpP++BYTS7BE9A=
48,-4,m/Eh9Zw9R+4t3ZnzCyREezYLyT8=,sW2+SBmzN6ySRugw/humT/W7ZkY=
52,-9,m/Eh9Zw9R+4t3ZnzCyREezYLyT8=,8BlZ7pfCG1LJ/DpP++BYTS7BE9A=
54,-9,m/Eh9Zw9R+4t3ZnzCyREezYLyT8=,8BlZ7pfCG1LJ/DpP++BYTS7BE9A=
56,-1,m/Eh9Zw9R+4t3ZnzCyREezYLyT8=,h8Fr0EkIZM5Sok0ylnojV3xDkrw=
56,-3,m/Eh9Zw9R+4t3ZnzCyREezYLyT8=,h8Fr0EkIZM5Sok0ylnojV3xDkrw=
51,-3,m/Eh9Zw9R+4t3ZnzCyREezYLyT8=,sW2+SBmzN6ySRugw/humT/W7ZkY=
48,-9,m/Eh9Zw9R+4t3ZnzCyREezYLyT8=,8BlZ7pfCG1LJ/DpP++BYTS7BE9A=
52,-3,m/Eh9Zw9R+4t3ZnzCyREezYLyT8=,sW2+SBmzN6ySRugw/humT/W7ZkY=
50,-3,m/Eh9Zw9R+4t3ZnzCyREezYLyT8=,sW2+SBmzN6ySRugw/humT/W7ZkY=
49,-3,m/Eh9Zw9R+4t3ZnzCyREezYLyT8=,sW2+SBmzN6ySRugw/humT/W7ZkY=
55,-4,m/Eh9Zw9R+4t3ZnzCyREezYLyT8=,sW2+SBmzN6ySRugw/humT/W7ZkY=
54,-4,m/Eh9Zw9R+4t3ZnzCyREezYLyT8=,sW2+SBmzN6ySRugw/humT/W7ZkY=
56,-2,m/Eh9Zw9R+4t3ZnzCyREezYLyT8=,h8Fr0EkIZM5Sok0ylnojV3xDkrw=
49,-4,m/Eh9Zw9R+4t3ZnzCyREezYLyT8=,sW2+SBmzN6ySRugw/humT/W7ZkY=
48,-3,m/Eh9Zw9R+4t3ZnzCyREezYLyT8=,sW2+SBmzN6ySRugw/humT/W7ZkY=
53,-4,m/Eh9Zw9R+4t3ZnzCyREezYLyT8=,sW2+SBmzN6ySRugw/humT/W7ZkY=
50,-4,m/Eh9Zw9R+4t3ZnzCyREezYLyT8=,sW2+SBmzN6ySRugw/humT/W7ZkY=
56,-6,m/Eh9Zw9R+4t3ZnzCyREezYLyT8=,h8Fr0EkIZM5Sok0ylnojV3xDkrw=
51,-4,m/Eh9Zw9R+4t3ZnzCyREezYLyT8=,sW2+SBmzN6ySRugw/humT/W7ZkY=
52,-4,m/Eh9Zw9R+4t3ZnzCyREezYLyT8=,sW2+SBmzN6ySRugw/humT/W7ZkY=
44,-13,orK0Q0iQSdlrDwtSdLQlyQGP6uo=,vOIfsUcbPySbP8bVtwuUy4RwmzM=
45,-13,orK0Q0iQSdlrDwtSdLQlyQGP6uo=,vOIfsUcbPySbP8bVtwuUy4RwmzM=
46,-13,orK0Q0iQSdlrDwtSdLQlyQGP6uo=,vOIfsUcbPySbP8bVtwuUy4RwmzM=
43,-13,orK0Q0iQSdlrDwtSdLQlyQGP6uo=,vOIfsUcbPySbP8bVtwuUy4RwmzM=
42,-13,orK0Q0iQSdlrDwtSdLQlyQGP6uo=,vOIfsUcbPySbP8bVtwuUy4RwmzM=
41,-13,orK0Q0iQSdlrDwtSdLQlyQGP6uo=,vOIfsUcbPySbP8bVtwuUy4RwmzM=
46,-14,orK0Q0iQSdlrDwtSdLQlyQGP6uo=,vOIfsUcbPySbP8bVtwuUy4RwmzM=
45,-14,orK0Q0iQSdlrDwtSdLQlyQGP6uo=,vOIfsUcbPySbP8bVtwuUy4RwmzM=
44,-14,orK0Q0iQSdlrDwtSdLQlyQGP6uo=,vOIfsUcbPySbP8bVtwuUy4RwmzM=
43,-14,orK0Q0iQSdlrDwtSdLQlyQGP6uo=,vOIfsUcbPySbP8bVtwuUy4RwmzM=
42,-14,5tVHnRHkhJ8Lo0LFN8WKhNVwU7I=,vOIfsUcbPySbP8bVtwuUy4RwmzM=
41,-14,5tVHnRHkhJ8Lo0LFN8WKhNVwU7I=,vOIfsUcbPySbP8bVtwuUy4RwmzM=
46,-10,5tVHnRHkhJ8Lo0LFN8WKhNVwU7I=,vOIfsUcbPySbP8bVtwuUy4RwmzM=
36,-11,5tVHnRHkhJ8Lo0LFN8WKhNVwU7I=,Jju+tFx/iaFidbq82KgsqI6+3g0=
40,-12,5tVHnRHkhJ8Lo0LFN8WKhNVwU7I=,vOIfsUcbPySbP8bVtwuUy4RwmzM=
37,-11,5tVHnRHkhJ8Lo0LFN8WKhNVwU7I=,Jju+tFx/iaFidbq82KgsqI6+3g0=
38,-11,5tVHnRHkhJ8Lo0LFN8WKhNVwU7I=,Jju+tFx/iaFidbq82KgsqI6+3g0=
39,-11,5tVHnRHkhJ8Lo0LFN8WKhNVwU7I=,Jju+tFx/iaFidbq82KgsqI6+3g0=
33,-10,5tVHnRHkhJ8Lo0LFN8WKhNVwU7I=,Jju+tFx/iaFidbq82KgsqI6+3g0=
34,-10,5tVHnRHkhJ8Lo0LFN8WKhNVwU7I=,Jju+tFx/iaFidbq82KgsqI6+3g0=
35,-10,5tVHnRHkhJ8Lo0LFN8WKhNVwU7I=,Jju+tFx/iaFidbq82KgsqI6+3g0=
36,-10,5tVHnRHkhJ8Lo0LFN8WKhNVwU7I=,Jju+tFx/iaFidbq82KgsqI6+3g0=
37,-10,5tVHnRHkhJ8Lo0LFN8WKhNVwU7I=,Jju+tFx/iaFidbq82KgsqI6+3g0=
38,-10,5tVHnRHkhJ8Lo0LFN8WKhNVwU7I=,Jju+tFx/iaFidbq82KgsqI6+3g0=
33,-15,5tVHnRHkhJ8Lo0LFN8WKhNVwU7I=,Jju+tFx/iaFidbq82KgsqI6+3g0=
34,-15,5tVHnRHkhJ8Lo0LFN8WKhNVwU7I=,Jju+tFx/iaFidbq82KgsqI6+3g0=
35,-15,5tVHnRHkhJ8Lo0LFN8WKhNVwU7I=,Jju+tFx/iaFidbq82KgsqI6+3g0=
40,-11,5tVHnRHkhJ8Lo0LFN8WKhNVwU7I=,vOIfsUcbPySbP8bVtwuUy4RwmzM=
36,-15,5tVHnRHkhJ8Lo0LFN8WKhNVwU7I=,Jju+tFx/iaFidbq82KgsqI6+3g0=
39,-10,5tVHnRHkhJ8Lo0LFN8WKhNVwU7I=,Jju+tFx/iaFidbq82KgsqI6+3g0=
37,-15,5tVHnRHkhJ8Lo0LFN8WKhNVwU7I=,Jju+tFx/iaFidbq82KgsqI6+3g0=
38,-15,5tVHnRHkhJ8Lo0LFN8WKhNVwU7I=,Jju+tFx/iaFidbq82KgsqI6+3g0=
39,-15,5tVHnRHkhJ8Lo0LFN8WKhNVwU7I=,Jju+tFx/iaFidbq82KgsqI6+3g0=
33,-14,5tVHnRHkhJ8Lo0LFN8WKhNVwU7I=,Jju+tFx/iaFidbq82KgsqI6+3g0=
34,-14,5tVHnRHkhJ8Lo0LFN8WKhNVwU7I=,Jju+tFx/iaFidbq82KgsqI6+3g0=
35,-14,5tVHnRHkhJ8Lo0LFN8WKhNVwU7I=,Jju+tFx/iaFidbq82KgsqI6+3g0=
36,-14,5tVHnRHkhJ8Lo0LFN8WKhNVwU7I=,Jju+tFx/iaFidbq82KgsqI6+3g0=
46,-15,5tVHnRHkhJ8Lo0LFN8WKhNVwU7I=,vOIfsUcbPySbP8bVtwuUy4RwmzM=
40,-10,5tVHnRHkhJ8Lo0LFN8WKhNVwU7I=,vOIfsUcbPySbP8bVtwuUy4RwmzM=
37,-14,5tVHnRHkhJ8Lo0LFN8WKhNVwU7I=,Jju+tFx/iaFidbq82KgsqI6+3g0=
38,-14,5tVHnRHkhJ8Lo0LFN8WKhNVwU7I=,Jju+tFx/iaFidbq82KgsqI6+3g0=
39,-14,5tVHnRHkhJ8Lo0LFN8WKhNVwU7I=,Jju+tFx/iaFidbq82KgsqI6+3g0=
33,-13,5tVHnRHkhJ8Lo0LFN8WKhNVwU7I=,Jju+tFx/iaFidbq82KgsqI6+3g0=
35,-13,5tVHnRHkhJ8Lo0LFN8WKhNVwU7I=,Jju+tFx/iaFidbq82KgsqI6+3g0=
34,-13,5tVHnRHkhJ8Lo0LFN8WKhNVwU7I=,Jju+tFx/iaFidbq82KgsqI6+3g0=
36,-13,5tVHnRHkhJ8Lo0LFN8WKhNVwU7I=,Jju+tFx/iaFidbq82KgsqI6+3g0=
37,-13,5tVHnRHkhJ8Lo0LFN8WKhNVwU7I=,Jju+tFx/iaFidbq82KgsqI6+3g0=
40,-15,5tVHnRHkhJ8Lo0LFN8WKhNVwU7I=,vOIfsUcbPySbP8bVtwuUy4RwmzM=
38,-13,5tVHnRHkhJ8Lo0LFN8WKhNVwU7I=,Jju+tFx/iaFidbq82KgsqI6+3g0=
39,-13,5tVHnRHkhJ8Lo0LFN8WKhNVwU7I=,Jju+tFx/iaFidbq82KgsqI6+3g0=
40,-14,5tVHnRHkhJ8Lo0LFN8WKhNVwU7I=,vOIfsUcbPySbP8bVtwuUy4RwmzM=
45,-15,5tVHnRHkhJ8Lo0LFN8WKhNVwU7I=,vOIfsUcbPySbP8bVtwuUy4RwmzM=
44,-15,5tVHnRHkhJ8Lo0LFN8WKhNVwU7I=,vOIfsUcbPySbP8bVtwuUy4RwmzM=
45,-10,5tVHnRHkhJ8Lo0LFN8WKhNVwU7I=,vOIfsUcbPySbP8bVtwuUy4RwmzM=
34,-11,5tVHnRHkhJ8Lo0LFN8WKhNVwU7I=,Jju+tFx/iaFidbq82KgsqI6+3g0=
33,-12,5tVHnRHkhJ8Lo0LFN8WKhNVwU7I=,Jju+tFx/iaFidbq82KgsqI6+3g0=
35,-11,5tVHnRHkhJ8Lo0LFN8WKhNVwU7I=,Jju+tFx/iaFidbq82KgsqI6+3g0=
34,-12,5tVHnRHkhJ8Lo0LFN8WKhNVwU7I=,Jju+tFx/iaFidbq82KgsqI6+3g0=
39,-12,5tVHnRHkhJ8Lo0LFN8WKhNVwU7I=,Jju+tFx/iaFidbq82KgsqI6+3g0=
43,-15,5tVHnRHkhJ8Lo0LFN8WKhNVwU7I=,vOIfsUcbPySbP8bVtwuUy4RwmzM=
42,-15,5tVHnRHkhJ8Lo0LFN8WKhNVwU7I=,vOIfsUcbPySbP8bVtwuUy4RwmzM=
41,-15,5tVHnRHkhJ8Lo0LFN8WKhNVwU7I=,vOIfsUcbPySbP8bVtwuUy4RwmzM=
44,-10,5tVHnRHkhJ8Lo0LFN8WKhNVwU7I=,vOIfsUcbPySbP8bVtwuUy4RwmzM=
33,-11,5tVHnRHkhJ8Lo0LFN8WKhNVwU7I=,Jju+tFx/iaFidbq82KgsqI6+3g0=
35,-12,5tVHnRHkhJ8Lo0LFN8WKhNVwU7I=,Jju+tFx/iaFidbq82KgsqI6+3g0=
40,-13,5tVHnRHkhJ8Lo0LFN8WKhNVwU7I=,vOIfsUcbPySbP8bVtwuUy4RwmzM=
36,-12,5tVHnRHkhJ8Lo0LFN8WKhNVwU7I=,Jju+tFx/iaFidbq82KgsqI6+3g0=
43,-10,5tVHnRHkhJ8Lo0LFN8WKhNVwU7I=,vOIfsUcbPySbP8bVtwuUy4RwmzM=
42,-10,5tVHnRHkhJ8Lo0LFN8WKhNVwU7I=,vOIfsUcbPySbP8bVtwuUy4RwmzM=
37,-12,5tVHnRHkhJ8Lo0LFN8WKhNVwU7I=,Jju+tFx/iaFidbq82KgsqI6+3g0=
46,-11,5tVHnRHkhJ8Lo0LFN8WKhNVwU7I=,vOIfsUcbPySbP8bVtwuUy4RwmzM=
38,-12,5tVHnRHkhJ8Lo0LFN8WKhNVwU7I=,Jju+tFx/iaFidbq82KgsqI6+3g0=
45,-11,5tVHnRHkhJ8Lo0LFN8WKhNVwU7I=,vOIfsUcbPySbP8bVtwuUy4RwmzM=
43,-11,5tVHnRHkhJ8Lo0LFN8WKhNVwU7I=,vOIfsUcbPySbP8bVtwuUy4RwmzM=
41,-11,5tVHnRHkhJ8Lo0LFN8WKhNVwU7I=,vOIfsUcbPySbP8bVtwuUy4RwmzM=
41,-10,5tVHnRHkhJ8Lo0LFN8WKhNVwU7I=,vOIfsUcbPySbP8bVtwuUy4RwmzM=
44,-11,5tVHnRHkhJ8Lo0LFN8WKhNVwU7I=,vOIfsUcbPySbP8bVtwuUy4RwmzM=
42,-11,5tVHnRHkhJ8Lo0LFN8WKhNVwU7I=,vOIfsUcbPySbP8bVtwuUy4RwmzM=
47,-13,5tVHnRHkhJ8Lo0LFN8WKhNVwU7I=,vOIfsUcbPySbP8bVtwuUy4RwmzM=
42,-12,5tVHnRHkhJ8Lo0LFN8WKhNVwU7I=,vOIfsUcbPySbP8bVtwuUy4RwmzM=
46,-12,5tVHnRHkhJ8Lo0LFN8WKhNVwU7I=,vOIfsUcbPySbP8bVtwuUy4RwmzM=
43,-12,5tVHnRHkhJ8Lo0LFN8WKhNVwU7I=,vOIfsUcbPySbP8bVtwuUy4RwmzM=
45,-12,5tVHnRHkhJ8Lo0LFN8WKhNVwU7I=,vOIfsUcbPySbP8bVtwuUy4RwmzM=
47,-14,5tVHnRHkhJ8Lo0LFN8WKhNVwU7I=,vOIfsUcbPySbP8bVtwuUy4RwmzM=
47,-12,5tVHnRHkhJ8Lo0LFN8WKhNVwU7I=,vOIfsUcbPySbP8bVtwuUy4RwmzM=
47,-15,5tVHnRHkhJ8Lo0LFN8WKhNVwU7I=,vOIfsUcbPySbP8bVtwuUy4RwmzM=
41,-12,5tVHnRHkhJ8Lo0LFN8WKhNVwU7I=,vOIfsUcbPySbP8bVtwuUy4RwmzM=
44,-12,5tVHnRHkhJ8Lo0LFN8WKhNVwU7I=,vOIfsUcbPySbP8bVtwuUy4RwmzM=
47,-11,5tVHnRHkhJ8Lo0LFN8WKhNVwU7I=,vOIfsUcbPySbP8bVtwuUy4RwmzM=
47,-10,5tVHnRHkhJ8Lo0LFN8WKhNVwU7I=,vOIfsUcbPySbP8bVtwuUy4RwmzM=
33,-16,5tVHnRHkhJ8Lo0LFN8WKhNVwU7I=,Jju+tFx/iaFidbq82KgsqI6+3g0=
34,-16,5tVHnRHkhJ8Lo0LFN8WKhNVwU7I=,Jju+tFx/iaFidbq82KgsqI6+3g0=
35,-16,5tVHnRHkhJ8Lo0LFN8WKhNVwU7I=,Jju+tFx/iaFidbq82KgsqI6+3g0=
36,-16,5tVHnRHkhJ8Lo0LFN8WKhNVwU7I=,Jju+tFx/iaFidbq82KgsqI6+3g0=
37,-16,5tVHnRHkhJ8Lo0LFN8WKhNVwU7I=,Jju+tFx/iaFidbq82KgsqI6+3g0=
38,-16,5tVHnRHkhJ8Lo0LFN8WKhNVwU7I=,Jju+tFx/iaFidbq82KgsqI6+3g0=
32,-16,5tVHnRHkhJ8Lo0LFN8WKhNVwU7I=,Jju+tFx/iaFidbq82KgsqI6+3g0=
39,-16,5tVHnRHkhJ8Lo0LFN8WKhNVwU7I=,Jju+tFx/iaFidbq82KgsqI6+3g0=
40,-16,5tVHnRHkhJ8Lo0LFN8WKhNVwU7I=,vOIfsUcbPySbP8bVtwuUy4RwmzM=
41,-16,5tVHnRHkhJ8Lo0LFN8WKhNVwU7I=,vOIfsUcbPySbP8bVtwuUy4RwmzM=
42,-16,5tVHnRHkhJ8Lo0LFN8WKhNVwU7I=,vOIfsUcbPySbP8bVtwuUy4RwmzM=
43,-16,5tVHnRHkhJ8Lo0LFN8WKhNVwU7I=,vOIfsUcbPySbP8bVtwuUy4RwmzM=
44,-16,5tVHnRHkhJ8Lo0LFN8WKhNVwU7I=,vOIfsUcbPySbP8bVtwuUy4RwmzM=
45,-16,5tVHnRHkhJ8Lo0LFN8WKhNVwU7I=,vOIfsUcbPySbP8bVtwuUy4RwmzM=
46,-16,5tVHnRHkhJ8Lo0LFN8WKhNVwU7I=,vOIfsUcbPySbP8bVtwuUy4RwmzM=
47,-16,5tVHnRHkhJ8Lo0LFN8WKhNVwU7I=,vOIfsUcbPySbP8bVtwuUy4RwmzM=
32,-14,5tVHnRHkhJ8Lo0LFN8WKhNVwU7I=,Jju+tFx/iaFidbq82KgsqI6+3g0=
32,-13,5tVHnRHkhJ8Lo0LFN8WKhNVwU7I=,Jju+tFx/iaFidbq82KgsqI6+3g0=
32,-15,5tVHnRHkhJ8Lo0LFN8WKhNVwU7I=,Jju+tFx/iaFidbq82KgsqI6+3g0=
32,-10,5tVHnRHkhJ8Lo0LFN8WKhNVwU7I=,Jju+tFx/iaFidbq82KgsqI6+3g0=
32,-11,5tVHnRHkhJ8Lo0LFN8WKhNVwU7I=,Jju+tFx/iaFidbq82KgsqI6+3g0=
32,-12,5tVHnRHkhJ8Lo0LFN8WKhNVwU7I=,Jju+tFx/iaFidbq82KgsqI6+3g0=
34,-5,5tVHnRHkhJ8Lo0LFN8WKhNVwU7I=,BstG69HLknv1pFqKsDbt6sB0zCI=
33,-5,5tVHnRHkhJ8Lo0LFN8WKhNVwU7I=,BstG69HLknv1pFqKsDbt6sB0zCI=
36,-5,5tVHnRHkhJ8Lo0LFN8WKhNVwU7I=,BstG69HLknv1pFqKsDbt6sB0zCI=
39,-1,5tVHnRHkhJ8Lo0LFN8WKhNVwU7I=,BstG69HLknv1pFqKsDbt6sB0zCI=
37,-1,5tVHnRHkhJ8Lo0LFN8WKhNVwU7I=,BstG69HLknv1pFqKsDbt6sB0zCI=
35,-5,5tVHnRHkhJ8Lo0LFN8WKhNVwU7I=,BstG69HLknv1pFqKsDbt6sB0zCI=
47,-7,5tVHnRHkhJ8Lo0LFN8WKhNVwU7I=,AcMg7lg5tBBWPIwwGx/yiUCDkPQ=
47,-9,5tVHnRHkhJ8Lo0LFN8WKhNVwU7I=,vOIfsUcbPySbP8bVtwuUy4RwmzM=
46,-5,5tVHnRHkhJ8Lo0LFN8WKhNVwU7I=,AcMg7lg5tBBWPIwwGx/yiUCDkPQ=
35,-1,5tVHnRHkhJ8Lo0LFN8WKhNVwU7I=,BstG69HLknv1pFqKsDbt6sB0zCI=
36,-1,5tVHnRHkhJ8Lo0LFN8WKhNVwU7I=,BstG69HLknv1pFqKsDbt6sB0zCI=
43,-3,5tVHnRHkhJ8Lo0LFN8WKhNVwU7I=,AcMg7lg5tBBWPIwwGx/yiUCDkPQ=
45,-4,5tVHnRHkhJ8Lo0LFN8WKhNVwU7I=,AcMg7lg5tBBWPIwwGx/yiUCDkPQ=
38,-1,5tVHnRHkhJ8Lo0LFN8WKhNVwU7I=,BstG69HLknv1pFqKsDbt6sB0zCI=
34,-1,5tVHnRHkhJ8Lo0LFN8WKhNVwU7I=,BstG69HLknv1pFqKsDbt6sB0zCI=
37,-5,5tVHnRHkhJ8Lo0LFN8WKhNVwU7I=,BstG69HLknv1pFqKsDbt6sB0zCI=
39,-6,5tVHnRHkhJ8Lo0LFN8WKhNVwU7I=,BstG69HLknv1pFqKsDbt6sB0zCI=
42,-3,5tVHnRHkhJ8Lo0LFN8WKhNVwU7I=,AcMg7lg5tBBWPIwwGx/yiUCDkPQ=
46,-9,5tVHnRHkhJ8Lo0LFN8WKhNVwU7I=,vOIfsUcbPySbP8bVtwuUy4RwmzM=
32,-5,5tVHnRHkhJ8Lo0LFN8WKhNVwU7I=,BstG69HLknv1pFqKsDbt6sB0zCI=
45,-5,5tVHnRHkhJ8Lo0LFN8WKhNVwU7I=,AcMg7lg5tBBWPIwwGx/yiUCDkPQ=
41,-3,5tVHnRHkhJ8Lo0LFN8WKhNVwU7I=,AcMg7lg5tBBWPIwwGx/yiUCDkPQ=
45,-9,5tVHnRHkhJ8Lo0LFN8WKhNVwU7I=,vOIfsUcbPySbP8bVtwuUy4RwmzM=
44,-3,5tVHnRHkhJ8Lo0LFN8WKhNVwU7I=,AcMg7lg5tBBWPIwwGx/yiUCDkPQ=
38,-6,5tVHnRHkhJ8Lo0LFN8WKhNVwU7I=,BstG69HLknv1pFqKsDbt6sB0zCI=
37,-6,5tVHnRHkhJ8Lo0LFN8WKhNVwU7I=,BstG69HLknv1pFqKsDbt6sB0zCI=
43,-9,5tVHnRHkhJ8Lo0LFN8WKhNVwU7I=,vOIfsUcbPySbP8bVtwuUy4RwmzM=
42,-9,5tVHnRHkhJ8Lo0LFN8WKhNVwU7I=,vOIfsUcbPySbP8bVtwuUy4RwmzM=
33,-1,5tVHnRHkhJ8Lo0LFN8WKhNVwU7I=,BstG69HLknv1pFqKsDbt6sB0zCI=
43,-8,5tVHnRHkhJ8Lo0LFN8WKhNVwU7I=,AcMg7lg5tBBWPIwwGx/yiUCDkPQ=
38,-5,5tVHnRHkhJ8Lo0LFN8WKhNVwU7I=,BstG69HLknv1pFqKsDbt6sB0zCI=
36,-6,5tVHnRHkhJ8Lo0LFN8WKhNVwU7I=,BstG69HLknv1pFqKsDbt6sB0zCI=
43,-4,5tVHnRHkhJ8Lo0LFN8WKhNVwU7I=,AcMg7lg5tBBWPIwwGx/yiUCDkPQ=
44,-5,5tVHnRHkhJ8Lo0LFN8WKhNVwU7I=,AcMg7lg5tBBWPIwwGx/yiUCDkPQ=
39,-2,5tVHnRHkhJ8Lo0LFN8WKhNVwU7I=,BstG69HLknv1pFqKsDbt6sB0zCI=
39,-7,5tVHnRHkhJ8Lo0LFN8WKhNVwU7I=,BstG69HLknv1pFqKsDbt6sB0zCI=
44,-9,5tVHnRHkhJ8Lo0LFN8WKhNVwU7I=,vOIfsUcbPySbP8bVtwuUy4RwmzM=
46,-7,5tVHnRHkhJ8Lo0LFN8WKhNVwU7I=,AcMg7lg5tBBWPIwwGx/yiUCDkPQ=
41,-7,5tVHnRHkhJ8Lo0LFN8WKhNVwU7I=,AcMg7lg5tBBWPIwwGx/yiUCDkPQ=
39,-8,5tVHnRHkhJ8Lo0LFN8WKhNVwU7I=,BstG69HLknv1pFqKsDbt6sB0zCI=
43,-5,5tVHnRHkhJ8Lo0LFN8WKhNVwU7I=,AcMg7lg5tBBWPIwwGx/yiUCDkPQ=
32,-4,5tVHnRHkhJ8Lo0LFN8WKhNVwU7I=,BstG69HLknv1pFqKsDbt6sB0zCI=
41,-9,5tVHnRHkhJ8Lo0LFN8WKhNVwU7I=,vOIfsUcbPySbP8bVtwuUy4RwmzM=
47,-5,5tVHnRHkhJ8Lo0LFN8WKhNVwU7I=,AcMg7lg5tBBWPIwwGx/yiUCDkPQ=
40,-9,5tVHnRHkhJ8Lo0LFN8WKhNVwU7I=,vOIfsUcbPySbP8bVtwuUy4RwmzM=
42,-8,5tVHnRHkhJ8Lo0LFN8WKhNVwU7I=,AcMg7lg5tBBWPIwwGx/yiUCDkPQ=
44,-4,5tVHnRHkhJ8Lo0LFN8WKhNVwU7I=,AcMg7lg5tBBWPIwwGx/yiUCDkPQ=
40,-7,5tVHnRHkhJ8Lo0LFN8WKhNVwU7I=,AcMg7lg5tBBWPIwwGx/yiUCDkPQ=
35,-6,5tVHnRHkhJ8Lo0LFN8WKhNVwU7I=,BstG69HLknv1pFqKsDbt6sB0zCI=
46,-4,5tVHnRHkhJ8Lo0LFN8WKhNVwU7I=,AcMg7lg5tBBWPIwwGx/yiUCDkPQ=
34,-4,5tVHnRHkhJ8Lo0LFN8WKhNVwU7I=,BstG69HLknv1pFqKsDbt6sB0zCI=
36,-4,5tVHnRHkhJ8Lo0LFN8WKhNVwU7I=,BstG69HLknv1pFqKsDbt6sB0zCI=
37,-4,5tVHnRHkhJ8Lo0LFN8WKhNVwU7I=,BstG69HLknv1pFqKsDbt6sB0zCI=
33,-4,5tVHnRHkhJ8Lo0LFN8WKhNVwU7I=,BstG69HLknv1pFqKsDbt6sB0zCI=
35,-4,5tVHnRHkhJ8Lo0LFN8WKhNVwU7I=,BstG69HLknv1pFqKsDbt6sB0zCI=
38,-4,5tVHnRHkhJ8Lo0LFN8WKhNVwU7I=,BstG69HLknv1pFqKsDbt6sB0zCI=
32,-3,5tVHnRHkhJ8Lo0LFN8WKhNVwU7I=,BstG69HLknv1pFqKsDbt6sB0zCI=
32,-9,5tVHnRHkhJ8Lo0LFN8WKhNVwU7I=,Jju+tFx/iaFidbq82KgsqI6+3g0=
33,-9,5tVHnRHkhJ8Lo0LFN8WKhNVwU7I=,Jju+tFx/iaFidbq82KgsqI6+3g0=
40,-4,5tVHnRHkhJ8Lo0LFN8WKhNVwU7I=,AcMg7lg5tBBWPIwwGx/yiUCDkPQ=
34,-9,5tVHnRHkhJ8Lo0LFN8WKhNVwU7I=,Jju+tFx/iaFidbq82KgsqI6+3g0=
35,-9,5tVHnRHkhJ8Lo0LFN8WKhNVwU7I=,Jju+tFx/iaFidbq82KgsqI6+3g0=
33,-3,5tVHnRHkhJ8Lo0LFN8WKhNVwU7I=,BstG69HLknv1pFqKsDbt6sB0zCI=
34,-3,5tVHnRHkhJ8Lo0LFN8WKhNVwU7I=,BstG69HLknv1pFqKsDbt6sB0zCI=
36,-9,5tVHnRHkhJ8Lo0LFN8WKhNVwU7I=,Jju+tFx/iaFidbq82KgsqI6+3g0=
40,-8,5tVHnRHkhJ8Lo0LFN8WKhNVwU7I=,AcMg7lg5tBBWPIwwGx/yiUCDkPQ=
40,-5,5tVHnRHkhJ8Lo0LFN8WKhNVwU7I=,AcMg7lg5tBBWPIwwGx/yiUCDkPQ=
33,-8,5tVHnRHkhJ8Lo0LFN8WKhNVwU7I=,BstG69HLknv1pFqKsDbt6sB0zCI=
32,-8,5tVHnRHkhJ8Lo0LFN8WKhNVwU7I=,BstG69HLknv1pFqKsDbt6sB0zCI=
34,-8,5tVHnRHkhJ8Lo0LFN8WKhNVwU7I=,BstG69HLknv1pFqKsDbt6sB0zCI=
37,-9,5tVHnRHkhJ8Lo0LFN8WKhNVwU7I=,Jju+tFx/iaFidbq82KgsqI6+3g0=
38,-9,5tVHnRHkhJ8Lo0LFN8WKhNVwU7I=,Jju+tFx/iaFidbq82KgsqI6+3g0=
35,-3,5tVHnRHkhJ8Lo0LFN8WKhNVwU7I=,BstG69HLknv1pFqKsDbt6sB0zCI=
47,-4,5tVHnRHkhJ8Lo0LFN8WKhNVwU7I=,AcMg7lg5tBBWPIwwGx/yiUCDkPQ=
36,-3,5tVHnRHkhJ8Lo0LFN8WKhNVwU7I=,BstG69HLknv1pFqKsDbt6sB0zCI=
35,-8,5tVHnRHkhJ8Lo0LFN8WKhNVwU7I=,BstG69HLknv1pFqKsDbt6sB0zCI=
37,-3,5tVHnRHkhJ8Lo0LFN8WKhNVwU7I=,BstG69HLknv1pFqKsDbt6sB0zCI=
36,-8,5tVHnRHkhJ8Lo0LFN8WKhNVwU7I=,BstG69HLknv1pFqKsDbt6sB0zCI=
37,-8,5tVHnRHkhJ8Lo0LFN8WKhNVwU7I=,BstG69HLknv1pFqKsDbt6sB0zCI=
38,-3,5tVHnRHkhJ8Lo0LFN8WKhNVwU7I=,BstG69HLknv1pFqKsDbt6sB0zCI=
38,-8,5tVHnRHkhJ8Lo0LFN8WKhNVwU7I=,BstG69HLknv1pFqKsDbt6sB0zCI=
32,-2,5tVHnRHkhJ8Lo0LFN8WKhNVwU7I=,BstG69HLknv1pFqKsDbt6sB0zCI=
33,-2,5tVHnRHkhJ8Lo0LFN8WKhNVwU7I=,BstG69HLknv1pFqKsDbt6sB0zCI=
34,-2,5tVHnRHkhJ8Lo0LFN8WKhNVwU7I=,BstG69HLknv1pFqKsDbt6sB0zCI=
40,-3,5tVHnRHkhJ8Lo0LFN8WKhNVwU7I=,AcMg7lg5tBBWPIwwGx/yiUCDkPQ=
35,-2,5tVHnRHkhJ8Lo0LFN8WKhNVwU7I=,BstG69HLknv1pFqKsDbt6sB0zCI=
41,-4,5tVHnRHkhJ8Lo0LFN8WKhNVwU7I=,AcMg7lg5tBBWPIwwGx/yiUCDkPQ=
32,-7,5tVHnRHkhJ8Lo0LFN8WKhNVwU7I=,BstG69HLknv1pFqKsDbt6sB0zCI=
33,-7,5tVHnRHkhJ8Lo0LFN8WKhNVwU7I=,BstG69HLknv1pFqKsDbt6sB0zCI=
34,-7,5tVHnRHkhJ8Lo0LFN8WKhNVwU7I=,BstG69HLknv1pFqKsDbt6sB0zCI=
38,-2,5tVHnRHkhJ8Lo0LFN8WKhNVwU7I=,BstG69HLknv1pFqKsDbt6sB0zCI=
36,-2,5tVHnRHkhJ8Lo0LFN8WKhNVwU7I=,BstG69HLknv1pFqKsDbt6sB0zCI=
35,-7,5tVHnRHkhJ8Lo0LFN8WKhNVwU7I=,BstG69HLknv1pFqKsDbt6sB0zCI=
37,-2,5tVHnRHkhJ8Lo0LFN8WKhNVwU7I=,BstG69HLknv1pFqKsDbt6sB0zCI=
41,-8,5tVHnRHkhJ8Lo0LFN8WKhNVwU7I=,AcMg7lg5tBBWPIwwGx/yiUCDkPQ=
38,-7,5tVHnRHkhJ8Lo0LFN8WKhNVwU7I=,BstG69HLknv1pFqKsDbt6sB0zCI=
32,-6,5tVHnRHkhJ8Lo0LFN8WKhNVwU7I=,BstG69HLknv1pFqKsDbt6sB0zCI=
36,-7,5tVHnRHkhJ8Lo0LFN8WKhNVwU7I=,BstG69HLknv1pFqKsDbt6sB0zCI=
32,-1,5tVHnRHkhJ8Lo0LFN8WKhNVwU7I=,BstG69HLknv1pFqKsDbt6sB0zCI=
34,-6,5tVHnRHkhJ8Lo0LFN8WKhNVwU7I=,BstG69HLknv1pFqKsDbt6sB0zCI=
42,-5,5tVHnRHkhJ8Lo0LFN8WKhNVwU7I=,AcMg7lg5tBBWPIwwGx/yiUCDkPQ=
37,-7,5tVHnRHkhJ8Lo0LFN8WKhNVwU7I=,BstG69HLknv1pFqKsDbt6sB0zCI=
33,-6,5tVHnRHkhJ8Lo0LFN8WKhNVwU7I=,BstG69HLknv1pFqKsDbt6sB0zCI=
47,-8,5tVHnRHkhJ8Lo0LFN8WKhNVwU7I=,AcMg7lg5tBBWPIwwGx/yiUCDkPQ=
39,-3,5tVHnRHkhJ8Lo0LFN8WKhNVwU7I=,BstG69HLknv1pFqKsDbt6sB0zCI=
40,-6,5tVHnRHkhJ8Lo0LFN8WKhNVwU7I=,AcMg7lg5tBBWPIwwGx/yiUCDkPQ=
45,-1,5tVHnRHkhJ8Lo0LFN8WKhNVwU7I=,AcMg7lg5tBBWPIwwGx/yiUCDkPQ=
47,-6,5tVHnRHkhJ8Lo0LFN8WKhNVwU7I=,AcMg7lg5tBBWPIwwGx/yiUCDkPQ=
47,-1,5tVHnRHkhJ8Lo0LFN8WKhNVwU7I=,AcMg7lg5tBBWPIwwGx/yiUCDkPQ=
46,-8,5tVHnRHkhJ8Lo0LFN8WKhNVwU7I=,AcMg7lg5tBBWPIwwGx/yiUCDkPQ=
41,-6,5tVHnRHkhJ8Lo0LFN8WKhNVwU7I=,AcMg7lg5tBBWPIwwGx/yiUCDkPQ=
46,-1,5tVHnRHkhJ8Lo0LFN8WKhNVwU7I=,AcMg7lg5tBBWPIwwGx/yiUCDkPQ=
45,-7,5tVHnRHkhJ8Lo0LFN8WKhNVwU7I=,AcMg7lg5tBBWPIwwGx/yiUCDkPQ=
43,-1,5tVHnRHkhJ8Lo0LFN8WKhNVwU7I=,AcMg7lg5tBBWPIwwGx/yiUCDkPQ=
44,-7,5tVHnRHkhJ8Lo0LFN8WKhNVwU7I=,AcMg7lg5tBBWPIwwGx/yiUCDkPQ=
39,-9,5tVHnRHkhJ8Lo0LFN8WKhNVwU7I=,Jju+tFx/iaFidbq82KgsqI6+3g0=
42,-6,5tVHnRHkhJ8Lo0LFN8WKhNVwU7I=,AcMg7lg5tBBWPIwwGx/yiUCDkPQ=
41,-5,5tVHnRHkhJ8Lo0LFN8WKhNVwU7I=,AcMg7lg5tBBWPIwwGx/yiUCDkPQ=
42,-1,5tVHnRHkhJ8Lo0LFN8WKhNVwU7I=,AcMg7lg5tBBWPIwwGx/yiUCDkPQ=
44,-1,5tVHnRHkhJ8Lo0LFN8WKhNVwU7I=,AcMg7lg5tBBWPIwwGx/yiUCDkPQ=
41,-1,5tVHnRHkhJ8Lo0LFN8WKhNVwU7I=,AcMg7lg5tBBWPIwwGx/yiUCDkPQ=
47,-2,5tVHnRHkhJ8Lo0LFN8WKhNVwU7I=,AcMg7lg5tBBWPIwwGx/yiUCDkPQ=
40,-1,5tVHnRHkhJ8Lo0LFN8WKhNVwU7I=,AcMg7lg5tBBWPIwwGx/yiUCDkPQ=
44,-2,5tVHnRHkhJ8Lo0LFN8WKhNVwU7I=,AcMg7lg5tBBWPIwwGx/yiUCDkPQ=
45,-8,5tVHnRHkhJ8Lo0LFN8WKhNVwU7I=,AcMg7lg5tBBWPIwwGx/yiUCDkPQ=
46,-2,5tVHnRHkhJ8Lo0LFN8WKhNVwU7I=,AcMg7lg5tBBWPIwwGx/yiUCDkPQ=
41,-2,5tVHnRHkhJ8Lo0LFN8WKhNVwU7I=,AcMg7lg5tBBWPIwwGx/yiUCDkPQ=
43,-2,5tVHnRHkhJ8Lo0LFN8WKhNVwU7I=,AcMg7lg5tBBWPIwwGx/yiUCDkPQ=
43,-6,5tVHnRHkhJ8Lo0LFN8WKhNVwU7I=,AcMg7lg5tBBWPIwwGx/yiUCDkPQ=
42,-2,5tVHnRHkhJ8Lo0LFN8WKhNVwU7I=,AcMg7lg5tBBWPIwwGx/yiUCDkPQ=
45,-2,5tVHnRHkhJ8Lo0LFN8WKhNVwU7I=,AcMg7lg5tBBWPIwwGx/yiUCDkPQ=
39,-4,5tVHnRHkhJ8Lo0LFN8WKhNVwU7I=,BstG69HLknv1pFqKsDbt6sB0zCI=
42,-4,5tVHnRHkhJ8Lo0LFN8WKhNVwU7I=,AcMg7lg5tBBWPIwwGx/yiUCDkPQ=
45,-3,5tVHnRHkhJ8Lo0LFN8WKhNVwU7I=,AcMg7lg5tBBWPIwwGx/yiUCDkPQ=
40,-2,5tVHnRHkhJ8Lo0LFN8WKhNVwU7I=,AcMg7lg5tBBWPIwwGx/yiUCDkPQ=
47,-3,5tVHnRHkhJ8Lo0LFN8WKhNVwU7I=,AcMg7lg5tBBWPIwwGx/yiUCDkPQ=
46,-3,5tVHnRHkhJ8Lo0LFN8WKhNVwU7I=,AcMg7lg5tBBWPIwwGx/yiUCDkPQ=
46,-6,5tVHnRHkhJ8Lo0LFN8WKhNVwU7I=,AcMg7lg5tBBWPIwwGx/yiUCDkPQ=
43,-7,5tVHnRHkhJ8Lo0LFN8WKhNVwU7I=,AcMg7lg5tBBWPIwwGx/yiUCDkPQ=
39,-5,5tVHnRHkhJ8Lo0LFN8WKhNVwU7I=,BstG69HLknv1pFqKsDbt6sB0zCI=
44,-8,5tVHnRHkhJ8Lo0LFN8WKhNVwU7I=,AcMg7lg5tBBWPIwwGx/yiUCDkPQ=
45,-6,5tVHnRHkhJ8Lo0LFN8WKhNVwU7I=,AcMg7lg5tBBWPIwwGx/yiUCDkPQ=
44,-6,5tVHnRHkhJ8Lo0LFN8WKhNVwU7I=,AcMg7lg5tBBWPIwwGx/yiUCDkPQ=
42,-7,5tVHnRHkhJ8Lo0LFN8WKhNVwU7I=,AcMg7lg5tBBWPIwwGx/yiUCDkPQ=
