-16,16,Kwuzj5mYe/G/NIUtAP1vl86LqAI=,yHf4L0IpEpJsMsmMGSNegIiHk8o=
-3,18,Kwuzj5mYe/G/NIUtAP1vl86LqAI=,yHf4L0IpEpJsMsmMGSNegIiHk8o=
-13,16,Kwuzj5mYe/G/NIUtAP1vl86LqAI=,yHf4L0IpEpJsMsmMGSNegIiHk8o=
-1,31,Kwuzj5mYe/G/NIUtAP1vl86LqAI=,yHf4L0IpEpJsMsmMGSNegIiHk8o=
-3,31,Kwuzj5mYe/G/NIUtAP1vl86LqAI=,yHf4L0IpEpJsMsmMGSNegIiHk8o=
-1,17,Kwuzj5mYe/G/NIUtAP1vl86LqAI=,yHf4L0IpEpJsMsmMGSNegIiHk8o=
-2,31,Kwuzj5mYe/G/NIUtAP1vl86LqAI=,yHf4L0IpEpJsMsmMGSNegIiHk8o=
-2,17,Kwuzj5mYe/G/NIUtAP1vl86LqAI=,yHf4L0IpEpJsMsmMGSNegIiHk8o=
-3,17,Kwuzj5mYe/G/NIUtAP1vl86LqAI=,yHf4L0IpEpJsMsmMGSNegIiHk8o=
-4,17,Kwuzj5mYe/G/NIUtAP1vl86LqAI=,yHf4L0IpEpJsMsmMGSNegIiHk8o=
-7,17,Kwuzj5mYe/G/NIUtAP1vl86LqAI=,yHf4L0IpEpJsMsmMGSNegIiHk8o=
-9,17,Kwuzj5mYe/G/NIUtAP1vl86LqAI=,yHf4L0IpEpJsMsmMGSNegIiHk8o=
-5,17,Kwuzj5mYe/G/NIUtAP1vl86LqAI=,yHf4L0IpEpJsMsmMGSNegIiHk8o=
-4,31,Kwuzj5mYe/G/NIUtAP1vl86LqAI=,yHf4L0IpEpJsMsmMGSNegIiHk8o=
-8,17,Kwuzj5mYe/G/NIUtAP1vl86LqAI=,yHf4L0IpEpJsMsmMGSNegIiHk8o=
-10,17,Kwuzj5mYe/G/NIUtAP1vl86LqAI=,yHf4L0IpEpJsMsmMGSNegIiHk8o=
-6,17,Kwuzj5mYe/G/NIUtAP1vl86LqAI=,yHf4L0IpEpJsMsmMGSNegIiHk8o=
-5,31,Kwuzj5mYe/G/NIUtAP1vl86LqAI=,yHf4L0IpEpJsMsmMGSNegIiHk8o=
-6,31,Kwuzj5mYe/G/NIUtAP1vl86LqAI=,yHf4L0IpEpJsMsmMGSNegIiHk8o=
-7,31,Kwuzj5mYe/G/NIUtAP1vl86LqAI=,yHf4L0IpEpJsMsmMGSNegIiHk8o=
-11,17,Kwuzj5mYe/G/NIUtAP1vl86LqAI=,yHf4L0IpEpJsMsmMGSNegIiHk8o=
-8,31,Kwuzj5mYe/G/NIUtAP1vl86LqAI=,yHf4L0IpEpJsMsmMGSNegIiHk8o=
-10,31,Kwuzj5mYe/G/NIUtAP1vl86LqAI=,yHf4L0IpEpJsMsmMGSNegIiHk8o=
-12,31,Kwuzj5mYe/G/NIUtAP1vl86LqAI=,yHf4L0IpEpJsMsmMGSNegIiHk8o=
-11,31,Kwuzj5mYe/G/NIUtAP1vl86LqAI=,yHf4L0IpEpJsMsmMGSNegIiHk8o=
-14,31,Kwuzj5mYe/G/NIUtAP1vl86LqAI=,yHf4L0IpEpJsMsmMGSNegIiHk8o=
-15,31,Kwuzj5mYe/G/NIUtAP1vl86LqAI=,yHf4L0IpEpJsMsmMGSNegIiHk8o=
-13,31,Kwuzj5mYe/G/NIUtAP1vl86LqAI=,yHf4L0IpEpJsMsmMGSNegIiHk8o=
-9,31,Kwuzj5mYe/G/NIUtAP1vl86LqAI=,yHf4L0IpEpJsMsmMGSNegIiHk8o=
-15,17,Kwuzj5mYe/G/NIUtAP1vl86LqAI=,yHf4L0IpEpJsMsmMGSNegIiHk8o=
-16,31,Kwuzj5mYe/G/NIUtAP1vl86LqAI=,yHf4L0IpEpJsMsmMGSNegIiHk8o=
-12,17,Kwuzj5mYe/G/NIUtAP1vl86LqAI=,yHf4L0IpEpJsMsmMGSNegIiHk8o=
-13,17,Kwuzj5mYe/G/NIUtAP1vl86LqAI=,yHf4L0IpEpJsMsmMGSNegIiHk8o=
-1,30,Kwuzj5mYe/G/NIUtAP1vl86LqAI=,yHf4L0IpEpJsMsmMGSNegIiHk8o=
-14,17,Kwuzj5mYe/G/NIUtAP1vl86LqAI=,yHf4L0IpEpJsMsmMGSNegIiHk8o=
-2,30,Kwuzj5mYe/G/NIUtAP1vl86LqAI=,yHf4L0IpEpJsMsmMGSNegIiHk8o=
-14,16,Kwuzj5mYe/G/NIUtAP1vl86LqAI=,yHf4L0IpEpJsMsmMGSNegIiHk8o=
-3,30,Kwuzj5mYe/G/NIUtAP1vl86LqAI=,yHf4L0IpEpJsMsmMGSNegIiHk8o=
-4,18,Kwuzj5mYe/G/NIUtAP1vl86LqAI=,yHf4L0IpEpJsMsmMGSNegIiHk8o=
-4,30,Kwuzj5mYe/G/NIUtAP1vl86LqAI=,yHf4L0IpEpJsMsmMGSNegIiHk8o=
-6,30,Kwuzj5mYe/G/NIUtAP1vl86LqAI=,yHf4L0IpEpJsMsmMGSNegIiHk8o=
-8,30,Kwuzj5mYe/G/NIUtAP1vl86LqAI=,yHf4L0IpEpJsMsmMGSNegIiHk8o=
-7,30,Kwuzj5mYe/G/NIUtAP1vl86LqAI=,yHf4L0IpEpJsMsmMGSNegIiHk8o=
-10,30,Kwuzj5mYe/G/NIUtAP1vl86LqAI=,yHf4L0IpEpJsMsmMGSNegIiHk8o=
-9,30,Kwuzj5mYe/G/NIUtAP1vl86LqAI=,yHf4L0IpEpJsMsmMGSNegIiHk8o=
-11,30,Kwuzj5mYe/G/NIUtAP1vl86LqAI=,yHf4L0IpEpJsMsmMGSNegIiHk8o=
-12,30,Kwuzj5mYe/G/NIUtAP1vl86LqAI=,yHf4L0IpEpJsMsmMGSNegIiHk8o=
-14,30,Kwuzj5mYe/G/NIUtAP1vl86LqAI=,yHf4L0IpEpJsMsmMGSNegIiHk8o=
-13,30,Kwuzj5mYe/G/NIUtAP1vl86LqAI=,yHf4L0IpEpJsMsmMGSNegIiHk8o=
-15,30,Kwuzj5mYe/G/NIUtAP1vl86LqAI=,yHf4L0IpEpJsMsmMGSNegIiHk8o=
-16,30,Kwuzj5mYe/G/NIUtAP1vl86LqAI=,yHf4L0IpEpJsMsmMGSNegIiHk8o=
-5,30,Kwuzj5mYe/G/NIUtAP1vl86LqAI=,yHf4L0IpEpJsMsmMGSNegIiHk8o=
-1,29,Kwuzj5mYe/G/NIUtAP1vl86LqAI=,yHf4L0IpEpJsMsmMGSNegIiHk8o=
-16,17,Kwuzj5mYe/G/NIUtAP1vl86LqAI=,yHf4L0IpEpJsMsmMGSNegIiHk8o=
-2,29,Kwuzj5mYe/G/NIUtAP1vl86LqAI=,yHf4L0IpEpJsMsmMGSNegIiHk8o=
-5,18,Kwuzj5mYe/G/NIUtAP1vl86LqAI=,yHf4L0IpEpJsMsmMGSNegIiHk8o=
-3,29,Kwuzj5mYe/G/NIUtAP1vl86LqAI=,yHf4L0IpEpJsMsmMGSNegIiHk8o=
-4,29,Kwuzj5mYe/G/NIUtAP1vl86LqAI=,yHf4L0IpEpJsMsmMGSNegIiHk8o=
-5,29,Kwuzj5mYe/G/NIUtAP1vl86LqAI=,yHf4L0IpEpJsMsmMGSNegIiHk8o=
-7,29,Kwuzj5mYe/G/NIUtAP1vl86LqAI=,yHf4L0IpEpJsMsmMGSNegIiHk8o=
-6,29,Kwuzj5mYe/G/NIUtAP1vl86LqAI=,yHf4L0IpEpJsMsmMGSNegIiHk8o=
-8,29,Kwuzj5mYe/G/NIUtAP1vl86LqAI=,yHf4L0IpEpJsMsmMGSNegIiHk8o=
-10,29,Kwuzj5mYe/G/NIUtAP1vl86LqAI=,yHf4L0IpEpJsMsmMGSNegIiHk8o=
-9,29,Kwuzj5mYe/G/NIUtAP1vl86LqAI=,yHf4L0IpEpJsMsmMGSNegIiHk8o=
-11,29,Kwuzj5mYe/G/NIUtAP1vl86LqAI=,yHf4L0IpEpJsMsmMGSNegIiHk8o=
-12,29,Kwuzj5mYe/G/NIUtAP1vl86LqAI=,yHf4L0IpEpJsMsmMGSNegIiHk8o=
-13,29,Kwuzj5mYe/G/NIUtAP1vl86LqAI=,yHf4L0IpEpJsMsmMGSNegIiHk8o=
-14,29,Kwuzj5mYe/G/NIUtAP1vl86LqAI=,yHf4L0IpEpJsMsmMGSNegIiHk8o=
-15,16,Kwuzj5mYe/G/NIUtAP1vl86LqAI=,yHf4L0IpEpJsMsmMGSNegIiHk8o=
-1,28,Kwuzj5mYe/G/NIUtAP1vl86LqAI=,yHf4L0IpEpJsMsmMGSNegIiHk8o=
-16,29,Kwuzj5mYe/G/NIUtAP1vl86LqAI=,yHf4L0IpEpJsMsmMGSNegIiHk8o=
-15,29,Kwuzj5mYe/G/NIUtAP1vl86LqAI=,yHf4L0IpEpJsMsmMGSNegIiHk8o=
-2,28,Kwuzj5mYe/G/NIUtAP1vl86LqAI=,yHf4L0IpEpJsMsmMGSNegIiHk8o=
-3,28,Kwuzj5mYe/G/NIUtAP1vl86LqAI=,yHf4L0IpEpJsMsmMGSNegIiHk8o=
-4,28,Kwuzj5mYe/G/NIUtAP1vl86LqAI=,yHf4L0IpEpJsMsmMGSNegIiHk8o=
-6,18,Kwuzj5mYe/G/NIUtAP1vl86LqAI=,yHf4L0IpEpJsMsmMGSNegIiHk8o=
-5,28,Kwuzj5mYe/G/NIUtAP1vl86LqAI=,yHf4L0IpEpJsMsmMGSNegIiHk8o=
-6,28,Kwuzj5mYe/G/NIUtAP1vl86LqAI=,yHf4L0IpEpJsMsmMGSNegIiHk8o=
-7,28,Kwuzj5mYe/G/NIUtAP1vl86LqAI=,yHf4L0IpEpJsMsmMGSNegIiHk8o=
-8,28,Kwuzj5mYe/G/NIUtAP1vl86LqAI=,yHf4L0IpEpJsMsmMGSNegIiHk8o=
-9,28,Kwuzj5mYe/G/NIUtAP1vl86LqAI=,yHf4L0IpEpJsMsmMGSNegIiHk8o=
-11,28,Kwuzj5mYe/G/NIUtAP1vl86LqAI=,yHf4L0IpEpJsMsmMGSNegIiHk8o=
-10,28,Kwuzj5mYe/G/NIUtAP1vl86LqAI=,yHf4L0IpEpJsMsmMGSNegIiHk8o=
-12,28,Kwuzj5mYe/G/NIUtAP1vl86LqAI=,yHf4L0IpEpJsMsmMGSNegIiHk8o=
-13,28,Kwuzj5mYe/G/NIUtAP1vl86LqAI=,yHf4L0IpEpJsMsmMGSNegIiHk8o=
-14,28,Kwuzj5mYe/G/NIUtAP1vl86LqAI=,yHf4L0IpEpJsMsmMGSNegIiHk8o=
-15,28,Kwuzj5mYe/G/NIUtAP1vl86LqAI=,yHf4L0IpEpJsMsmMGSNegIiHk8o=
-16,28,Kwuzj5mYe/G/NIUtAP1vl86LqAI=,yHf4L0IpEpJsMsmMGSNegIiHk8o=
-1,27,Kwuzj5mYe/G/NIUtAP1vl86LqAI=,yHf4L0IpEpJsMsmMGSNegIiHk8o=
-2,27,Kwuzj5mYe/G/NIUtAP1vl86LqAI=,yHf4L0IpEpJsMsmMGSNegIiHk8o=
-3,27,Kwuzj5mYe/G/NIUtAP1vl86LqAI=,yHf4L0IpEpJsMsmMGSNegIiHk8o=
-4,27,Kwuzj5mYe/G/NIUtAP1vl86LqAI=,yHf4L0IpEpJsMsmMGSNegIiHk8o=
-5,27,Kwuzj5mYe/G/NIUtAP1vl86LqAI=,yHf4L0IpEpJsMsmMGSNegIiHk8o=
-7,18,Kwuzj5mYe/G/NIUtAP1vl86LqAI=,yHf4L0IpEpJsMsmMGSNegIiHk8o=
-6,27,Kwuzj5mYe/G/NIUtAP1vl86LqAI=,yHf4L0IpEpJsMsmMGSNegIiHk8o=
-7,27,Kwuzj5mYe/G/NIUtAP1vl86LqAI=,yHf4L0IpEpJsMsmMGSNegIiHk8o=
-8,27,Kwuzj5mYe/G/NIUtAP1vl86LqAI=,yHf4L0IpEpJsMsmMGSNegIiHk8o=
-9,27,Kwuzj5mYe/G/NIUtAP1vl86LqAI=,yHf4L0IpEpJsMsmMGSNegIiHk8o=
-10,27,Kwuzj5mYe/G/NIUtAP1vl86LqAI=,yHf4L0IpEpJsMsmMGSNegIiHk8o=
-11,27,Kwuzj5mYe/G/NIUtAP1vl86LqAI=,yHf4L0IpEpJsMsmMGSNegIiHk8o=
-13,27,Kwuzj5mYe/G/NIUtAP1vl86LqAI=,yHf4L0IpEpJsMsmMGSNegIiHk8o=
-14,27,Kwuzj5mYe/G/NIUtAP1vl86LqAI=,yHf4L0IpEpJsMsmMGSNegIiHk8o=
-15,27,Kwuzj5mYe/G/NIUtAP1vl86LqAI=,yHf4L0IpEpJsMsmMGSNegIiHk8o=
-12,27,Kwuzj5mYe/G/NIUtAP1vl86LqAI=,yHf4L0IpEpJsMsmMGSNegIiHk8o=
-16,27,Kwuzj5mYe/G/NIUtAP1vl86LqAI=,yHf4L0IpEpJsMsmMGSNegIiHk8o=
-1,26,Kwuzj5mYe/G/NIUtAP1vl86LqAI=,yHf4L0IpEpJsMsmMGSNegIiHk8o=
-2,26,Kwuzj5mYe/G/NIUtAP1vl86LqAI=,yHf4L0IpEpJsMsmMGSNegIiHk8o=
-3,26,Kwuzj5mYe/G/NIUtAP1vl86LqAI=,yHf4L0IpEpJsMsmMGSNegIiHk8o=
-4,26,Kwuzj5mYe/G/NIUtAP1vl86LqAI=,yHf4L0IpEpJsMsmMGSNegIiHk8o=
-5,26,Kwuzj5mYe/G/NIUtAP1vl86LqAI=,yHf4L0IpEpJsMsmMGSNegIiHk8o=
-6,26,Kwuzj5mYe/G/NIUtAP1vl86LqAI=,yHf4L0IpEpJsMsmMGSNegIiHk8o=
-8,18,Kwuzj5mYe/G/NIUtAP1vl86LqAI=,yHf4L0IpEpJsMsmMGSNegIiHk8o=
-7,26,Kwuzj5mYe/G/NIUtAP1vl86LqAI=,yHf4L0IpEpJsMsmMGSNegIiHk8o=
-8,26,Kwuzj5mYe/G/NIUtAP1vl86LqAI=,yHf4L0IpEpJsMsmMGSNegIiHk8o=
-9,26,Kwuzj5mYe/G/NIUtAP1vl86LqAI=,yHf4L0IpEpJsMsmMGSNegIiHk8o=
-10,26,Kwuzj5mYe/G/NIUtAP1vl86LqAI=,yHf4L0IpEpJsMsmMGSNegIiHk8o=
-11,26,Kwuzj5mYe/G/NIUtAP1vl86LqAI=,yHf4L0IpEpJsMsmMGSNegIiHk8o=
-12,26,Kwuzj5mYe/G/NIUtAP1vl86LqAI=,yHf4L0IpEpJsMsmMGSNegIiHk8o=
-13,26,Kwuzj5mYe/G/NIUtAP1vl86LqAI=,yHf4L0IpEpJsMsmMGSNegIiHk8o=
-14,26,Kwuzj5mYe/G/NIUtAP1vl86LqAI=,yHf4L0IpEpJsMsmMGSNegIiHk8o=
-15,26,Kwuzj5mYe/G/NIUtAP1vl86LqAI=,yHf4L0IpEpJsMsmMGSNegIiHk8o=
-16,26,Kwuzj5mYe/G/NIUtAP1vl86LqAI=,yHf4L0IpEpJsMsmMGSNegIiHk8o=
-1,25,Kwuzj5mYe/G/NIUtAP1vl86LqAI=,yHf4L0IpEpJsMsmMGSNegIiHk8o=
-3,25,Kwuzj5mYe/G/NIUtAP1vl86LqAI=,yHf4L0IpEpJsMsmMGSNegIiHk8o=
-2,25,Kwuzj5mYe/G/NIUtAP1vl86LqAI=,yHf4L0IpEpJsMsmMGSNegIiHk8o=
-4,25,Kwuzj5mYe/G/NIUtAP1vl86LqAI=,yHf4L0IpEpJsMsmMGSNegIiHk8o=
-5,25,Kwuzj5mYe/G/NIUtAP1vl86LqAI=,yHf4L0IpEpJsMsmMGSNegIiHk8o=
-6,25,Kwuzj5mYe/G/NIUtAP1vl86LqAI=,yHf4L0IpEpJsMsmMGSNegIiHk8o=
-5,16,Kwuzj5mYe/G/NIUtAP1vl86LqAI=,yHf4L0IpEpJsMsmMGSNegIiHk8o=
-7,25,Kwuzj5mYe/G/NIUtAP1vl86LqAI=,yHf4L0IpEpJsMsmMGSNegIiHk8o=
-9,18,Kwuzj5mYe/G/NIUtAP1vl86LqAI=,yHf4L0IpEpJsMsmMGSNegIiHk8o=
-8,25,Kwuzj5mYe/G/NIUtAP1vl86LqAI=,yHf4L0IpEpJsMsmMGSNegIiHk8o=
-9,25,Kwuzj5mYe/G/NIUtAP1vl86LqAI=,yHf4L0IpEpJsMsmMGSNegIiHk8o=
-11,25,Kwuzj5mYe/G/NIUtAP1vl86LqAI=,yHf4L0IpEpJsMsmMGSNegIiHk8o=
-10,25,Kwuzj5mYe/G/NIUtAP1vl86LqAI=,yHf4L0IpEpJsMsmMGSNegIiHk8o=
-12,25,Kwuzj5mYe/G/NIUtAP1vl86LqAI=,yHf4L0IpEpJsMsmMGSNegIiHk8o=
-13,25,Kwuzj5mYe/G/NIUtAP1vl86LqAI=,yHf4L0IpEpJsMsmMGSNegIiHk8o=
-14,25,Kwuzj5mYe/G/NIUtAP1vl86LqAI=,yHf4L0IpEpJsMsmMGSNegIiHk8o=
-15,25,Kwuzj5mYe/G/NIUtAP1vl86LqAI=,yHf4L0IpEpJsMsmMGSNegIiHk8o=
-16,25,Kwuzj5mYe/G/NIUtAP1vl86LqAI=,yHf4L0IpEpJsMsmMGSNegIiHk8o=
-1,24,Kwuzj5mYe/G/NIUtAP1vl86LqAI=,yHf4L0IpEpJsMsmMGSNegIiHk8o=
-2,24,Kwuzj5mYe/G/NIUtAP1vl86LqAI=,yHf4L0IpEpJsMsmMGSNegIiHk8o=
-3,24,Kwuzj5mYe/G/NIUtAP1vl86LqAI=,yHf4L0IpEpJsMsmMGSNegIiHk8o=
-4,24,Kwuzj5mYe/G/NIUtAP1vl86LqAI=,yHf4L0IpEpJsMsmMGSNegIiHk8o=
-5,24,Kwuzj5mYe/G/NIUtAP1vl86LqAI=,yHf4L0IpEpJsMsmMGSNegIiHk8o=
-6,24,Kwuzj5mYe/G/NIUtAP1vl86LqAI=,yHf4L0IpEpJsMsmMGSNegIiHk8o=
-7,24,Kwuzj5mYe/G/NIUtAP1vl86LqAI=,yHf4L0IpEpJsMsmMGSNegIiHk8o=
-6,16,Kwuzj5mYe/G/NIUtAP1vl86LqAI=,yHf4L0IpEpJsMsmMGSNegIiHk8o=
-8,24,Kwuzj5mYe/G/NIUtAP1vl86LqAI=,yHf4L0IpEpJsMsmMGSNegIiHk8o=
-10,18,Kwuzj5mYe/G/NIUtAP1vl86LqAI=,yHf4L0IpEpJsMsmMGSNegIiHk8o=
-9,24,Kwuzj5mYe/G/NIUtAP1vl86LqAI=,yHf4L0IpEpJsMsmMGSNegIiHk8o=
-10,24,Kwuzj5mYe/G/NIUtAP1vl86LqAI=,yHf4L0IpEpJsMsmMGSNegIiHk8o=
-11,24,Kwuzj5mYe/G/NIUtAP1vl86LqAI=,yHf4L0IpEpJsMsmMGSNegIiHk8o=
-12,24,Kwuzj5mYe/G/NIUtAP1vl86LqAI=,yHf4L0IpEpJsMsmMGSNegIiHk8o=
-13,24,Kwuzj5mYe/G/NIUtAP1vl86LqAI=,yHf4L0IpEpJsMsmMGSNegIiHk8o=
-14,24,Kwuzj5mYe/G/NIUtAP1vl86LqAI=,yHf4L0IpEpJsMsmMGSNegIiHk8o=
-15,24,Kwuzj5mYe/G/NIUtAP1vl86LqAI=,yHf4L0IpEpJsMsmMGSNegIiHk8o=
-16,24,Kwuzj5mYe/G/NIUtAP1vl86LqAI=,yHf4L0IpEpJsMsmMGSNegIiHk8o=
-1,23,Kwuzj5mYe/G/NIUtAP1vl86LqAI=,yHf4L0IpEpJsMsmMGSNegIiHk8o=
-2,23,Kwuzj5mYe/G/NIUtAP1vl86LqAI=,yHf4L0IpEpJsMsmMGSNegIiHk8o=
-3,23,Kwuzj5mYe/G/NIUtAP1vl86LqAI=,yHf4L0IpEpJsMsmMGSNegIiHk8o=
-4,23,Kwuzj5mYe/G/NIUtAP1vl86LqAI=,yHf4L0IpEpJsMsmMGSNegIiHk8o=
-5,23,Kwuzj5mYe/G/NIUtAP1vl86LqAI=,yHf4L0IpEpJsMsmMGSNegIiHk8o=
-6,23,Kwuzj5mYe/G/NIUtAP1vl86LqAI=,yHf4L0IpEpJsMsmMGSNegIiHk8o=
-7,23,Kwuzj5mYe/G/NIUtAP1vl86LqAI=,yHf4L0IpEpJsMsmMGSNegIiHk8o=
-8,23,Kwuzj5mYe/G/NIUtAP1vl86LqAI=,yHf4L0IpEpJsMsmMGSNegIiHk8o=
-7,16,Kwuzj5mYe/G/NIUtAP1vl86LqAI=,yHf4L0IpEpJsMsmMGSNegIiHk8o=
-9,23,Kwuzj5mYe/G/NIUtAP1vl86LqAI=,yHf4L0IpEpJsMsmMGSNegIiHk8o=
-11,18,Kwuzj5mYe/G/NIUtAP1vl86LqAI=,yHf4L0IpEpJsMsmMGSNegIiHk8o=
-10,23,Kwuzj5mYe/G/NIUtAP1vl86LqAI=,yHf4L0IpEpJsMsmMGSNegIiHk8o=
-11,23,Kwuzj5mYe/G/NIUtAP1vl86LqAI=,yHf4L0IpEpJsMsmMGSNegIiHk8o=
-12,23,Kwuzj5mYe/G/NIUtAP1vl86LqAI=,yHf4L0IpEpJsMsmMGSNegIiHk8o=
-13,23,Kwuzj5mYe/G/NIUtAP1vl86LqAI=,yHf4L0IpEpJsMsmMGSNegIiHk8o=
-14,23,Kwuzj5mYe/G/NIUtAP1vl86LqAI=,yHf4L0IpEpJsMsmMGSNegIiHk8o=
-15,23,Kwuzj5mYe/G/NIUtAP1vl86LqAI=,yHf4L0IpEpJsMsmMGSNegIiHk8o=
-16,23,Kwuzj5mYe/G/NIUtAP1vl86LqAI=,yHf4L0IpEpJsMsmMGSNegIiHk8o=
-1,22,Kwuzj5mYe/G/NIUtAP1vl86LqAI=,yHf4L0IpEpJsMsmMGSNegIiHk8o=
-2,22,Kwuzj5mYe/G/NIUtAP1vl86LqAI=,yHf4L0IpEpJsMsmMGSNegIiHk8o=
-3,22,Kwuzj5mYe/G/NIUtAP1vl86LqAI=,yHf4L0IpEpJsMsmMGSNegIiHk8o=
-4,22,Kwuzj5mYe/G/NIUtAP1vl86LqAI=,yHf4L0IpEpJsMsmMGSNegIiHk8o=
-1,16,Kwuzj5mYe/G/NIUtAP1vl86LqAI=,yHf4L0IpEpJsMsmMGSNegIiHk8o=
-5,22,Kwuzj5mYe/G/NIUtAP1vl86LqAI=,yHf4L0IpEpJsMsmMGSNegIiHk8o=
-2,16,Kwuzj5mYe/G/NIUtAP1vl86LqAI=,yHf4L0IpEpJsMsmMGSNegIiHk8o=
-6,22,Kwuzj5mYe/G/NIUtAP1vl86LqAI=,yHf4L0IpEpJsMsmMGSNegIiHk8o=
-7,22,Kwuzj5mYe/G/NIUtAP1vl86LqAI=,yHf4L0IpEpJsMsmMGSNegIiHk8o=
-8,22,Kwuzj5mYe/G/NIUtAP1vl86LqAI=,yHf4L0IpEpJsMsmMGSNegIiHk8o=
-9,22,Kwuzj5mYe/G/NIUtAP1vl86LqAI=,yHf4L0IpEpJsMsmMGSNegIiHk8o=
-10,22,Kwuzj5mYe/G/NIUtAP1vl86LqAI=,yHf4L0IpEpJsMsmMGSNegIiHk8o=
-8,16,Kwuzj5mYe/G/NIUtAP1vl86LqAI=,yHf4L0IpEpJsMsmMGSNegIiHk8o=
-3,16,Kwuzj5mYe/G/NIUtAP1vl86LqAI=,yHf4L0IpEpJsMsmMGSNegIiHk8o=
-11,22,Kwuzj5mYe/G/NIUtAP1vl86LqAI=,yHf4L0IpEpJsMsmMGSNegIiHk8o=
-12,18,Kwuzj5mYe/G/NIUtAP1vl86LqAI=,yHf4L0IpEpJsMsmMGSNegIiHk8o=
-14,22,Kwuzj5mYe/G/NIUtAP1vl86LqAI=,yHf4L0IpEpJsMsmMGSNegIiHk8o=
-12,22,Kwuzj5mYe/G/NIUtAP1vl86LqAI=,yHf4L0IpEpJsMsmMGSNegIiHk8o=
-15,22,Kwuzj5mYe/G/NIUtAP1vl86LqAI=,yHf4L0IpEpJsMsmMGSNegIiHk8o=
-13,22,Kwuzj5mYe/G/NIUtAP1vl86LqAI=,yHf4L0IpEpJsMsmMGSNegIiHk8o=
-16,22,Kwuzj5mYe/G/NIUtAP1vl86LqAI=,yHf4L0IpEpJsMsmMGSNegIiHk8o=
-1,21,Kwuzj5mYe/G/NIUtAP1vl86LqAI=,yHf4L0IpEpJsMsmMGSNegIiHk8o=
-2,21,Kwuzj5mYe/G/NIUtAP1vl86LqAI=,yHf4L0IpEpJsMsmMGSNegIiHk8o=
-3,21,Kwuzj5mYe/G/NIUtAP1vl86LqAI=,yHf4L0IpEpJsMsmMGSNegIiHk8o=
-4,21,Kwuzj5mYe/G/NIUtAP1vl86LqAI=,yHf4L0IpEpJsMsmMGSNegIiHk8o=
-5,21,Kwuzj5mYe/G/NIUtAP1vl86LqAI=,yHf4L0IpEpJsMsmMGSNegIiHk8o=
-7,21,Kwuzj5mYe/G/NIUtAP1vl86LqAI=,yHf4L0IpEpJsMsmMGSNegIiHk8o=
-6,21,Kwuzj5mYe/G/NIUtAP1vl86LqAI=,yHf4L0IpEpJsMsmMGSNegIiHk8o=
-8,21,Kwuzj5mYe/G/NIUtAP1vl86LqAI=,yHf4L0IpEpJsMsmMGSNegIiHk8o=
-9,21,Kwuzj5mYe/G/NIUtAP1vl86LqAI=,yHf4L0IpEpJsMsmMGSNegIiHk8o=
-10,21,Kwuzj5mYe/G/NIUtAP1vl86LqAI=,yHf4L0IpEpJsMsmMGSNegIiHk8o=
-11,21,Kwuzj5mYe/G/NIUtAP1vl86LqAI=,yHf4L0IpEpJsMsmMGSNegIiHk8o=
-9,16,Kwuzj5mYe/G/NIUtAP1vl86LqAI=,yHf4L0IpEpJsMsmMGSNegIiHk8o=
-13,18,Kwuzj5mYe/G/NIUtAP1vl86LqAI=,yHf4L0IpEpJsMsmMGSNegIiHk8o=
-12,21,Kwuzj5mYe/G/NIUtAP1vl86LqAI=,yHf4L0IpEpJsMsmMGSNegIiHk8o=
-14,21,Kwuzj5mYe/G/NIUtAP1vl86LqAI=,yHf4L0IpEpJsMsmMGSNegIiHk8o=
-13,21,Kwuzj5mYe/G/NIUtAP1vl86LqAI=,yHf4L0IpEpJsMsmMGSNegIiHk8o=
-15,21,Kwuzj5mYe/G/NIUtAP1vl86LqAI=,yHf4L0IpEpJsMsmMGSNegIiHk8o=
-16,21,Kwuzj5mYe/G/NIUtAP1vl86LqAI=,yHf4L0IpEpJsMsmMGSNegIiHk8o=
-1,20,Kwuzj5mYe/G/NIUtAP1vl86LqAI=,yHf4L0IpEpJsMsmMGSNegIiHk8o=
-10,16,Kwuzj5mYe/G/NIUtAP1vl86LqAI=,yHf4L0IpEpJsMsmMGSNegIiHk8o=
-2,20,Kwuzj5mYe/G/NIUtAP1vl86LqAI=,yHf4L0IpEpJsMsmMGSNegIiHk8o=
-3,20,Kwuzj5mYe/G/NIUtAP1vl86LqAI=,yHf4L0IpEpJsMsmMGSNegIiHk8o=
-4,20,Kwuzj5mYe/G/NIUtAP1vl86LqAI=,yHf4L0IpEpJsMsmMGSNegIiHk8o=
-5,20,Kwuzj5mYe/G/NIUtAP1vl86LqAI=,yHf4L0IpEpJsMsmMGSNegIiHk8o=
-6,20,Kwuzj5mYe/G/NIUtAP1vl86LqAI=,yHf4L0IpEpJsMsmMGSNegIiHk8o=
-7,20,Kwuzj5mYe/G/NIUtAP1vl86LqAI=,yHf4L0IpEpJsMsmMGSNegIiHk8o=
-8,20,Kwuzj5mYe/G/NIUtAP1vl86LqAI=,yHf4L0IpEpJsMsmMGSNegIiHk8o=
-9,20,Kwuzj5mYe/G/NIUtAP1vl86LqAI=,yHf4L0IpEpJsMsmMGSNegIiHk8o=
-10,20,Kwuzj5mYe/G/NIUtAP1vl86LqAI=,yHf4L0IpEpJsMsmMGSNegIiHk8o=
-11,16,Kwuzj5mYe/G/NIUtAP1vl86LqAI=,yHf4L0IpEpJsMsmMGSNegIiHk8o=
-12,20,Kwuzj5mYe/G/NIUtAP1vl86LqAI=,yHf4L0IpEpJsMsmMGSNegIiHk8o=
-11,20,Kwuzj5mYe/G/NIUtAP1vl86LqAI=,yHf4L0IpEpJsMsmMGSNegIiHk8o=
-14,18,Kwuzj5mYe/G/NIUtAP1vl86LqAI=,yHf4L0IpEpJsMsmMGSNegIiHk8o=
-14,20,Kwuzj5mYe/G/NIUtAP1vl86LqAI=,yHf4L0IpEpJsMsmMGSNegIiHk8o=
-15,20,Kwuzj5mYe/G/NIUtAP1vl86LqAI=,yHf4L0IpEpJsMsmMGSNegIiHk8o=
-16,20,Kwuzj5mYe/G/NIUtAP1vl86LqAI=,yHf4L0IpEpJsMsmMGSNegIiHk8o=
-15,18,Kwuzj5mYe/G/NIUtAP1vl86LqAI=,yHf4L0IpEpJsMsmMGSNegIiHk8o=
-2,19,Kwuzj5mYe/G/NIUtAP1vl86LqAI=,yHf4L0IpEpJsMsmMGSNegIiHk8o=
-13,20,Kwuzj5mYe/G/NIUtAP1vl86LqAI=,yHf4L0IpEpJsMsmMGSNegIiHk8o=
-1,19,Kwuzj5mYe/G/NIUtAP1vl86LqAI=,yHf4L0IpEpJsMsmMGSNegIiHk8o=
-3,19,Kwuzj5mYe/G/NIUtAP1vl86LqAI=,yHf4L0IpEpJsMsmMGSNegIiHk8o=
-4,19,Kwuzj5mYe/G/NIUtAP1vl86LqAI=,yHf4L0IpEpJsMsmMGSNegIiHk8o=
-5,19,Kwuzj5mYe/G/NIUtAP1vl86LqAI=,yHf4L0IpEpJsMsmMGSNegIiHk8o=
-6,19,Kwuzj5mYe/G/NIUtAP1vl86LqAI=,yHf4L0IpEpJsMsmMGSNegIiHk8o=
-7,19,Kwuzj5mYe/G/NIUtAP1vl86LqAI=,yHf4L0IpEpJsMsmMGSNegIiHk8o=
-9,19,Kwuzj5mYe/G/NIUtAP1vl86LqAI=,yHf4L0IpEpJsMsmMGSNegIiHk8o=
-8,19,Kwuzj5mYe/G/NIUtAP1vl86LqAI=,yHf4L0IpEpJsMsmMGSNegIiHk8o=
-10,19,Kwuzj5mYe/G/NIUtAP1vl86LqAI=,yHf4L0IpEpJsMsmMGSNegIiHk8o=
-12,19,Kwuzj5mYe/G/NIUtAP1vl86LqAI=,yHf4L0IpEpJsMsmMGSNegIiHk8o=
-13,19,Kwuzj5mYe/G/NIUtAP1vl86LqAI=,yHf4L0IpEpJsMsmMGSNegIiHk8o=
-11,19,Kwuzj5mYe/G/NIUtAP1vl86LqAI=,yHf4L0IpEpJsMsmMGSNegIiHk8o=
-12,16,Kwuzj5mYe/G/NIUtAP1vl86LqAI=,yHf4L0IpEpJsMsmMGSNegIiHk8o=
-16,18,Kwuzj5mYe/G/NIUtAP1vl86LqAI=,yHf4L0IpEpJsMsmMGSNegIiHk8o=
-14,19,Kwuzj5mYe/G/NIUtAP1vl86LqAI=,yHf4L0IpEpJsMsmMGSNegIiHk8o=
-15,19,Kwuzj5mYe/G/NIUtAP1vl86LqAI=,yHf4L0IpEpJsMsmMGSNegIiHk8o=
-16,19,Kwuzj5mYe/G/NIUtAP1vl86LqAI=,yHf4L0IpEpJsMsmMGSNegIiHk8o=
-1,18,Kwuzj5mYe/G/NIUtAP1vl86LqAI=,yHf4L0IpEpJsMsmMGSNegIiHk8o=
-2,18,Kwuzj5mYe/G/NIUtAP1vl86LqAI=,yHf4L0IpEpJsMsmMGSNegIiHk8o=
-4,16,Kwuzj5mYe/G/NIUtAP1vl86LqAI=,yHf4L0IpEpJsMsmMGSNegIiHk8o=
-13,0,qzbM9xfXkIJM8Em9z5HclQr+/bg=,D7SfNRoSv8PUUiWOTBIi2UmOynU=
-16,0,qzbM9xfXkIJM8Em9z5HclQr+/bg=,D7SfNRoSv8PUUiWOTBIi2UmOynU=
-1,15,qzbM9xfXkIJM8Em9z5HclQr+/bg=,D7SfNRoSv8PUUiWOTBIi2UmOynU=
-3,2,qzbM9xfXkIJM8Em9z5HclQr+/bg=,D7SfNRoSv8PUUiWOTBIi2UmOynU=
-2,2,qzbM9xfXkIJM8Em9z5HclQr+/bg=,D7SfNRoSv8PUUiWOTBIi2UmOynU=
-2,15,qzbM9xfXkIJM8Em9z5HclQr+/bg=,D7SfNRoSv8PUUiWOTBIi2UmOynU=
-3,15,qzbM9xfXkIJM8Em9z5HclQr+/bg=,D7SfNRoSv8PUUiWOTBIi2UmOynU=
-1,2,qzbM9xfXkIJM8Em9z5HclQr+/bg=,D7SfNRoSv8PUUiWOTBIi2UmOynU=
-16,3,qzbM9xfXkIJM8Em9z5HclQr+/bg=,D7SfNRoSv8PUUiWOTBIi2UmOynU=
-14,3,qzbM9xfXkIJM8Em9z5HclQr+/bg=,D7SfNRoSv8PUUiWOTBIi2UmOynU=
-15,3,qzbM9xfXkIJM8Em9z5HclQr+/bg=,D7SfNRoSv8PUUiWOTBIi2UmOynU=
-12,3,qzbM9xfXkIJM8Em9z5HclQr+/bg=,D7SfNRoSv8PUUiWOTBIi2UmOynU=
-13,3,qzbM9xfXkIJM8Em9z5HclQr+/bg=,D7SfNRoSv8PUUiWOTBIi2UmOynU=
-16,2,qzbM9xfXkIJM8Em9z5HclQr+/bg=,D7SfNRoSv8PUUiWOTBIi2UmOynU=
-12,0,qzbM9xfXkIJM8Em9z5HclQr+/bg=,D7SfNRoSv8PUUiWOTBIi2UmOynU=
-4,15,qzbM9xfXkIJM8Em9z5HclQr+/bg=,D7SfNRoSv8PUUiWOTBIi2UmOynU=
-1,1,qzbM9xfXkIJM8Em9z5HclQr+/bg=,D7SfNRoSv8PUUiWOTBIi2UmOynU=
-2,1,qzbM9xfXkIJM8Em9z5HclQr+/bg=,D7SfNRoSv8PUUiWOTBIi2UmOynU=
-3,1,qzbM9xfXkIJM8Em9z5HclQr+/bg=,D7SfNRoSv8PUUiWOTBIi2UmOynU=
-5,1,qzbM9xfXkIJM8Em9z5HclQr+/bg=,D7SfNRoSv8PUUiWOTBIi2UmOynU=
-4,1,qzbM9xfXkIJM8Em9z5HclQr+/bg=,D7SfNRoSv8PUUiWOTBIi2UmOynU=
-11,3,qzbM9xfXkIJM8Em9z5HclQr+/bg=,D7SfNRoSv8PUUiWOTBIi2UmOynU=
-10,3,qzbM9xfXkIJM8Em9z5HclQr+/bg=,D7SfNRoSv8PUUiWOTBIi2UmOynU=
-5,15,qzbM9xfXkIJM8Em9z5HclQr+/bg=,D7SfNRoSv8PUUiWOTBIi2UmOynU=
-7,15,qzbM9xfXkIJM8Em9z5HclQr+/bg=,D7SfNRoSv8PUUiWOTBIi2UmOynU=
-8,15,qzbM9xfXkIJM8Em9z5HclQr+/bg=,D7SfNRoSv8PUUiWOTBIi2UmOynU=
-6,15,qzbM9xfXkIJM8Em9z5HclQr+/bg=,D7SfNRoSv8PUUiWOTBIi2UmOynU=
-6,1,qzbM9xfXkIJM8Em9z5HclQr+/bg=,D7SfNRoSv8PUUiWOTBIi2UmOynU=
-9,15,qzbM9xfXkIJM8Em9z5HclQr+/bg=,D7SfNRoSv8PUUiWOTBIi2UmOynU=
-7,1,qzbM9xfXkIJM8Em9z5HclQr+/bg=,D7SfNRoSv8PUUiWOTBIi2UmOynU=
-10,15,qzbM9xfXkIJM8Em9z5HclQr+/bg=,D7SfNRoSv8PUUiWOTBIi2UmOynU=
-11,15,qzbM9xfXkIJM8Em9z5HclQr+/bg=,D7SfNRoSv8PUUiWOTBIi2UmOynU=
-8,1,qzbM9xfXkIJM8Em9z5HclQr+/bg=,D7SfNRoSv8PUUiWOTBIi2UmOynU=
-12,15,qzbM9xfXkIJM8Em9z5HclQr+/bg=,D7SfNRoSv8PUUiWOTBIi2UmOynU=
-13,15,qzbM9xfXkIJM8Em9z5HclQr+/bg=,D7SfNRoSv8PUUiWOTBIi2UmOynU=
-9,1,qzbM9xfXkIJM8Em9z5HclQr+/bg=,D7SfNRoSv8PUUiWOTBIi2UmOynU=
-14,15,qzbM9xfXkIJM8Em9z5HclQr+/bg=,D7SfNRoSv8PUUiWOTBIi2UmOynU=
-15,1,qzbM9xfXkIJM8Em9z5HclQr+/bg=,D7SfNRoSv8PUUiWOTBIi2UmOynU=
-15,15,qzbM9xfXkIJM8Em9z5HclQr+/bg=,D7SfNRoSv8PUUiWOTBIi2UmOynU=
-9,3,qzbM9xfXkIJM8Em9z5HclQr+/bg=,D7SfNRoSv8PUUiWOTBIi2UmOynU=
-10,1,qzbM9xfXkIJM8Em9z5HclQr+/bg=,D7SfNRoSv8PUUiWOTBIi2UmOynU=
-12,1,qzbM9xfXkIJM8Em9z5HclQr+/bg=,D7SfNRoSv8PUUiWOTBIi2UmOynU=
-16,15,qzbM9xfXkIJM8Em9z5HclQr+/bg=,D7SfNRoSv8PUUiWOTBIi2UmOynU=
-14,1,qzbM9xfXkIJM8Em9z5HclQr+/bg=,D7SfNRoSv8PUUiWOTBIi2UmOynU=
-13,1,qzbM9xfXkIJM8Em9z5HclQr+/bg=,D7SfNRoSv8PUUiWOTBIi2UmOynU=
-14,0,qzbM9xfXkIJM8Em9z5HclQr+/bg=,D7SfNRoSv8PUUiWOTBIi2UmOynU=
-8,3,qzbM9xfXkIJM8Em9z5HclQr+/bg=,D7SfNRoSv8PUUiWOTBIi2UmOynU=
-1,14,qzbM9xfXkIJM8Em9z5HclQr+/bg=,D7SfNRoSv8PUUiWOTBIi2UmOynU=
-2,14,qzbM9xfXkIJM8Em9z5HclQr+/bg=,D7SfNRoSv8PUUiWOTBIi2UmOynU=
-7,3,qzbM9xfXkIJM8Em9z5HclQr+/bg=,D7SfNRoSv8PUUiWOTBIi2UmOynU=
-4,2,qzbM9xfXkIJM8Em9z5HclQr+/bg=,D7SfNRoSv8PUUiWOTBIi2UmOynU=
-5,14,qzbM9xfXkIJM8Em9z5HclQr+/bg=,D7SfNRoSv8PUUiWOTBIi2UmOynU=
-6,14,qzbM9xfXkIJM8Em9z5HclQr+/bg=,D7SfNRoSv8PUUiWOTBIi2UmOynU=
-7,14,qzbM9xfXkIJM8Em9z5HclQr+/bg=,D7SfNRoSv8PUUiWOTBIi2UmOynU=
-8,14,qzbM9xfXkIJM8Em9z5HclQr+/bg=,D7SfNRoSv8PUUiWOTBIi2UmOynU=
-11,14,qzbM9xfXkIJM8Em9z5HclQr+/bg=,D7SfNRoSv8PUUiWOTBIi2UmOynU=
-9,14,qzbM9xfXkIJM8Em9z5HclQr+/bg=,D7SfNRoSv8PUUiWOTBIi2UmOynU=
-10,14,qzbM9xfXkIJM8Em9z5HclQr+/bg=,D7SfNRoSv8PUUiWOTBIi2UmOynU=
-12,14,qzbM9xfXkIJM8Em9z5HclQr+/bg=,D7SfNRoSv8PUUiWOTBIi2UmOynU=
-13,14,qzbM9xfXkIJM8Em9z5HclQr+/bg=,D7SfNRoSv8PUUiWOTBIi2UmOynU=
-14,14,qzbM9xfXkIJM8Em9z5HclQr+/bg=,D7SfNRoSv8PUUiWOTBIi2UmOynU=
-15,14,qzbM9xfXkIJM8Em9z5HclQr+/bg=,D7SfNRoSv8PUUiWOTBIi2UmOynU=
-3,14,qzbM9xfXkIJM8Em9z5HclQr+/bg=,D7SfNRoSv8PUUiWOTBIi2UmOynU=
-16,14,qzbM9xfXkIJM8Em9z5HclQr+/bg=,D7SfNRoSv8PUUiWOTBIi2UmOynU=
-16,1,qzbM9xfXkIJM8Em9z5HclQr+/bg=,D7SfNRoSv8PUUiWOTBIi2UmOynU=
-11,1,qzbM9xfXkIJM8Em9z5HclQr+/bg=,D7SfNRoSv8PUUiWOTBIi2UmOynU=
-4,14,qzbM9xfXkIJM8Em9z5HclQr+/bg=,D7SfNRoSv8PUUiWOTBIi2UmOynU=
-6,3,qzbM9xfXkIJM8Em9z5HclQr+/bg=,D7SfNRoSv8PUUiWOTBIi2UmOynU=
-3,13,qzbM9xfXkIJM8Em9z5HclQr+/bg=,D7SfNRoSv8PUUiWOTBIi2UmOynU=
-5,13,qzbM9xfXkIJM8Em9z5HclQr+/bg=,D7SfNRoSv8PUUiWOTBIi2UmOynU=
-6,13,qzbM9xfXkIJM8Em9z5HclQr+/bg=,D7SfNRoSv8PUUiWOTBIi2UmOynU=
-7,13,qzbM9xfXkIJM8Em9z5HclQr+/bg=,D7SfNRoSv8PUUiWOTBIi2UmOynU=
-2,13,qzbM9xfXkIJM8Em9z5HclQr+/bg=,D7SfNRoSv8PUUiWOTBIi2UmOynU=
-1,13,qzbM9xfXkIJM8Em9z5HclQr+/bg=,D7SfNRoSv8PUUiWOTBIi2UmOynU=
-8,13,qzbM9xfXkIJM8Em9z5HclQr+/bg=,D7SfNRoSv8PUUiWOTBIi2UmOynU=
-9,13,qzbM9xfXkIJM8Em9z5HclQr+/bg=,D7SfNRoSv8PUUiWOTBIi2UmOynU=
-11,13,qzbM9xfXkIJM8Em9z5HclQr+/bg=,D7SfNRoSv8PUUiWOTBIi2UmOynU=
-13,13,qzbM9xfXkIJM8Em9z5HclQr+/bg=,D7SfNRoSv8PUUiWOTBIi2UmOynU=
-10,13,qzbM9xfXkIJM8Em9z5HclQr+/bg=,D7SfNRoSv8PUUiWOTBIi2UmOynU=
-12,13,qzbM9xfXkIJM8Em9z5HclQr+/bg=,D7SfNRoSv8PUUiWOTBIi2UmOynU=
-14,13,qzbM9xfXkIJM8Em9z5HclQr+/bg=,D7SfNRoSv8PUUiWOTBIi2UmOynU=
-15,13,qzbM9xfXkIJM8Em9z5HclQr+/bg=,D7SfNRoSv8PUUiWOTBIi2UmOynU=
-16,13,qzbM9xfXkIJM8Em9z5HclQr+/bg=,D7SfNRoSv8PUUiWOTBIi2UmOynU=
-15,0,qzbM9xfXkIJM8Em9z5HclQr+/bg=,D7SfNRoSv8PUUiWOTBIi2UmOynU=
-5,2,qzbM9xfXkIJM8Em9z5HclQr+/bg=,D7SfNRoSv8PUUiWOTBIi2UmOynU=
-1,0,qzbM9xfXkIJM8Em9z5HclQr+/bg=,D7SfNRoSv8PUUiWOTBIi2UmOynU=
-5,3,qzbM9xfXkIJM8Em9z5HclQr+/bg=,D7SfNRoSv8PUUiWOTBIi2UmOynU=
-4,13,qzbM9xfXkIJM8Em9z5HclQr+/bg=,D7SfNRoSv8PUUiWOTBIi2UmOynU=
-2,12,qzbM9xfXkIJM8Em9z5HclQr+/bg=,D7SfNRoSv8PUUiWOTBIi2UmOynU=
-5,12,qzbM9xfXkIJM8Em9z5HclQr+/bg=,D7SfNRoSv8PUUiWOTBIi2UmOynU=
-6,12,qzbM9xfXkIJM8Em9z5HclQr+/bg=,D7SfNRoSv8PUUiWOTBIi2UmOynU=
-1,12,qzbM9xfXkIJM8Em9z5HclQr+/bg=,D7SfNRoSv8PUUiWOTBIi2UmOynU=
-7,12,qzbM9xfXkIJM8Em9z5HclQr+/bg=,D7SfNRoSv8PUUiWOTBIi2UmOynU=
-8,12,qzbM9xfXkIJM8Em9z5HclQr+/bg=,D7SfNRoSv8PUUiWOTBIi2UmOynU=
-3,12,qzbM9xfXkIJM8Em9z5HclQr+/bg=,D7SfNRoSv8PUUiWOTBIi2UmOynU=
-9,12,qzbM9xfXkIJM8Em9z5HclQr+/bg=,D7SfNRoSv8PUUiWOTBIi2UmOynU=
-10,12,qzbM9xfXkIJM8Em9z5HclQr+/bg=,D7SfNRoSv8PUUiWOTBIi2UmOynU=
-11,12,qzbM9xfXkIJM8Em9z5HclQr+/bg=,D7SfNRoSv8PUUiWOTBIi2UmOynU=
-12,12,qzbM9xfXkIJM8Em9z5HclQr+/bg=,D7SfNRoSv8PUUiWOTBIi2UmOynU=
-13,12,qzbM9xfXkIJM8Em9z5HclQr+/bg=,D7SfNRoSv8PUUiWOTBIi2UmOynU=
-14,12,qzbM9xfXkIJM8Em9z5HclQr+/bg=,D7SfNRoSv8PUUiWOTBIi2UmOynU=
-15,12,qzbM9xfXkIJM8Em9z5HclQr+/bg=,D7SfNRoSv8PUUiWOTBIi2UmOynU=
-16,12,qzbM9xfXkIJM8Em9z5HclQr+/bg=,D7SfNRoSv8PUUiWOTBIi2UmOynU=
-2,0,qzbM9xfXkIJM8Em9z5HclQr+/bg=,D7SfNRoSv8PUUiWOTBIi2UmOynU=
-6,2,qzbM9xfXkIJM8Em9z5HclQr+/bg=,D7SfNRoSv8PUUiWOTBIi2UmOynU=
-5,11,qzbM9xfXkIJM8Em9z5HclQr+/bg=,D7SfNRoSv8PUUiWOTBIi2UmOynU=
-4,12,qzbM9xfXkIJM8Em9z5HclQr+/bg=,D7SfNRoSv8PUUiWOTBIi2UmOynU=
-4,3,qzbM9xfXkIJM8Em9z5HclQr+/bg=,D7SfNRoSv8PUUiWOTBIi2UmOynU=
-3,11,qzbM9xfXkIJM8Em9z5HclQr+/bg=,D7SfNRoSv8PUUiWOTBIi2UmOynU=
-2,11,qzbM9xfXkIJM8Em9z5HclQr+/bg=,D7SfNRoSv8PUUiWOTBIi2UmOynU=
-1,11,qzbM9xfXkIJM8Em9z5HclQr+/bg=,D7SfNRoSv8PUUiWOTBIi2UmOynU=
-6,11,qzbM9xfXkIJM8Em9z5HclQr+/bg=,D7SfNRoSv8PUUiWOTBIi2UmOynU=
-7,11,qzbM9xfXkIJM8Em9z5HclQr+/bg=,D7SfNRoSv8PUUiWOTBIi2UmOynU=
-8,11,qzbM9xfXkIJM8Em9z5HclQr+/bg=,D7SfNRoSv8PUUiWOTBIi2UmOynU=
-9,11,qzbM9xfXkIJM8Em9z5HclQr+/bg=,D7SfNRoSv8PUUiWOTBIi2UmOynU=
-10,11,qzbM9xfXkIJM8Em9z5HclQr+/bg=,D7SfNRoSv8PUUiWOTBIi2UmOynU=
-11,11,qzbM9xfXkIJM8Em9z5HclQr+/bg=,D7SfNRoSv8PUUiWOTBIi2UmOynU=
-13,11,qzbM9xfXkIJM8Em9z5HclQr+/bg=,D7SfNRoSv8PUUiWOTBIi2UmOynU=
-12,11,qzbM9xfXkIJM8Em9z5HclQr+/bg=,D7SfNRoSv8PUUiWOTBIi2UmOynU=
-14,11,qzbM9xfXkIJM8Em9z5HclQr+/bg=,D7SfNRoSv8PUUiWOTBIi2UmOynU=
-15,11,qzbM9xfXkIJM8Em9z5HclQr+/bg=,D7SfNRoSv8PUUiWOTBIi2UmOynU=
-16,11,qzbM9xfXkIJM8Em9z5HclQr+/bg=,D7SfNRoSv8PUUiWOTBIi2UmOynU=
-3,0,qzbM9xfXkIJM8Em9z5HclQr+/bg=,D7SfNRoSv8PUUiWOTBIi2UmOynU=
-7,2,qzbM9xfXkIJM8Em9z5HclQr+/bg=,D7SfNRoSv8PUUiWOTBIi2UmOynU=
-3,3,qzbM9xfXkIJM8Em9z5HclQr+/bg=,D7SfNRoSv8PUUiWOTBIi2UmOynU=
-4,11,qzbM9xfXkIJM8Em9z5HclQr+/bg=,D7SfNRoSv8PUUiWOTBIi2UmOynU=
-1,10,qzbM9xfXkIJM8Em9z5HclQr+/bg=,D7SfNRoSv8PUUiWOTBIi2UmOynU=
-2,10,qzbM9xfXkIJM8Em9z5HclQr+/bg=,D7SfNRoSv8PUUiWOTBIi2UmOynU=
-3,10,qzbM9xfXkIJM8Em9z5HclQr+/bg=,D7SfNRoSv8PUUiWOTBIi2UmOynU=
-5,10,qzbM9xfXkIJM8Em9z5HclQr+/bg=,D7SfNRoSv8PUUiWOTBIi2UmOynU=
-4,10,qzbM9xfXkIJM8Em9z5HclQr+/bg=,D7SfNRoSv8PUUiWOTBIi2UmOynU=
-6,10,qzbM9xfXkIJM8Em9z5HclQr+/bg=,D7SfNRoSv8PUUiWOTBIi2UmOynU=
-2,3,qzbM9xfXkIJM8Em9z5HclQr+/bg=,D7SfNRoSv8PUUiWOTBIi2UmOynU=
-15,2,qzbM9xfXkIJM8Em9z5HclQr+/bg=,D7SfNRoSv8PUUiWOTBIi2UmOynU=
-7,10,qzbM9xfXkIJM8Em9z5HclQr+/bg=,D7SfNRoSv8PUUiWOTBIi2UmOynU=
-11,10,qzbM9xfXkIJM8Em9z5HclQr+/bg=,D7SfNRoSv8PUUiWOTBIi2UmOynU=
-12,10,qzbM9xfXkIJM8Em9z5HclQr+/bg=,D7SfNRoSv8PUUiWOTBIi2UmOynU=
-13,10,qzbM9xfXkIJM8Em9z5HclQr+/bg=,D7SfNRoSv8PUUiWOTBIi2UmOynU=
-14,10,qzbM9xfXkIJM8Em9z5HclQr+/bg=,D7SfNRoSv8PUUiWOTBIi2UmOynU=
-15,10,qzbM9xfXkIJM8Em9z5HclQr+/bg=,D7SfNRoSv8PUUiWOTBIi2UmOynU=
-8,10,qzbM9xfXkIJM8Em9z5HclQr+/bg=,D7SfNRoSv8PUUiWOTBIi2UmOynU=
-16,10,qzbM9xfXkIJM8Em9z5HclQr+/bg=,D7SfNRoSv8PUUiWOTBIi2UmOynU=
-9,10,qzbM9xfXkIJM8Em9z5HclQr+/bg=,D7SfNRoSv8PUUiWOTBIi2UmOynU=
-4,0,qzbM9xfXkIJM8Em9z5HclQr+/bg=,D7SfNRoSv8PUUiWOTBIi2UmOynU=
-8,2,qzbM9xfXkIJM8Em9z5HclQr+/bg=,D7SfNRoSv8PUUiWOTBIi2UmOynU=
-1,3,qzbM9xfXkIJM8Em9z5HclQr+/bg=,D7SfNRoSv8PUUiWOTBIi2UmOynU=
-10,10,qzbM9xfXkIJM8Em9z5HclQr+/bg=,D7SfNRoSv8PUUiWOTBIi2UmOynU=
-15,4,qzbM9xfXkIJM8Em9z5HclQr+/bg=,D7SfNRoSv8PUUiWOTBIi2UmOynU=
-16,4,qzbM9xfXkIJM8Em9z5HclQr+/bg=,D7SfNRoSv8PUUiWOTBIi2UmOynU=
-14,4,qzbM9xfXkIJM8Em9z5HclQr+/bg=,D7SfNRoSv8PUUiWOTBIi2UmOynU=
-13,4,qzbM9xfXkIJM8Em9z5HclQr+/bg=,D7SfNRoSv8PUUiWOTBIi2UmOynU=
-14,2,qzbM9xfXkIJM8Em9z5HclQr+/bg=,D7SfNRoSv8PUUiWOTBIi2UmOynU=
-12,4,qzbM9xfXkIJM8Em9z5HclQr+/bg=,D7SfNRoSv8PUUiWOTBIi2UmOynU=
-1,9,qzbM9xfXkIJM8Em9z5HclQr+/bg=,D7SfNRoSv8PUUiWOTBIi2UmOynU=
-3,9,qzbM9xfXkIJM8Em9z5HclQr+/bg=,D7SfNRoSv8PUUiWOTBIi2UmOynU=
-2,9,qzbM9xfXkIJM8Em9z5HclQr+/bg=,D7SfNRoSv8PUUiWOTBIi2UmOynU=
-4,9,qzbM9xfXkIJM8Em9z5HclQr+/bg=,D7SfNRoSv8PUUiWOTBIi2UmOynU=
-5,9,qzbM9xfXkIJM8Em9z5HclQr+/bg=,D7SfNRoSv8PUUiWOTBIi2UmOynU=
-6,9,qzbM9xfXkIJM8Em9z5HclQr+/bg=,D7SfNRoSv8PUUiWOTBIi2UmOynU=
-11,0,qzbM9xfXkIJM8Em9z5HclQr+/bg=,D7SfNRoSv8PUUiWOTBIi2UmOynU=
-7,9,qzbM9xfXkIJM8Em9z5HclQr+/bg=,D7SfNRoSv8PUUiWOTBIi2UmOynU=
-11,9,qzbM9xfXkIJM8Em9z5HclQr+/bg=,D7SfNRoSv8PUUiWOTBIi2UmOynU=
-12,9,qzbM9xfXkIJM8Em9z5HclQr+/bg=,D7SfNRoSv8PUUiWOTBIi2UmOynU=
-13,9,qzbM9xfXkIJM8Em9z5HclQr+/bg=,D7SfNRoSv8PUUiWOTBIi2UmOynU=
-14,9,qzbM9xfXkIJM8Em9z5HclQr+/bg=,D7SfNRoSv8PUUiWOTBIi2UmOynU=
-5,0,qzbM9xfXkIJM8Em9z5HclQr+/bg=,D7SfNRoSv8PUUiWOTBIi2UmOynU=
-16,9,qzbM9xfXkIJM8Em9z5HclQr+/bg=,D7SfNRoSv8PUUiWOTBIi2UmOynU=
-15,9,qzbM9xfXkIJM8Em9z5HclQr+/bg=,D7SfNRoSv8PUUiWOTBIi2UmOynU=
-9,2,qzbM9xfXkIJM8Em9z5HclQr+/bg=,D7SfNRoSv8PUUiWOTBIi2UmOynU=
-8,9,qzbM9xfXkIJM8Em9z5HclQr+/bg=,D7SfNRoSv8PUUiWOTBIi2UmOynU=
-9,9,qzbM9xfXkIJM8Em9z5HclQr+/bg=,D7SfNRoSv8PUUiWOTBIi2UmOynU=
-11,4,qzbM9xfXkIJM8Em9z5HclQr+/bg=,D7SfNRoSv8PUUiWOTBIi2UmOynU=
-10,9,qzbM9xfXkIJM8Em9z5HclQr+/bg=,D7SfNRoSv8PUUiWOTBIi2UmOynU=
-1,8,qzbM9xfXkIJM8Em9z5HclQr+/bg=,D7SfNRoSv8PUUiWOTBIi2UmOynU=
-2,8,qzbM9xfXkIJM8Em9z5HclQr+/bg=,D7SfNRoSv8PUUiWOTBIi2UmOynU=
-3,8,qzbM9xfXkIJM8Em9z5HclQr+/bg=,D7SfNRoSv8PUUiWOTBIi2UmOynU=
-4,8,qzbM9xfXkIJM8Em9z5HclQr+/bg=,D7SfNRoSv8PUUiWOTBIi2UmOynU=
-5,8,qzbM9xfXkIJM8Em9z5HclQr+/bg=,D7SfNRoSv8PUUiWOTBIi2UmOynU=
-10,4,qzbM9xfXkIJM8Em9z5HclQr+/bg=,D7SfNRoSv8PUUiWOTBIi2UmOynU=
-6,8,qzbM9xfXkIJM8Em9z5HclQr+/bg=,D7SfNRoSv8PUUiWOTBIi2UmOynU=
-7,8,qzbM9xfXkIJM8Em9z5HclQr+/bg=,D7SfNRoSv8PUUiWOTBIi2UmOynU=
-11,8,qzbM9xfXkIJM8Em9z5HclQr+/bg=,D7SfNRoSv8PUUiWOTBIi2UmOynU=
-12,8,qzbM9xfXkIJM8Em9z5HclQr+/bg=,D7SfNRoSv8PUUiWOTBIi2UmOynU=
-13,8,qzbM9xfXkIJM8Em9z5HclQr+/bg=,D7SfNRoSv8PUUiWOTBIi2UmOynU=
-14,8,qzbM9xfXkIJM8Em9z5HclQr+/bg=,D7SfNRoSv8PUUiWOTBIi2UmOynU=
-15,8,qzbM9xfXkIJM8Em9z5HclQr+/bg=,D7SfNRoSv8PUUiWOTBIi2UmOynU=
-16,8,qzbM9xfXkIJM8Em9z5HclQr+/bg=,D7SfNRoSv8PUUiWOTBIi2UmOynU=
-8,8,qzbM9xfXkIJM8Em9z5HclQr+/bg=,D7SfNRoSv8PUUiWOTBIi2UmOynU=
-6,0,qzbM9xfXkIJM8Em9z5HclQr+/bg=,D7SfNRoSv8PUUiWOTBIi2UmOynU=
-10,2,qzbM9xfXkIJM8Em9z5HclQr+/bg=,D7SfNRoSv8PUUiWOTBIi2UmOynU=
-9,8,qzbM9xfXkIJM8Em9z5HclQr+/bg=,D7SfNRoSv8PUUiWOTBIi2UmOynU=
-9,4,qzbM9xfXkIJM8Em9z5HclQr+/bg=,D7SfNRoSv8PUUiWOTBIi2UmOynU=
-1,7,qzbM9xfXkIJM8Em9z5HclQr+/bg=,D7SfNRoSv8PUUiWOTBIi2UmOynU=
-2,7,qzbM9xfXkIJM8Em9z5HclQr+/bg=,D7SfNRoSv8PUUiWOTBIi2UmOynU=
-3,7,qzbM9xfXkIJM8Em9z5HclQr+/bg=,D7SfNRoSv8PUUiWOTBIi2UmOynU=
-10,8,qzbM9xfXkIJM8Em9z5HclQr+/bg=,D7SfNRoSv8PUUiWOTBIi2UmOynU=
-4,7,qzbM9xfXkIJM8Em9z5HclQr+/bg=,D7SfNRoSv8PUUiWOTBIi2UmOynU=
-5,7,qzbM9xfXkIJM8Em9z5HclQr+/bg=,D7SfNRoSv8PUUiWOTBIi2UmOynU=
-8,4,qzbM9xfXkIJM8Em9z5HclQr+/bg=,D7SfNRoSv8PUUiWOTBIi2UmOynU=
-6,7,qzbM9xfXkIJM8Em9z5HclQr+/bg=,D7SfNRoSv8PUUiWOTBIi2UmOynU=
-8,7,qzbM9xfXkIJM8Em9z5HclQr+/bg=,D7SfNRoSv8PUUiWOTBIi2UmOynU=
-11,2,qzbM9xfXkIJM8Em9z5HclQr+/bg=,D7SfNRoSv8PUUiWOTBIi2UmOynU=
-11,7,qzbM9xfXkIJM8Em9z5HclQr+/bg=,D7SfNRoSv8PUUiWOTBIi2UmOynU=
-13,7,qzbM9xfXkIJM8Em9z5HclQr+/bg=,D7SfNRoSv8PUUiWOTBIi2UmOynU=
-14,7,qzbM9xfXkIJM8Em9z5HclQr+/bg=,D7SfNRoSv8PUUiWOTBIi2UmOynU=
-12,7,qzbM9xfXkIJM8Em9z5HclQr+/bg=,D7SfNRoSv8PUUiWOTBIi2UmOynU=
-15,7,qzbM9xfXkIJM8Em9z5HclQr+/bg=,D7SfNRoSv8PUUiWOTBIi2UmOynU=
-16,7,qzbM9xfXkIJM8Em9z5HclQr+/bg=,D7SfNRoSv8PUUiWOTBIi2UmOynU=
-9,7,qzbM9xfXkIJM8Em9z5HclQr+/bg=,D7SfNRoSv8PUUiWOTBIi2UmOynU=
-7,0,qzbM9xfXkIJM8Em9z5HclQr+/bg=,D7SfNRoSv8PUUiWOTBIi2UmOynU=
-7,4,qzbM9xfXkIJM8Em9z5HclQr+/bg=,D7SfNRoSv8PUUiWOTBIi2UmOynU=
-7,7,qzbM9xfXkIJM8Em9z5HclQr+/bg=,D7SfNRoSv8PUUiWOTBIi2UmOynU=
-10,7,qzbM9xfXkIJM8Em9z5HclQr+/bg=,D7SfNRoSv8PUUiWOTBIi2UmOynU=
-3,6,qzbM9xfXkIJM8Em9z5HclQr+/bg=,D7SfNRoSv8PUUiWOTBIi2UmOynU=
-1,6,qzbM9xfXkIJM8Em9z5HclQr+/bg=,D7SfNRoSv8PUUiWOTBIi2UmOynU=
-2,6,qzbM9xfXkIJM8Em9z5HclQr+/bg=,D7SfNRoSv8PUUiWOTBIi2UmOynU=
-4,6,qzbM9xfXkIJM8Em9z5HclQr+/bg=,D7SfNRoSv8PUUiWOTBIi2UmOynU=
-5,6,qzbM9xfXkIJM8Em9z5HclQr+/bg=,D7SfNRoSv8PUUiWOTBIi2UmOynU=
-6,4,qzbM9xfXkIJM8Em9z5HclQr+/bg=,D7SfNRoSv8PUUiWOTBIi2UmOynU=
-6,6,qzbM9xfXkIJM8Em9z5HclQr+/bg=,D7SfNRoSv8PUUiWOTBIi2UmOynU=
-12,2,qzbM9xfXkIJM8Em9z5HclQr+/bg=,D7SfNRoSv8PUUiWOTBIi2UmOynU=
-11,6,qzbM9xfXkIJM8Em9z5HclQr+/bg=,D7SfNRoSv8PUUiWOTBIi2UmOynU=
-12,6,qzbM9xfXkIJM8Em9z5HclQr+/bg=,D7SfNRoSv8PUUiWOTBIi2UmOynU=
-13,6,qzbM9xfXkIJM8Em9z5HclQr+/bg=,D7SfNRoSv8PUUiWOTBIi2UmOynU=
-14,6,qzbM9xfXkIJM8Em9z5HclQr+/bg=,D7SfNRoSv8PUUiWOTBIi2UmOynU=
-15,6,qzbM9xfXkIJM8Em9z5HclQr+/bg=,D7SfNRoSv8PUUiWOTBIi2UmOynU=
-16,6,qzbM9xfXkIJM8Em9z5HclQr+/bg=,D7SfNRoSv8PUUiWOTBIi2UmOynU=
-7,6,qzbM9xfXkIJM8Em9z5HclQr+/bg=,D7SfNRoSv8PUUiWOTBIi2UmOynU=
-8,6,qzbM9xfXkIJM8Em9z5HclQr+/bg=,D7SfNRoSv8PUUiWOTBIi2UmOynU=
-9,6,qzbM9xfXkIJM8Em9z5HclQr+/bg=,D7SfNRoSv8PUUiWOTBIi2UmOynU=
-8,0,qzbM9xfXkIJM8Em9z5HclQr+/bg=,D7SfNRoSv8PUUiWOTBIi2UmOynU=
-10,6,qzbM9xfXkIJM8Em9z5HclQr+/bg=,D7SfNRoSv8PUUiWOTBIi2UmOynU=
-5,4,qzbM9xfXkIJM8Em9z5HclQr+/bg=,D7SfNRoSv8PUUiWOTBIi2UmOynU=
-2,5,qzbM9xfXkIJM8Em9z5HclQr+/bg=,D7SfNRoSv8PUUiWOTBIi2UmOynU=
-1,5,qzbM9xfXkIJM8Em9z5HclQr+/bg=,D7SfNRoSv8PUUiWOTBIi2UmOynU=
-3,5,qzbM9xfXkIJM8Em9z5HclQr+/bg=,D7SfNRoSv8PUUiWOTBIi2UmOynU=
-4,5,qzbM9xfXkIJM8Em9z5HclQr+/bg=,D7SfNRoSv8PUUiWOTBIi2UmOynU=
-5,5,qzbM9xfXkIJM8Em9z5HclQr+/bg=,D7SfNRoSv8PUUiWOTBIi2UmOynU=
-4,4,qzbM9xfXkIJM8Em9z5HclQr+/bg=,D7SfNRoSv8PUUiWOTBIi2UmOynU=
-6,5,qzbM9xfXkIJM8Em9z5HclQr+/bg=,D7SfNRoSv8PUUiWOTBIi2UmOynU=
-7,5,qzbM9xfXkIJM8Em9z5HclQr+/bg=,D7SfNRoSv8PUUiWOTBIi2UmOynU=
-13,2,qzbM9xfXkIJM8Em9z5HclQr+/bg=,D7SfNRoSv8PUUiWOTBIi2UmOynU=
-12,5,qzbM9xfXkIJM8Em9z5HclQr+/bg=,D7SfNRoSv8PUUiWOTBIi2UmOynU=
-13,5,qzbM9xfXkIJM8Em9z5HclQr+/bg=,D7SfNRoSv8PUUiWOTBIi2UmOynU=
-14,5,qzbM9xfXkIJM8Em9z5HclQr+/bg=,D7SfNRoSv8PUUiWOTBIi2UmOynU=
-15,5,qzbM9xfXkIJM8Em9z5HclQr+/bg=,D7SfNRoSv8PUUiWOTBIi2UmOynU=
-16,5,qzbM9xfXkIJM8Em9z5HclQr+/bg=,D7SfNRoSv8PUUiWOTBIi2UmOynU=
-11,5,qzbM9xfXkIJM8Em9z5HclQr+/bg=,D7SfNRoSv8PUUiWOTBIi2UmOynU=
-8,5,qzbM9xfXkIJM8Em9z5HclQr+/bg=,D7SfNRoSv8PUUiWOTBIi2UmOynU=
-9,5,qzbM9xfXkIJM8Em9z5HclQr+/bg=,D7SfNRoSv8PUUiWOTBIi2UmOynU=
-10,5,qzbM9xfXkIJM8Em9z5HclQr+/bg=,D7SfNRoSv8PUUiWOTBIi2UmOynU=
-3,4,qzbM9xfXkIJM8Em9z5HclQr+/bg=,D7SfNRoSv8PUUiWOTBIi2UmOynU=
-9,0,qzbM9xfXkIJM8Em9z5HclQr+/bg=,D7SfNRoSv8PUUiWOTBIi2UmOynU=
-2,4,qzbM9xfXkIJM8Em9z5HclQr+/bg=,D7SfNRoSv8PUUiWOTBIi2UmOynU=
-1,4,qzbM9xfXkIJM8Em9z5HclQr+/bg=,D7SfNRoSv8PUUiWOTBIi2UmOynU=
-10,0,qzbM9xfXkIJM8Em9z5HclQr+/bg=,D7SfNRoSv8PUUiWOTBIi2UmOynU=
-32,0,9RaNlM2nEA1yLpzboEYrqL1FT9k=,klZbEMLfKUC8ydndnvlMnkH4SPQ=
-17,1,9RaNlM2nEA1yLpzboEYrqL1FT9k=,klZbEMLfKUC8ydndnvlMnkH4SPQ=
-29,0,9RaNlM2nEA1yLpzboEYrqL1FT9k=,klZbEMLfKUC8ydndnvlMnkH4SPQ=
-17,15,9RaNlM2nEA1yLpzboEYrqL1FT9k=,klZbEMLfKUC8ydndnvlMnkH4SPQ=
-19,2,9RaNlM2nEA1yLpzboEYrqL1FT9k=,klZbEMLfKUC8ydndnvlMnkH4SPQ=
-20,2,9RaNlM2nEA1yLpzboEYrqL1FT9k=,klZbEMLfKUC8ydndnvlMnkH4SPQ=
-22,2,9RaNlM2nEA1yLpzboEYrqL1FT9k=,klZbEMLfKUC8ydndnvlMnkH4SPQ=
-21,2,9RaNlM2nEA1yLpzboEYrqL1FT9k=,klZbEMLfKUC8ydndnvlMnkH4SPQ=
-23,2,9RaNlM2nEA1yLpzboEYrqL1FT9k=,klZbEMLfKUC8ydndnvlMnkH4SPQ=
-25,2,9RaNlM2nEA1yLpzboEYrqL1FT9k=,klZbEMLfKUC8ydndnvlMnkH4SPQ=
-24,2,9RaNlM2nEA1yLpzboEYrqL1FT9k=,klZbEMLfKUC8ydndnvlMnkH4SPQ=
-27,2,9RaNlM2nEA1yLpzboEYrqL1FT9k=,klZbEMLfKUC8ydndnvlMnkH4SPQ=
-26,2,9RaNlM2nEA1yLpzboEYrqL1FT9k=,klZbEMLfKUC8ydndnvlMnkH4SPQ=
-28,2,9RaNlM2nEA1yLpzboEYrqL1FT9k=,klZbEMLfKUC8ydndnvlMnkH4SPQ=
-29,2,9RaNlM2nEA1yLpzboEYrqL1FT9k=,klZbEMLfKUC8ydndnvlMnkH4SPQ=
-30,2,9RaNlM2nEA1yLpzboEYrqL1FT9k=,klZbEMLfKUC8ydndnvlMnkH4SPQ=
-31,2,9RaNlM2nEA1yLpzboEYrqL1FT9k=,klZbEMLfKUC8ydndnvlMnkH4SPQ=
-32,2,9RaNlM2nEA1yLpzboEYrqL1FT9k=,klZbEMLfKUC8ydndnvlMnkH4SPQ=
-18,15,9RaNlM2nEA1yLpzboEYrqL1FT9k=,klZbEMLfKUC8ydndnvlMnkH4SPQ=
-21,3,9RaNlM2nEA1yLpzboEYrqL1FT9k=,klZbEMLfKUC8ydndnvlMnkH4SPQ=
-20,15,9RaNlM2nEA1yLpzboEYrqL1FT9k=,klZbEMLfKUC8ydndnvlMnkH4SPQ=
-19,15,9RaNlM2nEA1yLpzboEYrqL1FT9k=,klZbEMLfKUC8ydndnvlMnkH4SPQ=
-22,15,9RaNlM2nEA1yLpzboEYrqL1FT9k=,klZbEMLfKUC8ydndnvlMnkH4SPQ=
-21,15,9RaNlM2nEA1yLpzboEYrqL1FT9k=,klZbEMLfKUC8ydndnvlMnkH4SPQ=
-25,15,9RaNlM2nEA1yLpzboEYrqL1FT9k=,klZbEMLfKUC8ydndnvlMnkH4SPQ=
-24,15,9RaNlM2nEA1yLpzboEYrqL1FT9k=,klZbEMLfKUC8ydndnvlMnkH4SPQ=
-23,15,9RaNlM2nEA1yLpzboEYrqL1FT9k=,klZbEMLfKUC8ydndnvlMnkH4SPQ=
-27,15,9RaNlM2nEA1yLpzboEYrqL1FT9k=,klZbEMLfKUC8ydndnvlMnkH4SPQ=
-29,15,9RaNlM2nEA1yLpzboEYrqL1FT9k=,klZbEMLfKUC8ydndnvlMnkH4SPQ=
-26,15,9RaNlM2nEA1yLpzboEYrqL1FT9k=,klZbEMLfKUC8ydndnvlMnkH4SPQ=
-30,0,9RaNlM2nEA1yLpzboEYrqL1FT9k=,klZbEMLfKUC8ydndnvlMnkH4SPQ=
-22,3,9RaNlM2nEA1yLpzboEYrqL1FT9k=,klZbEMLfKUC8ydndnvlMnkH4SPQ=
-30,15,9RaNlM2nEA1yLpzboEYrqL1FT9k=,klZbEMLfKUC8ydndnvlMnkH4SPQ=
-31,15,9RaNlM2nEA1yLpzboEYrqL1FT9k=,klZbEMLfKUC8ydndnvlMnkH4SPQ=
-28,15,9RaNlM2nEA1yLpzboEYrqL1FT9k=,klZbEMLfKUC8ydndnvlMnkH4SPQ=
-18,1,9RaNlM2nEA1yLpzboEYrqL1FT9k=,klZbEMLfKUC8ydndnvlMnkH4SPQ=
-17,14,9RaNlM2nEA1yLpzboEYrqL1FT9k=,klZbEMLfKUC8ydndnvlMnkH4SPQ=
-32,15,9RaNlM2nEA1yLpzboEYrqL1FT9k=,klZbEMLfKUC8ydndnvlMnkH4SPQ=
-19,14,9RaNlM2nEA1yLpzboEYrqL1FT9k=,klZbEMLfKUC8ydndnvlMnkH4SPQ=
-20,14,9RaNlM2nEA1yLpzboEYrqL1FT9k=,klZbEMLfKUC8ydndnvlMnkH4SPQ=
-18,14,9RaNlM2nEA1yLpzboEYrqL1FT9k=,klZbEMLfKUC8ydndnvlMnkH4SPQ=
-21,14,9RaNlM2nEA1yLpzboEYrqL1FT9k=,klZbEMLfKUC8ydndnvlMnkH4SPQ=
-24,14,9RaNlM2nEA1yLpzboEYrqL1FT9k=,klZbEMLfKUC8ydndnvlMnkH4SPQ=
-26,14,9RaNlM2nEA1yLpzboEYrqL1FT9k=,klZbEMLfKUC8ydndnvlMnkH4SPQ=
-25,14,9RaNlM2nEA1yLpzboEYrqL1FT9k=,klZbEMLfKUC8ydndnvlMnkH4SPQ=
-27,14,9RaNlM2nEA1yLpzboEYrqL1FT9k=,klZbEMLfKUC8ydndnvlMnkH4SPQ=
-23,14,9RaNlM2nEA1yLpzboEYrqL1FT9k=,klZbEMLfKUC8ydndnvlMnkH4SPQ=
-29,14,9RaNlM2nEA1yLpzboEYrqL1FT9k=,klZbEMLfKUC8ydndnvlMnkH4SPQ=
-28,14,9RaNlM2nEA1yLpzboEYrqL1FT9k=,klZbEMLfKUC8ydndnvlMnkH4SPQ=
-30,14,9RaNlM2nEA1yLpzboEYrqL1FT9k=,klZbEMLfKUC8ydndnvlMnkH4SPQ=
-22,14,9RaNlM2nEA1yLpzboEYrqL1FT9k=,klZbEMLfKUC8ydndnvlMnkH4SPQ=
-31,1,9RaNlM2nEA1yLpzboEYrqL1FT9k=,klZbEMLfKUC8ydndnvlMnkH4SPQ=
-23,3,9RaNlM2nEA1yLpzboEYrqL1FT9k=,klZbEMLfKUC8ydndnvlMnkH4SPQ=
-31,14,9RaNlM2nEA1yLpzboEYrqL1FT9k=,klZbEMLfKUC8ydndnvlMnkH4SPQ=
-31,0,9RaNlM2nEA1yLpzboEYrqL1FT9k=,klZbEMLfKUC8ydndnvlMnkH4SPQ=
-32,14,9RaNlM2nEA1yLpzboEYrqL1FT9k=,klZbEMLfKUC8ydndnvlMnkH4SPQ=
-32,1,9RaNlM2nEA1yLpzboEYrqL1FT9k=,klZbEMLfKUC8ydndnvlMnkH4SPQ=
-18,13,9RaNlM2nEA1yLpzboEYrqL1FT9k=,klZbEMLfKUC8ydndnvlMnkH4SPQ=
-17,13,9RaNlM2nEA1yLpzboEYrqL1FT9k=,klZbEMLfKUC8ydndnvlMnkH4SPQ=
-19,13,9RaNlM2nEA1yLpzboEYrqL1FT9k=,klZbEMLfKUC8ydndnvlMnkH4SPQ=
-22,13,9RaNlM2nEA1yLpzboEYrqL1FT9k=,klZbEMLfKUC8ydndnvlMnkH4SPQ=
-21,13,9RaNlM2nEA1yLpzboEYrqL1FT9k=,klZbEMLfKUC8ydndnvlMnkH4SPQ=
-23,13,9RaNlM2nEA1yLpzboEYrqL1FT9k=,klZbEMLfKUC8ydndnvlMnkH4SPQ=
-25,13,9RaNlM2nEA1yLpzboEYrqL1FT9k=,klZbEMLfKUC8ydndnvlMnkH4SPQ=
-24,13,9RaNlM2nEA1yLpzboEYrqL1FT9k=,klZbEMLfKUC8ydndnvlMnkH4SPQ=
-26,13,9RaNlM2nEA1yLpzboEYrqL1FT9k=,klZbEMLfKUC8ydndnvlMnkH4SPQ=
-28,13,9RaNlM2nEA1yLpzboEYrqL1FT9k=,klZbEMLfKUC8ydndnvlMnkH4SPQ=
-27,13,9RaNlM2nEA1yLpzboEYrqL1FT9k=,klZbEMLfKUC8ydndnvlMnkH4SPQ=
-29,13,9RaNlM2nEA1yLpzboEYrqL1FT9k=,klZbEMLfKUC8ydndnvlMnkH4SPQ=
-17,0,9RaNlM2nEA1yLpzboEYrqL1FT9k=,klZbEMLfKUC8ydndnvlMnkH4SPQ=
-19,1,9RaNlM2nEA1yLpzboEYrqL1FT9k=,klZbEMLfKUC8ydndnvlMnkH4SPQ=
-20,13,9RaNlM2nEA1yLpzboEYrqL1FT9k=,klZbEMLfKUC8ydndnvlMnkH4SPQ=
-30,13,9RaNlM2nEA1yLpzboEYrqL1FT9k=,klZbEMLfKUC8ydndnvlMnkH4SPQ=
-24,3,9RaNlM2nEA1yLpzboEYrqL1FT9k=,klZbEMLfKUC8ydndnvlMnkH4SPQ=
-31,13,9RaNlM2nEA1yLpzboEYrqL1FT9k=,klZbEMLfKUC8ydndnvlMnkH4SPQ=
-20,1,9RaNlM2nEA1yLpzboEYrqL1FT9k=,klZbEMLfKUC8ydndnvlMnkH4SPQ=
-32,13,9RaNlM2nEA1yLpzboEYrqL1FT9k=,klZbEMLfKUC8ydndnvlMnkH4SPQ=
-17,12,9RaNlM2nEA1yLpzboEYrqL1FT9k=,klZbEMLfKUC8ydndnvlMnkH4SPQ=
-18,12,9RaNlM2nEA1yLpzboEYrqL1FT9k=,klZbEMLfKUC8ydndnvlMnkH4SPQ=
-19,12,9RaNlM2nEA1yLpzboEYrqL1FT9k=,klZbEMLfKUC8ydndnvlMnkH4SPQ=
-20,12,9RaNlM2nEA1yLpzboEYrqL1FT9k=,klZbEMLfKUC8ydndnvlMnkH4SPQ=
-23,12,9RaNlM2nEA1yLpzboEYrqL1FT9k=,klZbEMLfKUC8ydndnvlMnkH4SPQ=
-24,12,9RaNlM2nEA1yLpzboEYrqL1FT9k=,klZbEMLfKUC8ydndnvlMnkH4SPQ=
-21,12,9RaNlM2nEA1yLpzboEYrqL1FT9k=,klZbEMLfKUC8ydndnvlMnkH4SPQ=
-25,12,9RaNlM2nEA1yLpzboEYrqL1FT9k=,klZbEMLfKUC8ydndnvlMnkH4SPQ=
-26,12,9RaNlM2nEA1yLpzboEYrqL1FT9k=,klZbEMLfKUC8ydndnvlMnkH4SPQ=
-27,12,9RaNlM2nEA1yLpzboEYrqL1FT9k=,klZbEMLfKUC8ydndnvlMnkH4SPQ=
-28,12,9RaNlM2nEA1yLpzboEYrqL1FT9k=,klZbEMLfKUC8ydndnvlMnkH4SPQ=
-18,0,9RaNlM2nEA1yLpzboEYrqL1FT9k=,klZbEMLfKUC8ydndnvlMnkH4SPQ=
-25,3,9RaNlM2nEA1yLpzboEYrqL1FT9k=,klZbEMLfKUC8ydndnvlMnkH4SPQ=
-30,12,9RaNlM2nEA1yLpzboEYrqL1FT9k=,klZbEMLfKUC8ydndnvlMnkH4SPQ=
-31,12,9RaNlM2nEA1yLpzboEYrqL1FT9k=,klZbEMLfKUC8ydndnvlMnkH4SPQ=
-29,12,9RaNlM2nEA1yLpzboEYrqL1FT9k=,klZbEMLfKUC8ydndnvlMnkH4SPQ=
-22,12,9RaNlM2nEA1yLpzboEYrqL1FT9k=,klZbEMLfKUC8ydndnvlMnkH4SPQ=
-21,1,9RaNlM2nEA1yLpzboEYrqL1FT9k=,klZbEMLfKUC8ydndnvlMnkH4SPQ=
-32,12,9RaNlM2nEA1yLpzboEYrqL1FT9k=,klZbEMLfKUC8ydndnvlMnkH4SPQ=
-17,11,9RaNlM2nEA1yLpzboEYrqL1FT9k=,klZbEMLfKUC8ydndnvlMnkH4SPQ=
-18,11,9RaNlM2nEA1yLpzboEYrqL1FT9k=,klZbEMLfKUC8ydndnvlMnkH4SPQ=
-19,11,9RaNlM2nEA1yLpzboEYrqL1FT9k=,klZbEMLfKUC8ydndnvlMnkH4SPQ=
-23,11,9RaNlM2nEA1yLpzboEYrqL1FT9k=,klZbEMLfKUC8ydndnvlMnkH4SPQ=
-22,11,9RaNlM2nEA1yLpzboEYrqL1FT9k=,klZbEMLfKUC8ydndnvlMnkH4SPQ=
-24,11,9RaNlM2nEA1yLpzboEYrqL1FT9k=,klZbEMLfKUC8ydndnvlMnkH4SPQ=
-20,11,9RaNlM2nEA1yLpzboEYrqL1FT9k=,klZbEMLfKUC8ydndnvlMnkH4SPQ=
-25,11,9RaNlM2nEA1yLpzboEYrqL1FT9k=,klZbEMLfKUC8ydndnvlMnkH4SPQ=
-26,11,9RaNlM2nEA1yLpzboEYrqL1FT9k=,klZbEMLfKUC8ydndnvlMnkH4SPQ=
-19,0,9RaNlM2nEA1yLpzboEYrqL1FT9k=,klZbEMLfKUC8ydndnvlMnkH4SPQ=
-27,11,9RaNlM2nEA1yLpzboEYrqL1FT9k=,klZbEMLfKUC8ydndnvlMnkH4SPQ=
-21,11,9RaNlM2nEA1yLpzboEYrqL1FT9k=,klZbEMLfKUC8ydndnvlMnkH4SPQ=
-26,3,9RaNlM2nEA1yLpzboEYrqL1FT9k=,klZbEMLfKUC8ydndnvlMnkH4SPQ=
-29,11,9RaNlM2nEA1yLpzboEYrqL1FT9k=,klZbEMLfKUC8ydndnvlMnkH4SPQ=
-28,11,9RaNlM2nEA1yLpzboEYrqL1FT9k=,klZbEMLfKUC8ydndnvlMnkH4SPQ=
-30,11,9RaNlM2nEA1yLpzboEYrqL1FT9k=,klZbEMLfKUC8ydndnvlMnkH4SPQ=
-31,11,9RaNlM2nEA1yLpzboEYrqL1FT9k=,klZbEMLfKUC8ydndnvlMnkH4SPQ=
-32,11,9RaNlM2nEA1yLpzboEYrqL1FT9k=,klZbEMLfKUC8ydndnvlMnkH4SPQ=
-22,1,9RaNlM2nEA1yLpzboEYrqL1FT9k=,klZbEMLfKUC8ydndnvlMnkH4SPQ=
-17,10,9RaNlM2nEA1yLpzboEYrqL1FT9k=,klZbEMLfKUC8ydndnvlMnkH4SPQ=
-19,10,9RaNlM2nEA1yLpzboEYrqL1FT9k=,klZbEMLfKUC8ydndnvlMnkH4SPQ=
-18,10,9RaNlM2nEA1yLpzboEYrqL1FT9k=,klZbEMLfKUC8ydndnvlMnkH4SPQ=
-22,10,9RaNlM2nEA1yLpzboEYrqL1FT9k=,klZbEMLfKUC8ydndnvlMnkH4SPQ=
-21,10,9RaNlM2nEA1yLpzboEYrqL1FT9k=,klZbEMLfKUC8ydndnvlMnkH4SPQ=
-20,10,9RaNlM2nEA1yLpzboEYrqL1FT9k=,klZbEMLfKUC8ydndnvlMnkH4SPQ=
-23,10,9RaNlM2nEA1yLpzboEYrqL1FT9k=,klZbEMLfKUC8ydndnvlMnkH4SPQ=
-24,10,9RaNlM2nEA1yLpzboEYrqL1FT9k=,klZbEMLfKUC8ydndnvlMnkH4SPQ=
-26,10,9RaNlM2nEA1yLpzboEYrqL1FT9k=,klZbEMLfKUC8ydndnvlMnkH4SPQ=
-25,10,9RaNlM2nEA1yLpzboEYrqL1FT9k=,klZbEMLfKUC8ydndnvlMnkH4SPQ=
-20,0,9RaNlM2nEA1yLpzboEYrqL1FT9k=,klZbEMLfKUC8ydndnvlMnkH4SPQ=
-27,10,9RaNlM2nEA1yLpzboEYrqL1FT9k=,klZbEMLfKUC8ydndnvlMnkH4SPQ=
-28,10,9RaNlM2nEA1yLpzboEYrqL1FT9k=,klZbEMLfKUC8ydndnvlMnkH4SPQ=
-27,3,9RaNlM2nEA1yLpzboEYrqL1FT9k=,klZbEMLfKUC8ydndnvlMnkH4SPQ=
-29,10,9RaNlM2nEA1yLpzboEYrqL1FT9k=,klZbEMLfKUC8ydndnvlMnkH4SPQ=
-30,10,9RaNlM2nEA1yLpzboEYrqL1FT9k=,klZbEMLfKUC8ydndnvlMnkH4SPQ=
-31,10,9RaNlM2nEA1yLpzboEYrqL1FT9k=,klZbEMLfKUC8ydndnvlMnkH4SPQ=
-17,9,9RaNlM2nEA1yLpzboEYrqL1FT9k=,klZbEMLfKUC8ydndnvlMnkH4SPQ=
-23,1,9RaNlM2nEA1yLpzboEYrqL1FT9k=,klZbEMLfKUC8ydndnvlMnkH4SPQ=
-32,10,9RaNlM2nEA1yLpzboEYrqL1FT9k=,klZbEMLfKUC8ydndnvlMnkH4SPQ=
-18,9,9RaNlM2nEA1yLpzboEYrqL1FT9k=,klZbEMLfKUC8ydndnvlMnkH4SPQ=
-20,9,9RaNlM2nEA1yLpzboEYrqL1FT9k=,klZbEMLfKUC8ydndnvlMnkH4SPQ=
-21,9,9RaNlM2nEA1yLpzboEYrqL1FT9k=,klZbEMLfKUC8ydndnvlMnkH4SPQ=
-24,9,9RaNlM2nEA1yLpzboEYrqL1FT9k=,klZbEMLfKUC8ydndnvlMnkH4SPQ=
-23,9,9RaNlM2nEA1yLpzboEYrqL1FT9k=,klZbEMLfKUC8ydndnvlMnkH4SPQ=
-19,9,9RaNlM2nEA1yLpzboEYrqL1FT9k=,klZbEMLfKUC8ydndnvlMnkH4SPQ=
-22,9,9RaNlM2nEA1yLpzboEYrqL1FT9k=,klZbEMLfKUC8ydndnvlMnkH4SPQ=
-25,9,9RaNlM2nEA1yLpzboEYrqL1FT9k=,klZbEMLfKUC8ydndnvlMnkH4SPQ=
-21,0,9RaNlM2nEA1yLpzboEYrqL1FT9k=,klZbEMLfKUC8ydndnvlMnkH4SPQ=
-28,3,9RaNlM2nEA1yLpzboEYrqL1FT9k=,klZbEMLfKUC8ydndnvlMnkH4SPQ=
-26,9,9RaNlM2nEA1yLpzboEYrqL1FT9k=,klZbEMLfKUC8ydndnvlMnkH4SPQ=
-27,9,9RaNlM2nEA1yLpzboEYrqL1FT9k=,klZbEMLfKUC8ydndnvlMnkH4SPQ=
-28,9,9RaNlM2nEA1yLpzboEYrqL1FT9k=,klZbEMLfKUC8ydndnvlMnkH4SPQ=
-29,9,9RaNlM2nEA1yLpzboEYrqL1FT9k=,klZbEMLfKUC8ydndnvlMnkH4SPQ=
-30,9,9RaNlM2nEA1yLpzboEYrqL1FT9k=,klZbEMLfKUC8ydndnvlMnkH4SPQ=
-32,9,9RaNlM2nEA1yLpzboEYrqL1FT9k=,klZbEMLfKUC8ydndnvlMnkH4SPQ=
-31,9,9RaNlM2nEA1yLpzboEYrqL1FT9k=,klZbEMLfKUC8ydndnvlMnkH4SPQ=
-24,1,9RaNlM2nEA1yLpzboEYrqL1FT9k=,klZbEMLfKUC8ydndnvlMnkH4SPQ=
-19,8,9RaNlM2nEA1yLpzboEYrqL1FT9k=,klZbEMLfKUC8ydndnvlMnkH4SPQ=
-18,8,9RaNlM2nEA1yLpzboEYrqL1FT9k=,klZbEMLfKUC8ydndnvlMnkH4SPQ=
-17,8,9RaNlM2nEA1yLpzboEYrqL1FT9k=,klZbEMLfKUC8ydndnvlMnkH4SPQ=
-21,8,9RaNlM2nEA1yLpzboEYrqL1FT9k=,klZbEMLfKUC8ydndnvlMnkH4SPQ=
-20,8,9RaNlM2nEA1yLpzboEYrqL1FT9k=,klZbEMLfKUC8ydndnvlMnkH4SPQ=
-22,8,9RaNlM2nEA1yLpzboEYrqL1FT9k=,klZbEMLfKUC8ydndnvlMnkH4SPQ=
-23,8,9RaNlM2nEA1yLpzboEYrqL1FT9k=,klZbEMLfKUC8ydndnvlMnkH4SPQ=
-22,0,9RaNlM2nEA1yLpzboEYrqL1FT9k=,klZbEMLfKUC8ydndnvlMnkH4SPQ=
-24,8,9RaNlM2nEA1yLpzboEYrqL1FT9k=,klZbEMLfKUC8ydndnvlMnkH4SPQ=
-29,3,9RaNlM2nEA1yLpzboEYrqL1FT9k=,klZbEMLfKUC8ydndnvlMnkH4SPQ=
-25,8,9RaNlM2nEA1yLpzboEYrqL1FT9k=,klZbEMLfKUC8ydndnvlMnkH4SPQ=
-26,8,9RaNlM2nEA1yLpzboEYrqL1FT9k=,klZbEMLfKUC8ydndnvlMnkH4SPQ=
-27,8,9RaNlM2nEA1yLpzboEYrqL1FT9k=,klZbEMLfKUC8ydndnvlMnkH4SPQ=
-28,8,9RaNlM2nEA1yLpzboEYrqL1FT9k=,klZbEMLfKUC8ydndnvlMnkH4SPQ=
-29,8,9RaNlM2nEA1yLpzboEYrqL1FT9k=,klZbEMLfKUC8ydndnvlMnkH4SPQ=
-30,8,9RaNlM2nEA1yLpzboEYrqL1FT9k=,klZbEMLfKUC8ydndnvlMnkH4SPQ=
-31,8,9RaNlM2nEA1yLpzboEYrqL1FT9k=,klZbEMLfKUC8ydndnvlMnkH4SPQ=
-32,8,9RaNlM2nEA1yLpzboEYrqL1FT9k=,klZbEMLfKUC8ydndnvlMnkH4SPQ=
-17,7,9RaNlM2nEA1yLpzboEYrqL1FT9k=,klZbEMLfKUC8ydndnvlMnkH4SPQ=
-18,7,9RaNlM2nEA1yLpzboEYrqL1FT9k=,klZbEMLfKUC8ydndnvlMnkH4SPQ=
-19,7,9RaNlM2nEA1yLpzboEYrqL1FT9k=,klZbEMLfKUC8ydndnvlMnkH4SPQ=
-25,1,9RaNlM2nEA1yLpzboEYrqL1FT9k=,klZbEMLfKUC8ydndnvlMnkH4SPQ=
-20,7,9RaNlM2nEA1yLpzboEYrqL1FT9k=,klZbEMLfKUC8ydndnvlMnkH4SPQ=
-22,7,9RaNlM2nEA1yLpzboEYrqL1FT9k=,klZbEMLfKUC8ydndnvlMnkH4SPQ=
-23,7,9RaNlM2nEA1yLpzboEYrqL1FT9k=,klZbEMLfKUC8ydndnvlMnkH4SPQ=
-23,0,9RaNlM2nEA1yLpzboEYrqL1FT9k=,klZbEMLfKUC8ydndnvlMnkH4SPQ=
-30,3,9RaNlM2nEA1yLpzboEYrqL1FT9k=,klZbEMLfKUC8ydndnvlMnkH4SPQ=
-21,7,9RaNlM2nEA1yLpzboEYrqL1FT9k=,klZbEMLfKUC8ydndnvlMnkH4SPQ=
-25,7,9RaNlM2nEA1yLpzboEYrqL1FT9k=,klZbEMLfKUC8ydndnvlMnkH4SPQ=
-26,7,9RaNlM2nEA1yLpzboEYrqL1FT9k=,klZbEMLfKUC8ydndnvlMnkH4SPQ=
-29,7,9RaNlM2nEA1yLpzboEYrqL1FT9k=,klZbEMLfKUC8ydndnvlMnkH4SPQ=
-24,7,9RaNlM2nEA1yLpzboEYrqL1FT9k=,klZbEMLfKUC8ydndnvlMnkH4SPQ=
-30,7,9RaNlM2nEA1yLpzboEYrqL1FT9k=,klZbEMLfKUC8ydndnvlMnkH4SPQ=
-28,7,9RaNlM2nEA1yLpzboEYrqL1FT9k=,klZbEMLfKUC8ydndnvlMnkH4SPQ=
-27,7,9RaNlM2nEA1yLpzboEYrqL1FT9k=,klZbEMLfKUC8ydndnvlMnkH4SPQ=
-32,7,9RaNlM2nEA1yLpzboEYrqL1FT9k=,klZbEMLfKUC8ydndnvlMnkH4SPQ=
-31,7,9RaNlM2nEA1yLpzboEYrqL1FT9k=,klZbEMLfKUC8ydndnvlMnkH4SPQ=
-17,6,9RaNlM2nEA1yLpzboEYrqL1FT9k=,klZbEMLfKUC8ydndnvlMnkH4SPQ=
-18,6,9RaNlM2nEA1yLpzboEYrqL1FT9k=,klZbEMLfKUC8ydndnvlMnkH4SPQ=
-26,1,9RaNlM2nEA1yLpzboEYrqL1FT9k=,klZbEMLfKUC8ydndnvlMnkH4SPQ=
-19,6,9RaNlM2nEA1yLpzboEYrqL1FT9k=,klZbEMLfKUC8ydndnvlMnkH4SPQ=
-21,6,9RaNlM2nEA1yLpzboEYrqL1FT9k=,klZbEMLfKUC8ydndnvlMnkH4SPQ=
-24,0,9RaNlM2nEA1yLpzboEYrqL1FT9k=,klZbEMLfKUC8ydndnvlMnkH4SPQ=
-23,6,9RaNlM2nEA1yLpzboEYrqL1FT9k=,klZbEMLfKUC8ydndnvlMnkH4SPQ=
-20,6,9RaNlM2nEA1yLpzboEYrqL1FT9k=,klZbEMLfKUC8ydndnvlMnkH4SPQ=
-22,6,9RaNlM2nEA1yLpzboEYrqL1FT9k=,klZbEMLfKUC8ydndnvlMnkH4SPQ=
-31,3,9RaNlM2nEA1yLpzboEYrqL1FT9k=,klZbEMLfKUC8ydndnvlMnkH4SPQ=
-24,6,9RaNlM2nEA1yLpzboEYrqL1FT9k=,klZbEMLfKUC8ydndnvlMnkH4SPQ=
-26,6,9RaNlM2nEA1yLpzboEYrqL1FT9k=,klZbEMLfKUC8ydndnvlMnkH4SPQ=
-25,6,9RaNlM2nEA1yLpzboEYrqL1FT9k=,klZbEMLfKUC8ydndnvlMnkH4SPQ=
-27,6,9RaNlM2nEA1yLpzboEYrqL1FT9k=,klZbEMLfKUC8ydndnvlMnkH4SPQ=
-28,6,9RaNlM2nEA1yLpzboEYrqL1FT9k=,klZbEMLfKUC8ydndnvlMnkH4SPQ=
-30,6,9RaNlM2nEA1yLpzboEYrqL1FT9k=,klZbEMLfKUC8ydndnvlMnkH4SPQ=
-29,6,9RaNlM2nEA1yLpzboEYrqL1FT9k=,klZbEMLfKUC8ydndnvlMnkH4SPQ=
-31,6,9RaNlM2nEA1yLpzboEYrqL1FT9k=,klZbEMLfKUC8ydndnvlMnkH4SPQ=
-27,1,9RaNlM2nEA1yLpzboEYrqL1FT9k=,klZbEMLfKUC8ydndnvlMnkH4SPQ=
-32,6,9RaNlM2nEA1yLpzboEYrqL1FT9k=,klZbEMLfKUC8ydndnvlMnkH4SPQ=
-18,5,9RaNlM2nEA1yLpzboEYrqL1FT9k=,klZbEMLfKUC8ydndnvlMnkH4SPQ=
-17,5,9RaNlM2nEA1yLpzboEYrqL1FT9k=,klZbEMLfKUC8ydndnvlMnkH4SPQ=
-19,5,9RaNlM2nEA1yLpzboEYrqL1FT9k=,klZbEMLfKUC8ydndnvlMnkH4SPQ=
-21,5,9RaNlM2nEA1yLpzboEYrqL1FT9k=,klZbEMLfKUC8ydndnvlMnkH4SPQ=
-20,5,9RaNlM2nEA1yLpzboEYrqL1FT9k=,klZbEMLfKUC8ydndnvlMnkH4SPQ=
-25,0,9RaNlM2nEA1yLpzboEYrqL1FT9k=,klZbEMLfKUC8ydndnvlMnkH4SPQ=
-32,3,9RaNlM2nEA1yLpzboEYrqL1FT9k=,klZbEMLfKUC8ydndnvlMnkH4SPQ=
-28,1,9RaNlM2nEA1yLpzboEYrqL1FT9k=,klZbEMLfKUC8ydndnvlMnkH4SPQ=
-22,5,9RaNlM2nEA1yLpzboEYrqL1FT9k=,klZbEMLfKUC8ydndnvlMnkH4SPQ=
-23,5,9RaNlM2nEA1yLpzboEYrqL1FT9k=,klZbEMLfKUC8ydndnvlMnkH4SPQ=
-25,5,9RaNlM2nEA1yLpzboEYrqL1FT9k=,klZbEMLfKUC8ydndnvlMnkH4SPQ=
-24,5,9RaNlM2nEA1yLpzboEYrqL1FT9k=,klZbEMLfKUC8ydndnvlMnkH4SPQ=
-28,5,9RaNlM2nEA1yLpzboEYrqL1FT9k=,klZbEMLfKUC8ydndnvlMnkH4SPQ=
-26,5,9RaNlM2nEA1yLpzboEYrqL1FT9k=,klZbEMLfKUC8ydndnvlMnkH4SPQ=
-29,5,9RaNlM2nEA1yLpzboEYrqL1FT9k=,klZbEMLfKUC8ydndnvlMnkH4SPQ=
-27,5,9RaNlM2nEA1yLpzboEYrqL1FT9k=,klZbEMLfKUC8ydndnvlMnkH4SPQ=
-30,5,9RaNlM2nEA1yLpzboEYrqL1FT9k=,klZbEMLfKUC8ydndnvlMnkH4SPQ=
-29,1,9RaNlM2nEA1yLpzboEYrqL1FT9k=,klZbEMLfKUC8ydndnvlMnkH4SPQ=
-32,5,9RaNlM2nEA1yLpzboEYrqL1FT9k=,klZbEMLfKUC8ydndnvlMnkH4SPQ=
-18,4,9RaNlM2nEA1yLpzboEYrqL1FT9k=,klZbEMLfKUC8ydndnvlMnkH4SPQ=
-31,5,9RaNlM2nEA1yLpzboEYrqL1FT9k=,klZbEMLfKUC8ydndnvlMnkH4SPQ=
-17,4,9RaNlM2nEA1yLpzboEYrqL1FT9k=,klZbEMLfKUC8ydndnvlMnkH4SPQ=
-20,4,9RaNlM2nEA1yLpzboEYrqL1FT9k=,klZbEMLfKUC8ydndnvlMnkH4SPQ=
-19,4,9RaNlM2nEA1yLpzboEYrqL1FT9k=,klZbEMLfKUC8ydndnvlMnkH4SPQ=
-26,0,9RaNlM2nEA1yLpzboEYrqL1FT9k=,klZbEMLfKUC8ydndnvlMnkH4SPQ=
-17,2,9RaNlM2nEA1yLpzboEYrqL1FT9k=,klZbEMLfKUC8ydndnvlMnkH4SPQ=
-22,4,9RaNlM2nEA1yLpzboEYrqL1FT9k=,klZbEMLfKUC8ydndnvlMnkH4SPQ=
-23,4,9RaNlM2nEA1yLpzboEYrqL1FT9k=,klZbEMLfKUC8ydndnvlMnkH4SPQ=
-21,4,9RaNlM2nEA1yLpzboEYrqL1FT9k=,klZbEMLfKUC8ydndnvlMnkH4SPQ=
-24,4,9RaNlM2nEA1yLpzboEYrqL1FT9k=,klZbEMLfKUC8ydndnvlMnkH4SPQ=
-25,4,9RaNlM2nEA1yLpzboEYrqL1FT9k=,klZbEMLfKUC8ydndnvlMnkH4SPQ=
-27,4,9RaNlM2nEA1yLpzboEYrqL1FT9k=,klZbEMLfKUC8ydndnvlMnkH4SPQ=
-26,4,9RaNlM2nEA1yLpzboEYrqL1FT9k=,klZbEMLfKUC8ydndnvlMnkH4SPQ=
-29,4,9RaNlM2nEA1yLpzboEYrqL1FT9k=,klZbEMLfKUC8ydndnvlMnkH4SPQ=
-31,4,9RaNlM2nEA1yLpzboEYrqL1FT9k=,klZbEMLfKUC8ydndnvlMnkH4SPQ=
-28,4,9RaNlM2nEA1yLpzboEYrqL1FT9k=,klZbEMLfKUC8ydndnvlMnkH4SPQ=
-27,0,9RaNlM2nEA1yLpzboEYrqL1FT9k=,klZbEMLfKUC8ydndnvlMnkH4SPQ=
-30,1,9RaNlM2nEA1yLpzboEYrqL1FT9k=,klZbEMLfKUC8ydndnvlMnkH4SPQ=
-30,4,9RaNlM2nEA1yLpzboEYrqL1FT9k=,klZbEMLfKUC8ydndnvlMnkH4SPQ=
-18,3,9RaNlM2nEA1yLpzboEYrqL1FT9k=,klZbEMLfKUC8ydndnvlMnkH4SPQ=
-32,4,9RaNlM2nEA1yLpzboEYrqL1FT9k=,klZbEMLfKUC8ydndnvlMnkH4SPQ=
-17,3,9RaNlM2nEA1yLpzboEYrqL1FT9k=,klZbEMLfKUC8ydndnvlMnkH4SPQ=
-18,2,9RaNlM2nEA1yLpzboEYrqL1FT9k=,klZbEMLfKUC8ydndnvlMnkH4SPQ=
-28,0,9RaNlM2nEA1yLpzboEYrqL1FT9k=,klZbEMLfKUC8ydndnvlMnkH4SPQ=
-19,3,9RaNlM2nEA1yLpzboEYrqL1FT9k=,klZbEMLfKUC8ydndnvlMnkH4SPQ=
-20,3,9RaNlM2nEA1yLpzboEYrqL1FT9k=,klZbEMLfKUC8ydndnvlMnkH4SPQ=
-32,16,SfRbxVIVIywFLwWk4lY05iQCTkk=,wzhjw+YFi0sdpZFQIkXCsYIY7NY=
-17,31,SfRbxVIVIywFLwWk4lY05iQCTkk=,wzhjw+YFi0sdpZFQIkXCsYIY7NY=
-19,18,SfRbxVIVIywFLwWk4lY05iQCTkk=,wzhjw+YFi0sdpZFQIkXCsYIY7NY=
-29,16,SfRbxVIVIywFLwWk4lY05iQCTkk=,wzhjw+YFi0sdpZFQIkXCsYIY7NY=
-19,31,SfRbxVIVIywFLwWk4lY05iQCTkk=,wzhjw+YFi0sdpZFQIkXCsYIY7NY=
-20,31,SfRbxVIVIywFLwWk4lY05iQCTkk=,wzhjw+YFi0sdpZFQIkXCsYIY7NY=
-21,31,SfRbxVIVIywFLwWk4lY05iQCTkk=,wzhjw+YFi0sdpZFQIkXCsYIY7NY=
-18,31,SfRbxVIVIywFLwWk4lY05iQCTkk=,wzhjw+YFi0sdpZFQIkXCsYIY7NY=
-22,31,SfRbxVIVIywFLwWk4lY05iQCTkk=,wzhjw+YFi0sdpZFQIkXCsYIY7NY=
-25,31,SfRbxVIVIywFLwWk4lY05iQCTkk=,wzhjw+YFi0sdpZFQIkXCsYIY7NY=
-23,31,SfRbxVIVIywFLwWk4lY05iQCTkk=,wzhjw+YFi0sdpZFQIkXCsYIY7NY=
-24,31,SfRbxVIVIywFLwWk4lY05iQCTkk=,wzhjw+YFi0sdpZFQIkXCsYIY7NY=
-27,31,SfRbxVIVIywFLwWk4lY05iQCTkk=,wzhjw+YFi0sdpZFQIkXCsYIY7NY=
-28,31,SfRbxVIVIywFLwWk4lY05iQCTkk=,wzhjw+YFi0sdpZFQIkXCsYIY7NY=
-29,31,SfRbxVIVIywFLwWk4lY05iQCTkk=,wzhjw+YFi0sdpZFQIkXCsYIY7NY=
-30,31,SfRbxVIVIywFLwWk4lY05iQCTkk=,wzhjw+YFi0sdpZFQIkXCsYIY7NY=
-31,17,SfRbxVIVIywFLwWk4lY05iQCTkk=,wzhjw+YFi0sdpZFQIkXCsYIY7NY=
-26,31,SfRbxVIVIywFLwWk4lY05iQCTkk=,wzhjw+YFi0sdpZFQIkXCsYIY7NY=
-17,17,SfRbxVIVIywFLwWk4lY05iQCTkk=,wzhjw+YFi0sdpZFQIkXCsYIY7NY=
-31,31,SfRbxVIVIywFLwWk4lY05iQCTkk=,wzhjw+YFi0sdpZFQIkXCsYIY7NY=
-18,17,SfRbxVIVIywFLwWk4lY05iQCTkk=,wzhjw+YFi0sdpZFQIkXCsYIY7NY=
-19,17,SfRbxVIVIywFLwWk4lY05iQCTkk=,wzhjw+YFi0sdpZFQIkXCsYIY7NY=
-20,17,SfRbxVIVIywFLwWk4lY05iQCTkk=,wzhjw+YFi0sdpZFQIkXCsYIY7NY=
-23,17,SfRbxVIVIywFLwWk4lY05iQCTkk=,wzhjw+YFi0sdpZFQIkXCsYIY7NY=
-22,17,SfRbxVIVIywFLwWk4lY05iQCTkk=,wzhjw+YFi0sdpZFQIkXCsYIY7NY=
-25,17,SfRbxVIVIywFLwWk4lY05iQCTkk=,wzhjw+YFi0sdpZFQIkXCsYIY7NY=
-27,17,SfRbxVIVIywFLwWk4lY05iQCTkk=,wzhjw+YFi0sdpZFQIkXCsYIY7NY=
-24,17,SfRbxVIVIywFLwWk4lY05iQCTkk=,wzhjw+YFi0sdpZFQIkXCsYIY7NY=
-21,17,SfRbxVIVIywFLwWk4lY05iQCTkk=,wzhjw+YFi0sdpZFQIkXCsYIY7NY=
-26,17,SfRbxVIVIywFLwWk4lY05iQCTkk=,wzhjw+YFi0sdpZFQIkXCsYIY7NY=
-28,17,SfRbxVIVIywFLwWk4lY05iQCTkk=,wzhjw+YFi0sdpZFQIkXCsYIY7NY=
-17,30,SfRbxVIVIywFLwWk4lY05iQCTkk=,wzhjw+YFi0sdpZFQIkXCsYIY7NY=
-32,31,SfRbxVIVIywFLwWk4lY05iQCTkk=,wzhjw+YFi0sdpZFQIkXCsYIY7NY=
-29,17,SfRbxVIVIywFLwWk4lY05iQCTkk=,wzhjw+YFi0sdpZFQIkXCsYIY7NY=
-30,17,SfRbxVIVIywFLwWk4lY05iQCTkk=,wzhjw+YFi0sdpZFQIkXCsYIY7NY=
-18,30,SfRbxVIVIywFLwWk4lY05iQCTkk=,wzhjw+YFi0sdpZFQIkXCsYIY7NY=
-30,16,SfRbxVIVIywFLwWk4lY05iQCTkk=,wzhjw+YFi0sdpZFQIkXCsYIY7NY=
-20,30,SfRbxVIVIywFLwWk4lY05iQCTkk=,wzhjw+YFi0sdpZFQIkXCsYIY7NY=
-19,30,SfRbxVIVIywFLwWk4lY05iQCTkk=,wzhjw+YFi0sdpZFQIkXCsYIY7NY=
-20,18,SfRbxVIVIywFLwWk4lY05iQCTkk=,wzhjw+YFi0sdpZFQIkXCsYIY7NY=
-24,30,SfRbxVIVIywFLwWk4lY05iQCTkk=,wzhjw+YFi0sdpZFQIkXCsYIY7NY=
-22,30,SfRbxVIVIywFLwWk4lY05iQCTkk=,wzhjw+YFi0sdpZFQIkXCsYIY7NY=
-23,30,SfRbxVIVIywFLwWk4lY05iQCTkk=,wzhjw+YFi0sdpZFQIkXCsYIY7NY=
-21,30,SfRbxVIVIywFLwWk4lY05iQCTkk=,wzhjw+YFi0sdpZFQIkXCsYIY7NY=
-25,30,SfRbxVIVIywFLwWk4lY05iQCTkk=,wzhjw+YFi0sdpZFQIkXCsYIY7NY=
-26,30,SfRbxVIVIywFLwWk4lY05iQCTkk=,wzhjw+YFi0sdpZFQIkXCsYIY7NY=
-28,30,SfRbxVIVIywFLwWk4lY05iQCTkk=,wzhjw+YFi0sdpZFQIkXCsYIY7NY=
-29,30,SfRbxVIVIywFLwWk4lY05iQCTkk=,wzhjw+YFi0sdpZFQIkXCsYIY7NY=
-27,30,SfRbxVIVIywFLwWk4lY05iQCTkk=,wzhjw+YFi0sdpZFQIkXCsYIY7NY=
-30,30,SfRbxVIVIywFLwWk4lY05iQCTkk=,wzhjw+YFi0sdpZFQIkXCsYIY7NY=
-32,30,SfRbxVIVIywFLwWk4lY05iQCTkk=,wzhjw+YFi0sdpZFQIkXCsYIY7NY=
-32,17,SfRbxVIVIywFLwWk4lY05iQCTkk=,wzhjw+YFi0sdpZFQIkXCsYIY7NY=
-17,29,SfRbxVIVIywFLwWk4lY05iQCTkk=,wzhjw+YFi0sdpZFQIkXCsYIY7NY=
-31,30,SfRbxVIVIywFLwWk4lY05iQCTkk=,wzhjw+YFi0sdpZFQIkXCsYIY7NY=
-19,29,SfRbxVIVIywFLwWk4lY05iQCTkk=,wzhjw+YFi0sdpZFQIkXCsYIY7NY=
-21,18,SfRbxVIVIywFLwWk4lY05iQCTkk=,wzhjw+YFi0sdpZFQIkXCsYIY7NY=
-18,29,SfRbxVIVIywFLwWk4lY05iQCTkk=,wzhjw+YFi0sdpZFQIkXCsYIY7NY=
-17,16,SfRbxVIVIywFLwWk4lY05iQCTkk=,wzhjw+YFi0sdpZFQIkXCsYIY7NY=
-20,29,SfRbxVIVIywFLwWk4lY05iQCTkk=,wzhjw+YFi0sdpZFQIkXCsYIY7NY=
-23,29,SfRbxVIVIywFLwWk4lY05iQCTkk=,wzhjw+YFi0sdpZFQIkXCsYIY7NY=
-22,29,SfRbxVIVIywFLwWk4lY05iQCTkk=,wzhjw+YFi0sdpZFQIkXCsYIY7NY=
-24,29,SfRbxVIVIywFLwWk4lY05iQCTkk=,wzhjw+YFi0sdpZFQIkXCsYIY7NY=
-26,29,SfRbxVIVIywFLwWk4lY05iQCTkk=,wzhjw+YFi0sdpZFQIkXCsYIY7NY=
-21,29,SfRbxVIVIywFLwWk4lY05iQCTkk=,wzhjw+YFi0sdpZFQIkXCsYIY7NY=
-25,29,SfRbxVIVIywFLwWk4lY05iQCTkk=,wzhjw+YFi0sdpZFQIkXCsYIY7NY=
-28,29,SfRbxVIVIywFLwWk4lY05iQCTkk=,wzhjw+YFi0sdpZFQIkXCsYIY7NY=
-27,29,SfRbxVIVIywFLwWk4lY05iQCTkk=,wzhjw+YFi0sdpZFQIkXCsYIY7NY=
-29,29,SfRbxVIVIywFLwWk4lY05iQCTkk=,wzhjw+YFi0sdpZFQIkXCsYIY7NY=
-31,29,SfRbxVIVIywFLwWk4lY05iQCTkk=,wzhjw+YFi0sdpZFQIkXCsYIY7NY=
-30,29,SfRbxVIVIywFLwWk4lY05iQCTkk=,wzhjw+YFi0sdpZFQIkXCsYIY7NY=
-31,16,SfRbxVIVIywFLwWk4lY05iQCTkk=,wzhjw+YFi0sdpZFQIkXCsYIY7NY=
-17,28,SfRbxVIVIywFLwWk4lY05iQCTkk=,wzhjw+YFi0sdpZFQIkXCsYIY7NY=
-32,29,SfRbxVIVIywFLwWk4lY05iQCTkk=,wzhjw+YFi0sdpZFQIkXCsYIY7NY=
-18,28,SfRbxVIVIywFLwWk4lY05iQCTkk=,wzhjw+YFi0sdpZFQIkXCsYIY7NY=
-18,16,SfRbxVIVIywFLwWk4lY05iQCTkk=,wzhjw+YFi0sdpZFQIkXCsYIY7NY=
-19,28,SfRbxVIVIywFLwWk4lY05iQCTkk=,wzhjw+YFi0sdpZFQIkXCsYIY7NY=
-20,28,SfRbxVIVIywFLwWk4lY05iQCTkk=,wzhjw+YFi0sdpZFQIkXCsYIY7NY=
-22,18,SfRbxVIVIywFLwWk4lY05iQCTkk=,wzhjw+YFi0sdpZFQIkXCsYIY7NY=
-23,28,SfRbxVIVIywFLwWk4lY05iQCTkk=,wzhjw+YFi0sdpZFQIkXCsYIY7NY=
-21,28,SfRbxVIVIywFLwWk4lY05iQCTkk=,wzhjw+YFi0sdpZFQIkXCsYIY7NY=
-22,28,SfRbxVIVIywFLwWk4lY05iQCTkk=,wzhjw+YFi0sdpZFQIkXCsYIY7NY=
-24,28,SfRbxVIVIywFLwWk4lY05iQCTkk=,wzhjw+YFi0sdpZFQIkXCsYIY7NY=
-25,28,SfRbxVIVIywFLwWk4lY05iQCTkk=,wzhjw+YFi0sdpZFQIkXCsYIY7NY=
-26,28,SfRbxVIVIywFLwWk4lY05iQCTkk=,wzhjw+YFi0sdpZFQIkXCsYIY7NY=
-28,28,SfRbxVIVIywFLwWk4lY05iQCTkk=,wzhjw+YFi0sdpZFQIkXCsYIY7NY=
-29,28,SfRbxVIVIywFLwWk4lY05iQCTkk=,wzhjw+YFi0sdpZFQIkXCsYIY7NY=
-27,28,SfRbxVIVIywFLwWk4lY05iQCTkk=,wzhjw+YFi0sdpZFQIkXCsYIY7NY=
-30,28,SfRbxVIVIywFLwWk4lY05iQCTkk=,wzhjw+YFi0sdpZFQIkXCsYIY7NY=
-32,28,SfRbxVIVIywFLwWk4lY05iQCTkk=,wzhjw+YFi0sdpZFQIkXCsYIY7NY=
-31,28,SfRbxVIVIywFLwWk4lY05iQCTkk=,wzhjw+YFi0sdpZFQIkXCsYIY7NY=
-17,27,SfRbxVIVIywFLwWk4lY05iQCTkk=,wzhjw+YFi0sdpZFQIkXCsYIY7NY=
-18,27,SfRbxVIVIywFLwWk4lY05iQCTkk=,wzhjw+YFi0sdpZFQIkXCsYIY7NY=
-20,27,SfRbxVIVIywFLwWk4lY05iQCTkk=,wzhjw+YFi0sdpZFQIkXCsYIY7NY=
-19,27,SfRbxVIVIywFLwWk4lY05iQCTkk=,wzhjw+YFi0sdpZFQIkXCsYIY7NY=
-21,27,SfRbxVIVIywFLwWk4lY05iQCTkk=,wzhjw+YFi0sdpZFQIkXCsYIY7NY=
-19,16,SfRbxVIVIywFLwWk4lY05iQCTkk=,wzhjw+YFi0sdpZFQIkXCsYIY7NY=
-23,18,SfRbxVIVIywFLwWk4lY05iQCTkk=,wzhjw+YFi0sdpZFQIkXCsYIY7NY=
-22,27,SfRbxVIVIywFLwWk4lY05iQCTkk=,wzhjw+YFi0sdpZFQIkXCsYIY7NY=
-23,27,SfRbxVIVIywFLwWk4lY05iQCTkk=,wzhjw+YFi0sdpZFQIkXCsYIY7NY=
-24,27,SfRbxVIVIywFLwWk4lY05iQCTkk=,wzhjw+YFi0sdpZFQIkXCsYIY7NY=
-26,27,SfRbxVIVIywFLwWk4lY05iQCTkk=,wzhjw+YFi0sdpZFQIkXCsYIY7NY=
-25,27,SfRbxVIVIywFLwWk4lY05iQCTkk=,wzhjw+YFi0sdpZFQIkXCsYIY7NY=
-27,27,SfRbxVIVIywFLwWk4lY05iQCTkk=,wzhjw+YFi0sdpZFQIkXCsYIY7NY=
-28,27,SfRbxVIVIywFLwWk4lY05iQCTkk=,wzhjw+YFi0sdpZFQIkXCsYIY7NY=
-31,27,SfRbxVIVIywFLwWk4lY05iQCTkk=,wzhjw+YFi0sdpZFQIkXCsYIY7NY=
-30,27,SfRbxVIVIywFLwWk4lY05iQCTkk=,wzhjw+YFi0sdpZFQIkXCsYIY7NY=
-29,27,SfRbxVIVIywFLwWk4lY05iQCTkk=,wzhjw+YFi0sdpZFQIkXCsYIY7NY=
-32,27,SfRbxVIVIywFLwWk4lY05iQCTkk=,wzhjw+YFi0sdpZFQIkXCsYIY7NY=
-18,26,SfRbxVIVIywFLwWk4lY05iQCTkk=,wzhjw+YFi0sdpZFQIkXCsYIY7NY=
-17,26,SfRbxVIVIywFLwWk4lY05iQCTkk=,wzhjw+YFi0sdpZFQIkXCsYIY7NY=
-19,26,SfRbxVIVIywFLwWk4lY05iQCTkk=,wzhjw+YFi0sdpZFQIkXCsYIY7NY=
-21,26,SfRbxVIVIywFLwWk4lY05iQCTkk=,wzhjw+YFi0sdpZFQIkXCsYIY7NY=
-20,26,SfRbxVIVIywFLwWk4lY05iQCTkk=,wzhjw+YFi0sdpZFQIkXCsYIY7NY=
-20,16,SfRbxVIVIywFLwWk4lY05iQCTkk=,wzhjw+YFi0sdpZFQIkXCsYIY7NY=
-23,26,SfRbxVIVIywFLwWk4lY05iQCTkk=,wzhjw+YFi0sdpZFQIkXCsYIY7NY=
-22,26,SfRbxVIVIywFLwWk4lY05iQCTkk=,wzhjw+YFi0sdpZFQIkXCsYIY7NY=
-24,18,SfRbxVIVIywFLwWk4lY05iQCTkk=,wzhjw+YFi0sdpZFQIkXCsYIY7NY=
-25,26,SfRbxVIVIywFLwWk4lY05iQCTkk=,wzhjw+YFi0sdpZFQIkXCsYIY7NY=
-24,26,SfRbxVIVIywFLwWk4lY05iQCTkk=,wzhjw+YFi0sdpZFQIkXCsYIY7NY=
-26,26,SfRbxVIVIywFLwWk4lY05iQCTkk=,wzhjw+YFi0sdpZFQIkXCsYIY7NY=
-27,26,SfRbxVIVIywFLwWk4lY05iQCTkk=,wzhjw+YFi0sdpZFQIkXCsYIY7NY=
-28,26,SfRbxVIVIywFLwWk4lY05iQCTkk=,wzhjw+YFi0sdpZFQIkXCsYIY7NY=
-30,26,SfRbxVIVIywFLwWk4lY05iQCTkk=,wzhjw+YFi0sdpZFQIkXCsYIY7NY=
-31,26,SfRbxVIVIywFLwWk4lY05iQCTkk=,wzhjw+YFi0sdpZFQIkXCsYIY7NY=
-29,26,SfRbxVIVIywFLwWk4lY05iQCTkk=,wzhjw+YFi0sdpZFQIkXCsYIY7NY=
-32,26,SfRbxVIVIywFLwWk4lY05iQCTkk=,wzhjw+YFi0sdpZFQIkXCsYIY7NY=
-18,25,SfRbxVIVIywFLwWk4lY05iQCTkk=,wzhjw+YFi0sdpZFQIkXCsYIY7NY=
-17,25,SfRbxVIVIywFLwWk4lY05iQCTkk=,wzhjw+YFi0sdpZFQIkXCsYIY7NY=
-19,25,SfRbxVIVIywFLwWk4lY05iQCTkk=,wzhjw+YFi0sdpZFQIkXCsYIY7NY=
-20,25,SfRbxVIVIywFLwWk4lY05iQCTkk=,wzhjw+YFi0sdpZFQIkXCsYIY7NY=
-21,25,SfRbxVIVIywFLwWk4lY05iQCTkk=,wzhjw+YFi0sdpZFQIkXCsYIY7NY=
-22,25,SfRbxVIVIywFLwWk4lY05iQCTkk=,wzhjw+YFi0sdpZFQIkXCsYIY7NY=
-21,16,SfRbxVIVIywFLwWk4lY05iQCTkk=,wzhjw+YFi0sdpZFQIkXCsYIY7NY=
-23,25,SfRbxVIVIywFLwWk4lY05iQCTkk=,wzhjw+YFi0sdpZFQIkXCsYIY7NY=
-25,18,SfRbxVIVIywFLwWk4lY05iQCTkk=,wzhjw+YFi0sdpZFQIkXCsYIY7NY=
-25,25,SfRbxVIVIywFLwWk4lY05iQCTkk=,wzhjw+YFi0sdpZFQIkXCsYIY7NY=
-24,25,SfRbxVIVIywFLwWk4lY05iQCTkk=,wzhjw+YFi0sdpZFQIkXCsYIY7NY=
-27,25,SfRbxVIVIywFLwWk4lY05iQCTkk=,wzhjw+YFi0sdpZFQIkXCsYIY7NY=
-26,25,SfRbxVIVIywFLwWk4lY05iQCTkk=,wzhjw+YFi0sdpZFQIkXCsYIY7NY=
-28,25,SfRbxVIVIywFLwWk4lY05iQCTkk=,wzhjw+YFi0sdpZFQIkXCsYIY7NY=
-30,25,SfRbxVIVIywFLwWk4lY05iQCTkk=,wzhjw+YFi0sdpZFQIkXCsYIY7NY=
-31,25,SfRbxVIVIywFLwWk4lY05iQCTkk=,wzhjw+YFi0sdpZFQIkXCsYIY7NY=
-29,25,SfRbxVIVIywFLwWk4lY05iQCTkk=,wzhjw+YFi0sdpZFQIkXCsYIY7NY=
-17,24,SfRbxVIVIywFLwWk4lY05iQCTkk=,wzhjw+YFi0sdpZFQIkXCsYIY7NY=
-32,25,SfRbxVIVIywFLwWk4lY05iQCTkk=,wzhjw+YFi0sdpZFQIkXCsYIY7NY=
-18,24,SfRbxVIVIywFLwWk4lY05iQCTkk=,wzhjw+YFi0sdpZFQIkXCsYIY7NY=
-19,24,SfRbxVIVIywFLwWk4lY05iQCTkk=,wzhjw+YFi0sdpZFQIkXCsYIY7NY=
-20,24,SfRbxVIVIywFLwWk4lY05iQCTkk=,wzhjw+YFi0sdpZFQIkXCsYIY7NY=
-23,24,SfRbxVIVIywFLwWk4lY05iQCTkk=,wzhjw+YFi0sdpZFQIkXCsYIY7NY=
-21,24,SfRbxVIVIywFLwWk4lY05iQCTkk=,wzhjw+YFi0sdpZFQIkXCsYIY7NY=
-22,24,SfRbxVIVIywFLwWk4lY05iQCTkk=,wzhjw+YFi0sdpZFQIkXCsYIY7NY=
-22,16,SfRbxVIVIywFLwWk4lY05iQCTkk=,wzhjw+YFi0sdpZFQIkXCsYIY7NY=
-26,18,SfRbxVIVIywFLwWk4lY05iQCTkk=,wzhjw+YFi0sdpZFQIkXCsYIY7NY=
-24,24,SfRbxVIVIywFLwWk4lY05iQCTkk=,wzhjw+YFi0sdpZFQIkXCsYIY7NY=
-25,24,SfRbxVIVIywFLwWk4lY05iQCTkk=,wzhjw+YFi0sdpZFQIkXCsYIY7NY=
-27,24,SfRbxVIVIywFLwWk4lY05iQCTkk=,wzhjw+YFi0sdpZFQIkXCsYIY7NY=
-26,24,SfRbxVIVIywFLwWk4lY05iQCTkk=,wzhjw+YFi0sdpZFQIkXCsYIY7NY=
-28,24,SfRbxVIVIywFLwWk4lY05iQCTkk=,wzhjw+YFi0sdpZFQIkXCsYIY7NY=
-29,24,SfRbxVIVIywFLwWk4lY05iQCTkk=,wzhjw+YFi0sdpZFQIkXCsYIY7NY=
-32,24,SfRbxVIVIywFLwWk4lY05iQCTkk=,wzhjw+YFi0sdpZFQIkXCsYIY7NY=
-31,24,SfRbxVIVIywFLwWk4lY05iQCTkk=,wzhjw+YFi0sdpZFQIkXCsYIY7NY=
-30,24,SfRbxVIVIywFLwWk4lY05iQCTkk=,wzhjw+YFi0sdpZFQIkXCsYIY7NY=
-17,23,SfRbxVIVIywFLwWk4lY05iQCTkk=,wzhjw+YFi0sdpZFQIkXCsYIY7NY=
-18,23,SfRbxVIVIywFLwWk4lY05iQCTkk=,wzhjw+YFi0sdpZFQIkXCsYIY7NY=
-19,23,SfRbxVIVIywFLwWk4lY05iQCTkk=,wzhjw+YFi0sdpZFQIkXCsYIY7NY=
-20,23,SfRbxVIVIywFLwWk4lY05iQCTkk=,wzhjw+YFi0sdpZFQIkXCsYIY7NY=
-21,23,SfRbxVIVIywFLwWk4lY05iQCTkk=,wzhjw+YFi0sdpZFQIkXCsYIY7NY=
-22,23,SfRbxVIVIywFLwWk4lY05iQCTkk=,wzhjw+YFi0sdpZFQIkXCsYIY7NY=
-23,23,SfRbxVIVIywFLwWk4lY05iQCTkk=,wzhjw+YFi0sdpZFQIkXCsYIY7NY=
-24,23,SfRbxVIVIywFLwWk4lY05iQCTkk=,wzhjw+YFi0sdpZFQIkXCsYIY7NY=
-23,16,SfRbxVIVIywFLwWk4lY05iQCTkk=,wzhjw+YFi0sdpZFQIkXCsYIY7NY=
-27,18,SfRbxVIVIywFLwWk4lY05iQCTkk=,wzhjw+YFi0sdpZFQIkXCsYIY7NY=
-25,23,SfRbxVIVIywFLwWk4lY05iQCTkk=,wzhjw+YFi0sdpZFQIkXCsYIY7NY=
-27,23,SfRbxVIVIywFLwWk4lY05iQCTkk=,wzhjw+YFi0sdpZFQIkXCsYIY7NY=
-26,23,SfRbxVIVIywFLwWk4lY05iQCTkk=,wzhjw+YFi0sdpZFQIkXCsYIY7NY=
-28,23,SfRbxVIVIywFLwWk4lY05iQCTkk=,wzhjw+YFi0sdpZFQIkXCsYIY7NY=
-29,23,SfRbxVIVIywFLwWk4lY05iQCTkk=,wzhjw+YFi0sdpZFQIkXCsYIY7NY=
-30,23,SfRbxVIVIywFLwWk4lY05iQCTkk=,wzhjw+YFi0sdpZFQIkXCsYIY7NY=
-18,22,SfRbxVIVIywFLwWk4lY05iQCTkk=,wzhjw+YFi0sdpZFQIkXCsYIY7NY=
-32,23,SfRbxVIVIywFLwWk4lY05iQCTkk=,wzhjw+YFi0sdpZFQIkXCsYIY7NY=
-17,22,SfRbxVIVIywFLwWk4lY05iQCTkk=,wzhjw+YFi0sdpZFQIkXCsYIY7NY=
-20,22,SfRbxVIVIywFLwWk4lY05iQCTkk=,wzhjw+YFi0sdpZFQIkXCsYIY7NY=
-31,23,SfRbxVIVIywFLwWk4lY05iQCTkk=,wzhjw+YFi0sdpZFQIkXCsYIY7NY=
-19,22,SfRbxVIVIywFLwWk4lY05iQCTkk=,wzhjw+YFi0sdpZFQIkXCsYIY7NY=
-21,22,SfRbxVIVIywFLwWk4lY05iQCTkk=,wzhjw+YFi0sdpZFQIkXCsYIY7NY=
-22,22,SfRbxVIVIywFLwWk4lY05iQCTkk=,wzhjw+YFi0sdpZFQIkXCsYIY7NY=
-23,22,SfRbxVIVIywFLwWk4lY05iQCTkk=,wzhjw+YFi0sdpZFQIkXCsYIY7NY=
-24,22,SfRbxVIVIywFLwWk4lY05iQCTkk=,wzhjw+YFi0sdpZFQIkXCsYIY7NY=
-25,22,SfRbxVIVIywFLwWk4lY05iQCTkk=,wzhjw+YFi0sdpZFQIkXCsYIY7NY=
-26,22,SfRbxVIVIywFLwWk4lY05iQCTkk=,wzhjw+YFi0sdpZFQIkXCsYIY7NY=
-24,16,SfRbxVIVIywFLwWk4lY05iQCTkk=,wzhjw+YFi0sdpZFQIkXCsYIY7NY=
-27,22,SfRbxVIVIywFLwWk4lY05iQCTkk=,wzhjw+YFi0sdpZFQIkXCsYIY7NY=
-28,22,SfRbxVIVIywFLwWk4lY05iQCTkk=,wzhjw+YFi0sdpZFQIkXCsYIY7NY=
-29,22,SfRbxVIVIywFLwWk4lY05iQCTkk=,wzhjw+YFi0sdpZFQIkXCsYIY7NY=
-30,22,SfRbxVIVIywFLwWk4lY05iQCTkk=,wzhjw+YFi0sdpZFQIkXCsYIY7NY=
-31,22,SfRbxVIVIywFLwWk4lY05iQCTkk=,wzhjw+YFi0sdpZFQIkXCsYIY7NY=
-32,22,SfRbxVIVIywFLwWk4lY05iQCTkk=,wzhjw+YFi0sdpZFQIkXCsYIY7NY=
-18,21,SfRbxVIVIywFLwWk4lY05iQCTkk=,wzhjw+YFi0sdpZFQIkXCsYIY7NY=
-17,21,SfRbxVIVIywFLwWk4lY05iQCTkk=,wzhjw+YFi0sdpZFQIkXCsYIY7NY=
-19,21,SfRbxVIVIywFLwWk4lY05iQCTkk=,wzhjw+YFi0sdpZFQIkXCsYIY7NY=
-20,21,SfRbxVIVIywFLwWk4lY05iQCTkk=,wzhjw+YFi0sdpZFQIkXCsYIY7NY=
-21,21,SfRbxVIVIywFLwWk4lY05iQCTkk=,wzhjw+YFi0sdpZFQIkXCsYIY7NY=
-23,21,SfRbxVIVIywFLwWk4lY05iQCTkk=,wzhjw+YFi0sdpZFQIkXCsYIY7NY=
-22,21,SfRbxVIVIywFLwWk4lY05iQCTkk=,wzhjw+YFi0sdpZFQIkXCsYIY7NY=
-24,21,SfRbxVIVIywFLwWk4lY05iQCTkk=,wzhjw+YFi0sdpZFQIkXCsYIY7NY=
-25,21,SfRbxVIVIywFLwWk4lY05iQCTkk=,wzhjw+YFi0sdpZFQIkXCsYIY7NY=
-26,21,SfRbxVIVIywFLwWk4lY05iQCTkk=,wzhjw+YFi0sdpZFQIkXCsYIY7NY=
-25,16,SfRbxVIVIywFLwWk4lY05iQCTkk=,wzhjw+YFi0sdpZFQIkXCsYIY7NY=
-27,21,SfRbxVIVIywFLwWk4lY05iQCTkk=,wzhjw+YFi0sdpZFQIkXCsYIY7NY=
-29,18,SfRbxVIVIywFLwWk4lY05iQCTkk=,wzhjw+YFi0sdpZFQIkXCsYIY7NY=
-28,21,SfRbxVIVIywFLwWk4lY05iQCTkk=,wzhjw+YFi0sdpZFQIkXCsYIY7NY=
-30,21,SfRbxVIVIywFLwWk4lY05iQCTkk=,wzhjw+YFi0sdpZFQIkXCsYIY7NY=
-29,21,SfRbxVIVIywFLwWk4lY05iQCTkk=,wzhjw+YFi0sdpZFQIkXCsYIY7NY=
-32,21,SfRbxVIVIywFLwWk4lY05iQCTkk=,wzhjw+YFi0sdpZFQIkXCsYIY7NY=
-31,21,SfRbxVIVIywFLwWk4lY05iQCTkk=,wzhjw+YFi0sdpZFQIkXCsYIY7NY=
-26,16,SfRbxVIVIywFLwWk4lY05iQCTkk=,wzhjw+YFi0sdpZFQIkXCsYIY7NY=
-17,20,SfRbxVIVIywFLwWk4lY05iQCTkk=,wzhjw+YFi0sdpZFQIkXCsYIY7NY=
-18,20,SfRbxVIVIywFLwWk4lY05iQCTkk=,wzhjw+YFi0sdpZFQIkXCsYIY7NY=
-21,20,SfRbxVIVIywFLwWk4lY05iQCTkk=,wzhjw+YFi0sdpZFQIkXCsYIY7NY=
-20,20,SfRbxVIVIywFLwWk4lY05iQCTkk=,wzhjw+YFi0sdpZFQIkXCsYIY7NY=
-19,20,SfRbxVIVIywFLwWk4lY05iQCTkk=,wzhjw+YFi0sdpZFQIkXCsYIY7NY=
-22,20,SfRbxVIVIywFLwWk4lY05iQCTkk=,wzhjw+YFi0sdpZFQIkXCsYIY7NY=
-23,20,SfRbxVIVIywFLwWk4lY05iQCTkk=,wzhjw+YFi0sdpZFQIkXCsYIY7NY=
-24,20,SfRbxVIVIywFLwWk4lY05iQCTkk=,wzhjw+YFi0sdpZFQIkXCsYIY7NY=
-25,20,SfRbxVIVIywFLwWk4lY05iQCTkk=,wzhjw+YFi0sdpZFQIkXCsYIY7NY=
-27,20,SfRbxVIVIywFLwWk4lY05iQCTkk=,wzhjw+YFi0sdpZFQIkXCsYIY7NY=
-26,20,SfRbxVIVIywFLwWk4lY05iQCTkk=,wzhjw+YFi0sdpZFQIkXCsYIY7NY=
-28,20,SfRbxVIVIywFLwWk4lY05iQCTkk=,wzhjw+YFi0sdpZFQIkXCsYIY7NY=
-27,16,SfRbxVIVIywFLwWk4lY05iQCTkk=,wzhjw+YFi0sdpZFQIkXCsYIY7NY=
-30,18,SfRbxVIVIywFLwWk4lY05iQCTkk=,wzhjw+YFi0sdpZFQIkXCsYIY7NY=
-29,20,SfRbxVIVIywFLwWk4lY05iQCTkk=,wzhjw+YFi0sdpZFQIkXCsYIY7NY=
-31,20,SfRbxVIVIywFLwWk4lY05iQCTkk=,wzhjw+YFi0sdpZFQIkXCsYIY7NY=
-30,20,SfRbxVIVIywFLwWk4lY05iQCTkk=,wzhjw+YFi0sdpZFQIkXCsYIY7NY=
-32,20,SfRbxVIVIywFLwWk4lY05iQCTkk=,wzhjw+YFi0sdpZFQIkXCsYIY7NY=
-31,18,SfRbxVIVIywFLwWk4lY05iQCTkk=,wzhjw+YFi0sdpZFQIkXCsYIY7NY=
-17,19,SfRbxVIVIywFLwWk4lY05iQCTkk=,wzhjw+YFi0sdpZFQIkXCsYIY7NY=
-18,19,SfRbxVIVIywFLwWk4lY05iQCTkk=,wzhjw+YFi0sdpZFQIkXCsYIY7NY=
-19,19,SfRbxVIVIywFLwWk4lY05iQCTkk=,wzhjw+YFi0sdpZFQIkXCsYIY7NY=
-22,19,SfRbxVIVIywFLwWk4lY05iQCTkk=,wzhjw+YFi0sdpZFQIkXCsYIY7NY=
-20,19,SfRbxVIVIywFLwWk4lY05iQCTkk=,wzhjw+YFi0sdpZFQIkXCsYIY7NY=
-21,19,SfRbxVIVIywFLwWk4lY05iQCTkk=,wzhjw+YFi0sdpZFQIkXCsYIY7NY=
-23,19,SfRbxVIVIywFLwWk4lY05iQCTkk=,wzhjw+YFi0sdpZFQIkXCsYIY7NY=
-25,19,SfRbxVIVIywFLwWk4lY05iQCTkk=,wzhjw+YFi0sdpZFQIkXCsYIY7NY=
-24,19,SfRbxVIVIywFLwWk4lY05iQCTkk=,wzhjw+YFi0sdpZFQIkXCsYIY7NY=
-26,19,SfRbxVIVIywFLwWk4lY05iQCTkk=,wzhjw+YFi0sdpZFQIkXCsYIY7NY=
-27,19,SfRbxVIVIywFLwWk4lY05iQCTkk=,wzhjw+YFi0sdpZFQIkXCsYIY7NY=
-28,19,SfRbxVIVIywFLwWk4lY05iQCTkk=,wzhjw+YFi0sdpZFQIkXCsYIY7NY=
-28,16,SfRbxVIVIywFLwWk4lY05iQCTkk=,wzhjw+YFi0sdpZFQIkXCsYIY7NY=
-29,19,SfRbxVIVIywFLwWk4lY05iQCTkk=,wzhjw+YFi0sdpZFQIkXCsYIY7NY=
-32,18,SfRbxVIVIywFLwWk4lY05iQCTkk=,wzhjw+YFi0sdpZFQIkXCsYIY7NY=
-30,19,SfRbxVIVIywFLwWk4lY05iQCTkk=,wzhjw+YFi0sdpZFQIkXCsYIY7NY=
-32,19,SfRbxVIVIywFLwWk4lY05iQCTkk=,wzhjw+YFi0sdpZFQIkXCsYIY7NY=
-31,19,SfRbxVIVIywFLwWk4lY05iQCTkk=,wzhjw+YFi0sdpZFQIkXCsYIY7NY=
-17,18,SfRbxVIVIywFLwWk4lY05iQCTkk=,wzhjw+YFi0sdpZFQIkXCsYIY7NY=
-18,18,SfRbxVIVIywFLwWk4lY05iQCTkk=,wzhjw+YFi0sdpZFQIkXCsYIY7NY=
-28,18,SfRbxVIVIywFLwWk4lY05iQCTkk=,wzhjw+YFi0sdpZFQIkXCsYIY7NY=
