31,-1,Kwuzj5mYe/G/NIUtAP1vl86LqAI=,EdGdd37xECH8FS2ETXGyiIq31zw=
31,-15,Kwuzj5mYe/G/NIUtAP1vl86LqAI=,EdGdd37xECH8FS2ETXGyiIq31zw=
28,-14,Kwuzj5mYe/G/NIUtAP1vl86LqAI=,EdGdd37xECH8FS2ETXGyiIq31zw=
29,-14,qzbM9xfXkIJM8Em9z5HclQr+/bg=,EdGdd37xECH8FS2ETXGyiIq31zw=
27,-13,qzbM9xfXkIJM8Em9z5HclQr+/bg=,EdGdd37xECH8FS2ETXGyiIq31zw=
30,-1,qzbM9xfXkIJM8Em9z5HclQr+/bg=,EdGdd37xECH8FS2ETXGyiIq31zw=
29,-1,qzbM9xfXkIJM8Em9z5HclQr+/bg=,EdGdd37xECH8FS2ETXGyiIq31zw=
16,-16,qzbM9xfXkIJM8Em9z5HclQr+/bg=,EdGdd37xECH8FS2ETXGyiIq31zw=
28,-13,qzbM9xfXkIJM8Em9z5HclQr+/bg=,EdGdd37xECH8FS2ETXGyiIq31zw=
30,-14,qzbM9xfXkIJM8Em9z5HclQr+/bg=,EdGdd37xECH8FS2ETXGyiIq31zw=
20,-16,qzbM9xfXkIJM8Em9z5HclQr+/bg=,EdGdd37xECH8FS2ETXGyiIq31zw=
29,-13,qzbM9xfXkIJM8Em9z5HclQr+/bg=,EdGdd37xECH8FS2ETXGyiIq31zw=
30,-13,qzbM9xfXkIJM8Em9z5HclQr+/bg=,EdGdd37xECH8FS2ETXGyiIq31zw=
21,-16,qzbM9xfXkIJM8Em9z5HclQr+/bg=,EdGdd37xECH8FS2ETXGyiIq31zw=
19,-16,qzbM9xfXkIJM8Em9z5HclQr+/bg=,EdGdd37xECH8FS2ETXGyiIq31zw=
28,-1,qzbM9xfXkIJM8Em9z5HclQr+/bg=,EdGdd37xECH8FS2ETXGyiIq31zw=
27,-1,qzbM9xfXkIJM8Em9z5HclQr+/bg=,EdGdd37xECH8FS2ETXGyiIq31zw=
26,-1,qzbM9xfXkIJM8Em9z5HclQr+/bg=,EdGdd37xECH8FS2ETXGyiIq31zw=
18,-15,qzbM9xfXkIJM8Em9z5HclQr+/bg=,EdGdd37xECH8FS2ETXGyiIq31zw=
31,-13,qzbM9xfXkIJM8Em9z5HclQr+/bg=,EdGdd37xECH8FS2ETXGyiIq31zw=
25,-1,qzbM9xfXkIJM8Em9z5HclQr+/bg=,EdGdd37xECH8FS2ETXGyiIq31zw=
27,-14,qzbM9xfXkIJM8Em9z5HclQr+/bg=,EdGdd37xECH8FS2ETXGyiIq31zw=
25,-14,qzbM9xfXkIJM8Em9z5HclQr+/bg=,EdGdd37xECH8FS2ETXGyiIq31zw=
24,-14,qzbM9xfXkIJM8Em9z5HclQr+/bg=,EdGdd37xECH8FS2ETXGyiIq31zw=
26,-14,qzbM9xfXkIJM8Em9z5HclQr+/bg=,EdGdd37xECH8FS2ETXGyiIq31zw=
23,-14,qzbM9xfXkIJM8Em9z5HclQr+/bg=,EdGdd37xECH8FS2ETXGyiIq31zw=
22,-14,qzbM9xfXkIJM8Em9z5HclQr+/bg=,EdGdd37xECH8FS2ETXGyiIq31zw=
21,-14,qzbM9xfXkIJM8Em9z5HclQr+/bg=,EdGdd37xECH8FS2ETXGyiIq31zw=
20,-14,qzbM9xfXkIJM8Em9z5HclQr+/bg=,EdGdd37xECH8FS2ETXGyiIq31zw=
24,-1,qzbM9xfXkIJM8Em9z5HclQr+/bg=,EdGdd37xECH8FS2ETXGyiIq31zw=
16,-12,qzbM9xfXkIJM8Em9z5HclQr+/bg=,EdGdd37xECH8FS2ETXGyiIq31zw=
22,-1,qzbM9xfXkIJM8Em9z5HclQr+/bg=,EdGdd37xECH8FS2ETXGyiIq31zw=
23,-1,qzbM9xfXkIJM8Em9z5HclQr+/bg=,EdGdd37xECH8FS2ETXGyiIq31zw=
21,-1,qzbM9xfXkIJM8Em9z5HclQr+/bg=,EdGdd37xECH8FS2ETXGyiIq31zw=
18,-14,qzbM9xfXkIJM8Em9z5HclQr+/bg=,EdGdd37xECH8FS2ETXGyiIq31zw=
19,-14,qzbM9xfXkIJM8Em9z5HclQr+/bg=,EdGdd37xECH8FS2ETXGyiIq31zw=
17,-12,qzbM9xfXkIJM8Em9z5HclQr+/bg=,EdGdd37xECH8FS2ETXGyiIq31zw=
17,-14,qzbM9xfXkIJM8Em9z5HclQr+/bg=,EdGdd37xECH8FS2ETXGyiIq31zw=
16,-14,qzbM9xfXkIJM8Em9z5HclQr+/bg=,EdGdd37xECH8FS2ETXGyiIq31zw=
26,-13,qzbM9xfXkIJM8Em9z5HclQr+/bg=,EdGdd37xECH8FS2ETXGyiIq31zw=
19,-1,qzbM9xfXkIJM8Em9z5HclQr+/bg=,EdGdd37xECH8FS2ETXGyiIq31zw=
20,-1,qzbM9xfXkIJM8Em9z5HclQr+/bg=,EdGdd37xECH8FS2ETXGyiIq31zw=
18,-16,qzbM9xfXkIJM8Em9z5HclQr+/bg=,EdGdd37xECH8FS2ETXGyiIq31zw=
31,-2,qzbM9xfXkIJM8Em9z5HclQr+/bg=,EdGdd37xECH8FS2ETXGyiIq31zw=
30,-15,qzbM9xfXkIJM8Em9z5HclQr+/bg=,EdGdd37xECH8FS2ETXGyiIq31zw=
30,-2,qzbM9xfXkIJM8Em9z5HclQr+/bg=,EdGdd37xECH8FS2ETXGyiIq31zw=
18,-12,qzbM9xfXkIJM8Em9z5HclQr+/bg=,EdGdd37xECH8FS2ETXGyiIq31zw=
16,-1,qzbM9xfXkIJM8Em9z5HclQr+/bg=,EdGdd37xECH8FS2ETXGyiIq31zw=
18,-1,qzbM9xfXkIJM8Em9z5HclQr+/bg=,EdGdd37xECH8FS2ETXGyiIq31zw=
17,-1,qzbM9xfXkIJM8Em9z5HclQr+/bg=,EdGdd37xECH8FS2ETXGyiIq31zw=
29,-2,qzbM9xfXkIJM8Em9z5HclQr+/bg=,EdGdd37xECH8FS2ETXGyiIq31zw=
28,-2,qzbM9xfXkIJM8Em9z5HclQr+/bg=,EdGdd37xECH8FS2ETXGyiIq31zw=
27,-2,qzbM9xfXkIJM8Em9z5HclQr+/bg=,EdGdd37xECH8FS2ETXGyiIq31zw=
26,-2,qzbM9xfXkIJM8Em9z5HclQr+/bg=,EdGdd37xECH8FS2ETXGyiIq31zw=
19,-12,qzbM9xfXkIJM8Em9z5HclQr+/bg=,EdGdd37xECH8FS2ETXGyiIq31zw=
20,-12,qzbM9xfXkIJM8Em9z5HclQr+/bg=,EdGdd37xECH8FS2ETXGyiIq31zw=
21,-12,qzbM9xfXkIJM8Em9z5HclQr+/bg=,EdGdd37xECH8FS2ETXGyiIq31zw=
22,-12,qzbM9xfXkIJM8Em9z5HclQr+/bg=,EdGdd37xECH8FS2ETXGyiIq31zw=
23,-12,qzbM9xfXkIJM8Em9z5HclQr+/bg=,EdGdd37xECH8FS2ETXGyiIq31zw=
24,-12,qzbM9xfXkIJM8Em9z5HclQr+/bg=,EdGdd37xECH8FS2ETXGyiIq31zw=
25,-12,qzbM9xfXkIJM8Em9z5HclQr+/bg=,EdGdd37xECH8FS2ETXGyiIq31zw=
25,-2,qzbM9xfXkIJM8Em9z5HclQr+/bg=,EdGdd37xECH8FS2ETXGyiIq31zw=
26,-12,qzbM9xfXkIJM8Em9z5HclQr+/bg=,EdGdd37xECH8FS2ETXGyiIq31zw=
31,-14,qzbM9xfXkIJM8Em9z5HclQr+/bg=,EdGdd37xECH8FS2ETXGyiIq31zw=
27,-12,qzbM9xfXkIJM8Em9z5HclQr+/bg=,EdGdd37xECH8FS2ETXGyiIq31zw=
22,-16,qzbM9xfXkIJM8Em9z5HclQr+/bg=,EdGdd37xECH8FS2ETXGyiIq31zw=
28,-12,qzbM9xfXkIJM8Em9z5HclQr+/bg=,EdGdd37xECH8FS2ETXGyiIq31zw=
29,-12,qzbM9xfXkIJM8Em9z5HclQr+/bg=,EdGdd37xECH8FS2ETXGyiIq31zw=
30,-12,qzbM9xfXkIJM8Em9z5HclQr+/bg=,EdGdd37xECH8FS2ETXGyiIq31zw=
31,-12,qzbM9xfXkIJM8Em9z5HclQr+/bg=,EdGdd37xECH8FS2ETXGyiIq31zw=
24,-2,qzbM9xfXkIJM8Em9z5HclQr+/bg=,EdGdd37xECH8FS2ETXGyiIq31zw=
23,-2,qzbM9xfXkIJM8Em9z5HclQr+/bg=,EdGdd37xECH8FS2ETXGyiIq31zw=
22,-2,qzbM9xfXkIJM8Em9z5HclQr+/bg=,EdGdd37xECH8FS2ETXGyiIq31zw=
21,-2,qzbM9xfXkIJM8Em9z5HclQr+/bg=,EdGdd37xECH8FS2ETXGyiIq31zw=
20,-2,qzbM9xfXkIJM8Em9z5HclQr+/bg=,EdGdd37xECH8FS2ETXGyiIq31zw=
25,-13,qzbM9xfXkIJM8Em9z5HclQr+/bg=,EdGdd37xECH8FS2ETXGyiIq31zw=
19,-2,qzbM9xfXkIJM8Em9z5HclQr+/bg=,EdGdd37xECH8FS2ETXGyiIq31zw=
19,-15,qzbM9xfXkIJM8Em9z5HclQr+/bg=,EdGdd37xECH8FS2ETXGyiIq31zw=
18,-2,qzbM9xfXkIJM8Em9z5HclQr+/bg=,EdGdd37xECH8FS2ETXGyiIq31zw=
17,-15,qzbM9xfXkIJM8Em9z5HclQr+/bg=,EdGdd37xECH8FS2ETXGyiIq31zw=
31,-3,qzbM9xfXkIJM8Em9z5HclQr+/bg=,EdGdd37xECH8FS2ETXGyiIq31zw=
30,-3,qzbM9xfXkIJM8Em9z5HclQr+/bg=,EdGdd37xECH8FS2ETXGyiIq31zw=
16,-15,qzbM9xfXkIJM8Em9z5HclQr+/bg=,EdGdd37xECH8FS2ETXGyiIq31zw=
29,-3,qzbM9xfXkIJM8Em9z5HclQr+/bg=,EdGdd37xECH8FS2ETXGyiIq31zw=
17,-2,qzbM9xfXkIJM8Em9z5HclQr+/bg=,EdGdd37xECH8FS2ETXGyiIq31zw=
16,-11,qzbM9xfXkIJM8Em9z5HclQr+/bg=,EdGdd37xECH8FS2ETXGyiIq31zw=
16,-2,qzbM9xfXkIJM8Em9z5HclQr+/bg=,EdGdd37xECH8FS2ETXGyiIq31zw=
28,-3,qzbM9xfXkIJM8Em9z5HclQr+/bg=,EdGdd37xECH8FS2ETXGyiIq31zw=
17,-11,qzbM9xfXkIJM8Em9z5HclQr+/bg=,EdGdd37xECH8FS2ETXGyiIq31zw=
27,-3,qzbM9xfXkIJM8Em9z5HclQr+/bg=,EdGdd37xECH8FS2ETXGyiIq31zw=
25,-3,qzbM9xfXkIJM8Em9z5HclQr+/bg=,EdGdd37xECH8FS2ETXGyiIq31zw=
24,-3,qzbM9xfXkIJM8Em9z5HclQr+/bg=,EdGdd37xECH8FS2ETXGyiIq31zw=
26,-3,qzbM9xfXkIJM8Em9z5HclQr+/bg=,EdGdd37xECH8FS2ETXGyiIq31zw=
23,-3,qzbM9xfXkIJM8Em9z5HclQr+/bg=,EdGdd37xECH8FS2ETXGyiIq31zw=
29,-15,qzbM9xfXkIJM8Em9z5HclQr+/bg=,EdGdd37xECH8FS2ETXGyiIq31zw=
31,-16,qzbM9xfXkIJM8Em9z5HclQr+/bg=,EdGdd37xECH8FS2ETXGyiIq31zw=
24,-13,qzbM9xfXkIJM8Em9z5HclQr+/bg=,EdGdd37xECH8FS2ETXGyiIq31zw=
18,-11,qzbM9xfXkIJM8Em9z5HclQr+/bg=,EdGdd37xECH8FS2ETXGyiIq31zw=
22,-3,qzbM9xfXkIJM8Em9z5HclQr+/bg=,EdGdd37xECH8FS2ETXGyiIq31zw=
21,-3,qzbM9xfXkIJM8Em9z5HclQr+/bg=,EdGdd37xECH8FS2ETXGyiIq31zw=
28,-15,qzbM9xfXkIJM8Em9z5HclQr+/bg=,EdGdd37xECH8FS2ETXGyiIq31zw=
20,-3,qzbM9xfXkIJM8Em9z5HclQr+/bg=,EdGdd37xECH8FS2ETXGyiIq31zw=
31,-4,qzbM9xfXkIJM8Em9z5HclQr+/bg=,EdGdd37xECH8FS2ETXGyiIq31zw=
30,-4,qzbM9xfXkIJM8Em9z5HclQr+/bg=,EdGdd37xECH8FS2ETXGyiIq31zw=
19,-3,qzbM9xfXkIJM8Em9z5HclQr+/bg=,EdGdd37xECH8FS2ETXGyiIq31zw=
17,-16,qzbM9xfXkIJM8Em9z5HclQr+/bg=,EdGdd37xECH8FS2ETXGyiIq31zw=
18,-3,qzbM9xfXkIJM8Em9z5HclQr+/bg=,EdGdd37xECH8FS2ETXGyiIq31zw=
17,-3,qzbM9xfXkIJM8Em9z5HclQr+/bg=,EdGdd37xECH8FS2ETXGyiIq31zw=
19,-11,qzbM9xfXkIJM8Em9z5HclQr+/bg=,EdGdd37xECH8FS2ETXGyiIq31zw=
20,-11,qzbM9xfXkIJM8Em9z5HclQr+/bg=,EdGdd37xECH8FS2ETXGyiIq31zw=
21,-11,qzbM9xfXkIJM8Em9z5HclQr+/bg=,EdGdd37xECH8FS2ETXGyiIq31zw=
22,-11,qzbM9xfXkIJM8Em9z5HclQr+/bg=,EdGdd37xECH8FS2ETXGyiIq31zw=
23,-11,qzbM9xfXkIJM8Em9z5HclQr+/bg=,EdGdd37xECH8FS2ETXGyiIq31zw=
24,-11,qzbM9xfXkIJM8Em9z5HclQr+/bg=,EdGdd37xECH8FS2ETXGyiIq31zw=
25,-11,qzbM9xfXkIJM8Em9z5HclQr+/bg=,EdGdd37xECH8FS2ETXGyiIq31zw=
26,-11,qzbM9xfXkIJM8Em9z5HclQr+/bg=,EdGdd37xECH8FS2ETXGyiIq31zw=
29,-4,qzbM9xfXkIJM8Em9z5HclQr+/bg=,EdGdd37xECH8FS2ETXGyiIq31zw=
16,-3,qzbM9xfXkIJM8Em9z5HclQr+/bg=,EdGdd37xECH8FS2ETXGyiIq31zw=
28,-4,qzbM9xfXkIJM8Em9z5HclQr+/bg=,EdGdd37xECH8FS2ETXGyiIq31zw=
27,-4,qzbM9xfXkIJM8Em9z5HclQr+/bg=,EdGdd37xECH8FS2ETXGyiIq31zw=
26,-4,qzbM9xfXkIJM8Em9z5HclQr+/bg=,EdGdd37xECH8FS2ETXGyiIq31zw=
16,-13,qzbM9xfXkIJM8Em9z5HclQr+/bg=,EdGdd37xECH8FS2ETXGyiIq31zw=
20,-15,qzbM9xfXkIJM8Em9z5HclQr+/bg=,EdGdd37xECH8FS2ETXGyiIq31zw=
23,-16,qzbM9xfXkIJM8Em9z5HclQr+/bg=,EdGdd37xECH8FS2ETXGyiIq31zw=
27,-11,qzbM9xfXkIJM8Em9z5HclQr+/bg=,EdGdd37xECH8FS2ETXGyiIq31zw=
28,-11,qzbM9xfXkIJM8Em9z5HclQr+/bg=,EdGdd37xECH8FS2ETXGyiIq31zw=
29,-11,qzbM9xfXkIJM8Em9z5HclQr+/bg=,EdGdd37xECH8FS2ETXGyiIq31zw=
30,-11,qzbM9xfXkIJM8Em9z5HclQr+/bg=,EdGdd37xECH8FS2ETXGyiIq31zw=
25,-4,qzbM9xfXkIJM8Em9z5HclQr+/bg=,EdGdd37xECH8FS2ETXGyiIq31zw=
31,-11,qzbM9xfXkIJM8Em9z5HclQr+/bg=,EdGdd37xECH8FS2ETXGyiIq31zw=
30,-16,qzbM9xfXkIJM8Em9z5HclQr+/bg=,EdGdd37xECH8FS2ETXGyiIq31zw=
23,-13,qzbM9xfXkIJM8Em9z5HclQr+/bg=,EdGdd37xECH8FS2ETXGyiIq31zw=
24,-4,qzbM9xfXkIJM8Em9z5HclQr+/bg=,EdGdd37xECH8FS2ETXGyiIq31zw=
23,-4,qzbM9xfXkIJM8Em9z5HclQr+/bg=,EdGdd37xECH8FS2ETXGyiIq31zw=
22,-4,qzbM9xfXkIJM8Em9z5HclQr+/bg=,EdGdd37xECH8FS2ETXGyiIq31zw=
27,-15,qzbM9xfXkIJM8Em9z5HclQr+/bg=,EdGdd37xECH8FS2ETXGyiIq31zw=
21,-4,qzbM9xfXkIJM8Em9z5HclQr+/bg=,EdGdd37xECH8FS2ETXGyiIq31zw=
31,-5,qzbM9xfXkIJM8Em9z5HclQr+/bg=,EdGdd37xECH8FS2ETXGyiIq31zw=
30,-5,qzbM9xfXkIJM8Em9z5HclQr+/bg=,EdGdd37xECH8FS2ETXGyiIq31zw=
29,-5,qzbM9xfXkIJM8Em9z5HclQr+/bg=,EdGdd37xECH8FS2ETXGyiIq31zw=
28,-5,qzbM9xfXkIJM8Em9z5HclQr+/bg=,EdGdd37xECH8FS2ETXGyiIq31zw=
27,-5,qzbM9xfXkIJM8Em9z5HclQr+/bg=,EdGdd37xECH8FS2ETXGyiIq31zw=
26,-5,qzbM9xfXkIJM8Em9z5HclQr+/bg=,EdGdd37xECH8FS2ETXGyiIq31zw=
20,-4,qzbM9xfXkIJM8Em9z5HclQr+/bg=,EdGdd37xECH8FS2ETXGyiIq31zw=
25,-5,qzbM9xfXkIJM8Em9z5HclQr+/bg=,EdGdd37xECH8FS2ETXGyiIq31zw=
24,-5,qzbM9xfXkIJM8Em9z5HclQr+/bg=,EdGdd37xECH8FS2ETXGyiIq31zw=
16,-10,qzbM9xfXkIJM8Em9z5HclQr+/bg=,EdGdd37xECH8FS2ETXGyiIq31zw=
21,-15,qzbM9xfXkIJM8Em9z5HclQr+/bg=,EdGdd37xECH8FS2ETXGyiIq31zw=
19,-4,qzbM9xfXkIJM8Em9z5HclQr+/bg=,EdGdd37xECH8FS2ETXGyiIq31zw=
17,-4,qzbM9xfXkIJM8Em9z5HclQr+/bg=,EdGdd37xECH8FS2ETXGyiIq31zw=
29,-16,qzbM9xfXkIJM8Em9z5HclQr+/bg=,EdGdd37xECH8FS2ETXGyiIq31zw=
16,-4,qzbM9xfXkIJM8Em9z5HclQr+/bg=,EdGdd37xECH8FS2ETXGyiIq31zw=
22,-13,qzbM9xfXkIJM8Em9z5HclQr+/bg=,EdGdd37xECH8FS2ETXGyiIq31zw=
18,-4,qzbM9xfXkIJM8Em9z5HclQr+/bg=,EdGdd37xECH8FS2ETXGyiIq31zw=
22,-5,qzbM9xfXkIJM8Em9z5HclQr+/bg=,EdGdd37xECH8FS2ETXGyiIq31zw=
17,-10,qzbM9xfXkIJM8Em9z5HclQr+/bg=,EdGdd37xECH8FS2ETXGyiIq31zw=
21,-5,qzbM9xfXkIJM8Em9z5HclQr+/bg=,EdGdd37xECH8FS2ETXGyiIq31zw=
26,-15,qzbM9xfXkIJM8Em9z5HclQr+/bg=,EdGdd37xECH8FS2ETXGyiIq31zw=
23,-5,qzbM9xfXkIJM8Em9z5HclQr+/bg=,EdGdd37xECH8FS2ETXGyiIq31zw=
31,-6,qzbM9xfXkIJM8Em9z5HclQr+/bg=,EdGdd37xECH8FS2ETXGyiIq31zw=
30,-6,qzbM9xfXkIJM8Em9z5HclQr+/bg=,EdGdd37xECH8FS2ETXGyiIq31zw=
29,-6,qzbM9xfXkIJM8Em9z5HclQr+/bg=,EdGdd37xECH8FS2ETXGyiIq31zw=
28,-6,qzbM9xfXkIJM8Em9z5HclQr+/bg=,EdGdd37xECH8FS2ETXGyiIq31zw=
27,-6,qzbM9xfXkIJM8Em9z5HclQr+/bg=,EdGdd37xECH8FS2ETXGyiIq31zw=
26,-6,qzbM9xfXkIJM8Em9z5HclQr+/bg=,EdGdd37xECH8FS2ETXGyiIq31zw=
18,-5,qzbM9xfXkIJM8Em9z5HclQr+/bg=,EdGdd37xECH8FS2ETXGyiIq31zw=
25,-6,qzbM9xfXkIJM8Em9z5HclQr+/bg=,EdGdd37xECH8FS2ETXGyiIq31zw=
24,-6,qzbM9xfXkIJM8Em9z5HclQr+/bg=,EdGdd37xECH8FS2ETXGyiIq31zw=
23,-6,qzbM9xfXkIJM8Em9z5HclQr+/bg=,EdGdd37xECH8FS2ETXGyiIq31zw=
28,-16,qzbM9xfXkIJM8Em9z5HclQr+/bg=,EdGdd37xECH8FS2ETXGyiIq31zw=
21,-13,qzbM9xfXkIJM8Em9z5HclQr+/bg=,EdGdd37xECH8FS2ETXGyiIq31zw=
20,-5,qzbM9xfXkIJM8Em9z5HclQr+/bg=,EdGdd37xECH8FS2ETXGyiIq31zw=
19,-5,qzbM9xfXkIJM8Em9z5HclQr+/bg=,EdGdd37xECH8FS2ETXGyiIq31zw=
17,-5,qzbM9xfXkIJM8Em9z5HclQr+/bg=,EdGdd37xECH8FS2ETXGyiIq31zw=
18,-10,qzbM9xfXkIJM8Em9z5HclQr+/bg=,EdGdd37xECH8FS2ETXGyiIq31zw=
16,-5,qzbM9xfXkIJM8Em9z5HclQr+/bg=,EdGdd37xECH8FS2ETXGyiIq31zw=
21,-6,qzbM9xfXkIJM8Em9z5HclQr+/bg=,EdGdd37xECH8FS2ETXGyiIq31zw=
25,-15,qzbM9xfXkIJM8Em9z5HclQr+/bg=,EdGdd37xECH8FS2ETXGyiIq31zw=
22,-6,qzbM9xfXkIJM8Em9z5HclQr+/bg=,EdGdd37xECH8FS2ETXGyiIq31zw=
31,-7,qzbM9xfXkIJM8Em9z5HclQr+/bg=,EdGdd37xECH8FS2ETXGyiIq31zw=
20,-6,qzbM9xfXkIJM8Em9z5HclQr+/bg=,EdGdd37xECH8FS2ETXGyiIq31zw=
30,-7,qzbM9xfXkIJM8Em9z5HclQr+/bg=,EdGdd37xECH8FS2ETXGyiIq31zw=
28,-7,qzbM9xfXkIJM8Em9z5HclQr+/bg=,EdGdd37xECH8FS2ETXGyiIq31zw=
29,-7,qzbM9xfXkIJM8Em9z5HclQr+/bg=,EdGdd37xECH8FS2ETXGyiIq31zw=
27,-7,qzbM9xfXkIJM8Em9z5HclQr+/bg=,EdGdd37xECH8FS2ETXGyiIq31zw=
26,-7,qzbM9xfXkIJM8Em9z5HclQr+/bg=,EdGdd37xECH8FS2ETXGyiIq31zw=
19,-6,qzbM9xfXkIJM8Em9z5HclQr+/bg=,EdGdd37xECH8FS2ETXGyiIq31zw=
25,-7,qzbM9xfXkIJM8Em9z5HclQr+/bg=,EdGdd37xECH8FS2ETXGyiIq31zw=
24,-7,qzbM9xfXkIJM8Em9z5HclQr+/bg=,EdGdd37xECH8FS2ETXGyiIq31zw=
23,-7,qzbM9xfXkIJM8Em9z5HclQr+/bg=,EdGdd37xECH8FS2ETXGyiIq31zw=
20,-13,qzbM9xfXkIJM8Em9z5HclQr+/bg=,EdGdd37xECH8FS2ETXGyiIq31zw=
27,-16,qzbM9xfXkIJM8Em9z5HclQr+/bg=,EdGdd37xECH8FS2ETXGyiIq31zw=
18,-6,qzbM9xfXkIJM8Em9z5HclQr+/bg=,EdGdd37xECH8FS2ETXGyiIq31zw=
17,-6,qzbM9xfXkIJM8Em9z5HclQr+/bg=,EdGdd37xECH8FS2ETXGyiIq31zw=
19,-10,qzbM9xfXkIJM8Em9z5HclQr+/bg=,EdGdd37xECH8FS2ETXGyiIq31zw=
20,-10,qzbM9xfXkIJM8Em9z5HclQr+/bg=,EdGdd37xECH8FS2ETXGyiIq31zw=
21,-10,qzbM9xfXkIJM8Em9z5HclQr+/bg=,EdGdd37xECH8FS2ETXGyiIq31zw=
22,-10,qzbM9xfXkIJM8Em9z5HclQr+/bg=,EdGdd37xECH8FS2ETXGyiIq31zw=
23,-10,qzbM9xfXkIJM8Em9z5HclQr+/bg=,EdGdd37xECH8FS2ETXGyiIq31zw=
24,-10,qzbM9xfXkIJM8Em9z5HclQr+/bg=,EdGdd37xECH8FS2ETXGyiIq31zw=
25,-10,qzbM9xfXkIJM8Em9z5HclQr+/bg=,EdGdd37xECH8FS2ETXGyiIq31zw=
21,-7,qzbM9xfXkIJM8Em9z5HclQr+/bg=,EdGdd37xECH8FS2ETXGyiIq31zw=
16,-6,qzbM9xfXkIJM8Em9z5HclQr+/bg=,EdGdd37xECH8FS2ETXGyiIq31zw=
24,-15,qzbM9xfXkIJM8Em9z5HclQr+/bg=,EdGdd37xECH8FS2ETXGyiIq31zw=
20,-7,qzbM9xfXkIJM8Em9z5HclQr+/bg=,EdGdd37xECH8FS2ETXGyiIq31zw=
31,-8,qzbM9xfXkIJM8Em9z5HclQr+/bg=,EdGdd37xECH8FS2ETXGyiIq31zw=
30,-8,qzbM9xfXkIJM8Em9z5HclQr+/bg=,EdGdd37xECH8FS2ETXGyiIq31zw=
29,-8,qzbM9xfXkIJM8Em9z5HclQr+/bg=,EdGdd37xECH8FS2ETXGyiIq31zw=
28,-8,qzbM9xfXkIJM8Em9z5HclQr+/bg=,EdGdd37xECH8FS2ETXGyiIq31zw=
27,-8,qzbM9xfXkIJM8Em9z5HclQr+/bg=,EdGdd37xECH8FS2ETXGyiIq31zw=
26,-8,qzbM9xfXkIJM8Em9z5HclQr+/bg=,EdGdd37xECH8FS2ETXGyiIq31zw=
25,-8,qzbM9xfXkIJM8Em9z5HclQr+/bg=,EdGdd37xECH8FS2ETXGyiIq31zw=
24,-8,qzbM9xfXkIJM8Em9z5HclQr+/bg=,EdGdd37xECH8FS2ETXGyiIq31zw=
26,-16,qzbM9xfXkIJM8Em9z5HclQr+/bg=,EdGdd37xECH8FS2ETXGyiIq31zw=
19,-7,qzbM9xfXkIJM8Em9z5HclQr+/bg=,EdGdd37xECH8FS2ETXGyiIq31zw=
23,-8,qzbM9xfXkIJM8Em9z5HclQr+/bg=,EdGdd37xECH8FS2ETXGyiIq31zw=
22,-7,qzbM9xfXkIJM8Em9z5HclQr+/bg=,EdGdd37xECH8FS2ETXGyiIq31zw=
18,-7,qzbM9xfXkIJM8Em9z5HclQr+/bg=,EdGdd37xECH8FS2ETXGyiIq31zw=
17,-13,qzbM9xfXkIJM8Em9z5HclQr+/bg=,EdGdd37xECH8FS2ETXGyiIq31zw=
24,-16,qzbM9xfXkIJM8Em9z5HclQr+/bg=,EdGdd37xECH8FS2ETXGyiIq31zw=
26,-10,qzbM9xfXkIJM8Em9z5HclQr+/bg=,EdGdd37xECH8FS2ETXGyiIq31zw=
27,-10,qzbM9xfXkIJM8Em9z5HclQr+/bg=,EdGdd37xECH8FS2ETXGyiIq31zw=
28,-10,qzbM9xfXkIJM8Em9z5HclQr+/bg=,EdGdd37xECH8FS2ETXGyiIq31zw=
29,-10,qzbM9xfXkIJM8Em9z5HclQr+/bg=,EdGdd37xECH8FS2ETXGyiIq31zw=
30,-10,qzbM9xfXkIJM8Em9z5HclQr+/bg=,EdGdd37xECH8FS2ETXGyiIq31zw=
31,-10,qzbM9xfXkIJM8Em9z5HclQr+/bg=,EdGdd37xECH8FS2ETXGyiIq31zw=
17,-7,qzbM9xfXkIJM8Em9z5HclQr+/bg=,EdGdd37xECH8FS2ETXGyiIq31zw=
16,-7,qzbM9xfXkIJM8Em9z5HclQr+/bg=,EdGdd37xECH8FS2ETXGyiIq31zw=
20,-8,qzbM9xfXkIJM8Em9z5HclQr+/bg=,EdGdd37xECH8FS2ETXGyiIq31zw=
21,-8,qzbM9xfXkIJM8Em9z5HclQr+/bg=,EdGdd37xECH8FS2ETXGyiIq31zw=
19,-13,qzbM9xfXkIJM8Em9z5HclQr+/bg=,EdGdd37xECH8FS2ETXGyiIq31zw=
23,-15,qzbM9xfXkIJM8Em9z5HclQr+/bg=,EdGdd37xECH8FS2ETXGyiIq31zw=
31,-9,qzbM9xfXkIJM8Em9z5HclQr+/bg=,EdGdd37xECH8FS2ETXGyiIq31zw=
22,-8,qzbM9xfXkIJM8Em9z5HclQr+/bg=,EdGdd37xECH8FS2ETXGyiIq31zw=
30,-9,qzbM9xfXkIJM8Em9z5HclQr+/bg=,EdGdd37xECH8FS2ETXGyiIq31zw=
29,-9,qzbM9xfXkIJM8Em9z5HclQr+/bg=,EdGdd37xECH8FS2ETXGyiIq31zw=
28,-9,qzbM9xfXkIJM8Em9z5HclQr+/bg=,EdGdd37xECH8FS2ETXGyiIq31zw=
27,-9,qzbM9xfXkIJM8Em9z5HclQr+/bg=,EdGdd37xECH8FS2ETXGyiIq31zw=
26,-9,qzbM9xfXkIJM8Em9z5HclQr+/bg=,EdGdd37xECH8FS2ETXGyiIq31zw=
25,-9,qzbM9xfXkIJM8Em9z5HclQr+/bg=,EdGdd37xECH8FS2ETXGyiIq31zw=
25,-16,qzbM9xfXkIJM8Em9z5HclQr+/bg=,EdGdd37xECH8FS2ETXGyiIq31zw=
24,-9,qzbM9xfXkIJM8Em9z5HclQr+/bg=,EdGdd37xECH8FS2ETXGyiIq31zw=
23,-9,qzbM9xfXkIJM8Em9z5HclQr+/bg=,EdGdd37xECH8FS2ETXGyiIq31zw=
16,-9,qzbM9xfXkIJM8Em9z5HclQr+/bg=,EdGdd37xECH8FS2ETXGyiIq31zw=
22,-15,qzbM9xfXkIJM8Em9z5HclQr+/bg=,EdGdd37xECH8FS2ETXGyiIq31zw=
19,-8,qzbM9xfXkIJM8Em9z5HclQr+/bg=,EdGdd37xECH8FS2ETXGyiIq31zw=
18,-8,qzbM9xfXkIJM8Em9z5HclQr+/bg=,EdGdd37xECH8FS2ETXGyiIq31zw=
17,-8,qzbM9xfXkIJM8Em9z5HclQr+/bg=,EdGdd37xECH8FS2ETXGyiIq31zw=
16,-8,qzbM9xfXkIJM8Em9z5HclQr+/bg=,EdGdd37xECH8FS2ETXGyiIq31zw=
18,-13,qzbM9xfXkIJM8Em9z5HclQr+/bg=,EdGdd37xECH8FS2ETXGyiIq31zw=
22,-9,qzbM9xfXkIJM8Em9z5HclQr+/bg=,EdGdd37xECH8FS2ETXGyiIq31zw=
21,-9,qzbM9xfXkIJM8Em9z5HclQr+/bg=,EdGdd37xECH8FS2ETXGyiIq31zw=
17,-9,qzbM9xfXkIJM8Em9z5HclQr+/bg=,EdGdd37xECH8FS2ETXGyiIq31zw=
20,-9,qzbM9xfXkIJM8Em9z5HclQr+/bg=,EdGdd37xECH8FS2ETXGyiIq31zw=
19,-9,qzbM9xfXkIJM8Em9z5HclQr+/bg=,EdGdd37xECH8FS2ETXGyiIq31zw=
18,-9,qzbM9xfXkIJM8Em9z5HclQr+/bg=,EdGdd37xECH8FS2ETXGyiIq31zw=
19,-32,qzbM9xfXkIJM8Em9z5HclQr+/bg=,pz22S9iayCd6YLz24JUP3/qbMIE=
16,-32,MfQ547DpGiPNe8hFVf4AHUOaWV8=,pz22S9iayCd6YLz24JUP3/qbMIE=
31,-31,MfQ547DpGiPNe8hFVf4AHUOaWV8=,pz22S9iayCd6YLz24JUP3/qbMIE=
28,-29,MfQ547DpGiPNe8hFVf4AHUOaWV8=,pz22S9iayCd6YLz24JUP3/qbMIE=
29,-30,MfQ547DpGiPNe8hFVf4AHUOaWV8=,pz22S9iayCd6YLz24JUP3/qbMIE=
30,-30,MfQ547DpGiPNe8hFVf4AHUOaWV8=,pz22S9iayCd6YLz24JUP3/qbMIE=
28,-30,MfQ547DpGiPNe8hFVf4AHUOaWV8=,pz22S9iayCd6YLz24JUP3/qbMIE=
20,-32,MfQ547DpGiPNe8hFVf4AHUOaWV8=,pz22S9iayCd6YLz24JUP3/qbMIE=
29,-29,MfQ547DpGiPNe8hFVf4AHUOaWV8=,pz22S9iayCd6YLz24JUP3/qbMIE=
27,-30,MfQ547DpGiPNe8hFVf4AHUOaWV8=,pz22S9iayCd6YLz24JUP3/qbMIE=
31,-17,MfQ547DpGiPNe8hFVf4AHUOaWV8=,pz22S9iayCd6YLz24JUP3/qbMIE=
30,-29,MfQ547DpGiPNe8hFVf4AHUOaWV8=,pz22S9iayCd6YLz24JUP3/qbMIE=
27,-29,MfQ547DpGiPNe8hFVf4AHUOaWV8=,pz22S9iayCd6YLz24JUP3/qbMIE=
31,-29,MfQ547DpGiPNe8hFVf4AHUOaWV8=,pz22S9iayCd6YLz24JUP3/qbMIE=
29,-17,MfQ547DpGiPNe8hFVf4AHUOaWV8=,pz22S9iayCd6YLz24JUP3/qbMIE=
28,-17,MfQ547DpGiPNe8hFVf4AHUOaWV8=,pz22S9iayCd6YLz24JUP3/qbMIE=
27,-17,MfQ547DpGiPNe8hFVf4AHUOaWV8=,pz22S9iayCd6YLz24JUP3/qbMIE=
26,-17,MfQ547DpGiPNe8hFVf4AHUOaWV8=,pz22S9iayCd6YLz24JUP3/qbMIE=
25,-17,MfQ547DpGiPNe8hFVf4AHUOaWV8=,pz22S9iayCd6YLz24JUP3/qbMIE=
24,-17,MfQ547DpGiPNe8hFVf4AHUOaWV8=,pz22S9iayCd6YLz24JUP3/qbMIE=
30,-17,MfQ547DpGiPNe8hFVf4AHUOaWV8=,pz22S9iayCd6YLz24JUP3/qbMIE=
26,-30,MfQ547DpGiPNe8hFVf4AHUOaWV8=,pz22S9iayCd6YLz24JUP3/qbMIE=
25,-30,MfQ547DpGiPNe8hFVf4AHUOaWV8=,pz22S9iayCd6YLz24JUP3/qbMIE=
24,-30,MfQ547DpGiPNe8hFVf4AHUOaWV8=,pz22S9iayCd6YLz24JUP3/qbMIE=
23,-17,MfQ547DpGiPNe8hFVf4AHUOaWV8=,pz22S9iayCd6YLz24JUP3/qbMIE=
22,-17,MfQ547DpGiPNe8hFVf4AHUOaWV8=,pz22S9iayCd6YLz24JUP3/qbMIE=
23,-30,MfQ547DpGiPNe8hFVf4AHUOaWV8=,pz22S9iayCd6YLz24JUP3/qbMIE=
22,-30,MfQ547DpGiPNe8hFVf4AHUOaWV8=,pz22S9iayCd6YLz24JUP3/qbMIE=
20,-30,MfQ547DpGiPNe8hFVf4AHUOaWV8=,pz22S9iayCd6YLz24JUP3/qbMIE=
19,-30,MfQ547DpGiPNe8hFVf4AHUOaWV8=,pz22S9iayCd6YLz24JUP3/qbMIE=
18,-30,MfQ547DpGiPNe8hFVf4AHUOaWV8=,pz22S9iayCd6YLz24JUP3/qbMIE=
16,-30,MfQ547DpGiPNe8hFVf4AHUOaWV8=,pz22S9iayCd6YLz24JUP3/qbMIE=
17,-30,MfQ547DpGiPNe8hFVf4AHUOaWV8=,pz22S9iayCd6YLz24JUP3/qbMIE=
21,-17,MfQ547DpGiPNe8hFVf4AHUOaWV8=,pz22S9iayCd6YLz24JUP3/qbMIE=
20,-17,MfQ547DpGiPNe8hFVf4AHUOaWV8=,pz22S9iayCd6YLz24JUP3/qbMIE=
18,-32,MfQ547DpGiPNe8hFVf4AHUOaWV8=,pz22S9iayCd6YLz24JUP3/qbMIE=
21,-30,MfQ547DpGiPNe8hFVf4AHUOaWV8=,pz22S9iayCd6YLz24JUP3/qbMIE=
26,-29,MfQ547DpGiPNe8hFVf4AHUOaWV8=,pz22S9iayCd6YLz24JUP3/qbMIE=
30,-31,MfQ547DpGiPNe8hFVf4AHUOaWV8=,pz22S9iayCd6YLz24JUP3/qbMIE=
31,-18,MfQ547DpGiPNe8hFVf4AHUOaWV8=,pz22S9iayCd6YLz24JUP3/qbMIE=
30,-18,MfQ547DpGiPNe8hFVf4AHUOaWV8=,pz22S9iayCd6YLz24JUP3/qbMIE=
29,-18,MfQ547DpGiPNe8hFVf4AHUOaWV8=,pz22S9iayCd6YLz24JUP3/qbMIE=
28,-18,MfQ547DpGiPNe8hFVf4AHUOaWV8=,pz22S9iayCd6YLz24JUP3/qbMIE=
27,-18,MfQ547DpGiPNe8hFVf4AHUOaWV8=,pz22S9iayCd6YLz24JUP3/qbMIE=
26,-18,MfQ547DpGiPNe8hFVf4AHUOaWV8=,pz22S9iayCd6YLz24JUP3/qbMIE=
25,-18,MfQ547DpGiPNe8hFVf4AHUOaWV8=,pz22S9iayCd6YLz24JUP3/qbMIE=
24,-18,MfQ547DpGiPNe8hFVf4AHUOaWV8=,pz22S9iayCd6YLz24JUP3/qbMIE=
23,-18,MfQ547DpGiPNe8hFVf4AHUOaWV8=,pz22S9iayCd6YLz24JUP3/qbMIE=
22,-18,MfQ547DpGiPNe8hFVf4AHUOaWV8=,pz22S9iayCd6YLz24JUP3/qbMIE=
21,-18,MfQ547DpGiPNe8hFVf4AHUOaWV8=,pz22S9iayCd6YLz24JUP3/qbMIE=
20,-18,MfQ547DpGiPNe8hFVf4AHUOaWV8=,pz22S9iayCd6YLz24JUP3/qbMIE=
17,-17,MfQ547DpGiPNe8hFVf4AHUOaWV8=,pz22S9iayCd6YLz24JUP3/qbMIE=
16,-28,MfQ547DpGiPNe8hFVf4AHUOaWV8=,pz22S9iayCd6YLz24JUP3/qbMIE=
21,-32,MfQ547DpGiPNe8hFVf4AHUOaWV8=,pz22S9iayCd6YLz24JUP3/qbMIE=
17,-31,MfQ547DpGiPNe8hFVf4AHUOaWV8=,pz22S9iayCd6YLz24JUP3/qbMIE=
18,-31,MfQ547DpGiPNe8hFVf4AHUOaWV8=,pz22S9iayCd6YLz24JUP3/qbMIE=
16,-31,MfQ547DpGiPNe8hFVf4AHUOaWV8=,pz22S9iayCd6YLz24JUP3/qbMIE=
25,-29,MfQ547DpGiPNe8hFVf4AHUOaWV8=,pz22S9iayCd6YLz24JUP3/qbMIE=
18,-17,MfQ547DpGiPNe8hFVf4AHUOaWV8=,pz22S9iayCd6YLz24JUP3/qbMIE=
16,-17,MfQ547DpGiPNe8hFVf4AHUOaWV8=,pz22S9iayCd6YLz24JUP3/qbMIE=
17,-32,MfQ547DpGiPNe8hFVf4AHUOaWV8=,pz22S9iayCd6YLz24JUP3/qbMIE=
31,-19,MfQ547DpGiPNe8hFVf4AHUOaWV8=,pz22S9iayCd6YLz24JUP3/qbMIE=
30,-19,MfQ547DpGiPNe8hFVf4AHUOaWV8=,pz22S9iayCd6YLz24JUP3/qbMIE=
29,-19,MfQ547DpGiPNe8hFVf4AHUOaWV8=,pz22S9iayCd6YLz24JUP3/qbMIE=
28,-19,MfQ547DpGiPNe8hFVf4AHUOaWV8=,pz22S9iayCd6YLz24JUP3/qbMIE=
27,-19,MfQ547DpGiPNe8hFVf4AHUOaWV8=,pz22S9iayCd6YLz24JUP3/qbMIE=
26,-19,MfQ547DpGiPNe8hFVf4AHUOaWV8=,pz22S9iayCd6YLz24JUP3/qbMIE=
18,-18,MfQ547DpGiPNe8hFVf4AHUOaWV8=,pz22S9iayCd6YLz24JUP3/qbMIE=
25,-19,MfQ547DpGiPNe8hFVf4AHUOaWV8=,pz22S9iayCd6YLz24JUP3/qbMIE=
24,-19,MfQ547DpGiPNe8hFVf4AHUOaWV8=,pz22S9iayCd6YLz24JUP3/qbMIE=
23,-19,MfQ547DpGiPNe8hFVf4AHUOaWV8=,pz22S9iayCd6YLz24JUP3/qbMIE=
21,-19,MfQ547DpGiPNe8hFVf4AHUOaWV8=,pz22S9iayCd6YLz24JUP3/qbMIE=
22,-19,MfQ547DpGiPNe8hFVf4AHUOaWV8=,pz22S9iayCd6YLz24JUP3/qbMIE=
20,-19,MfQ547DpGiPNe8hFVf4AHUOaWV8=,pz22S9iayCd6YLz24JUP3/qbMIE=
31,-32,MfQ547DpGiPNe8hFVf4AHUOaWV8=,pz22S9iayCd6YLz24JUP3/qbMIE=
29,-31,MfQ547DpGiPNe8hFVf4AHUOaWV8=,pz22S9iayCd6YLz24JUP3/qbMIE=
24,-29,MfQ547DpGiPNe8hFVf4AHUOaWV8=,pz22S9iayCd6YLz24JUP3/qbMIE=
19,-17,MfQ547DpGiPNe8hFVf4AHUOaWV8=,pz22S9iayCd6YLz24JUP3/qbMIE=
19,-18,MfQ547DpGiPNe8hFVf4AHUOaWV8=,pz22S9iayCd6YLz24JUP3/qbMIE=
17,-18,MfQ547DpGiPNe8hFVf4AHUOaWV8=,pz22S9iayCd6YLz24JUP3/qbMIE=
28,-31,MfQ547DpGiPNe8hFVf4AHUOaWV8=,pz22S9iayCd6YLz24JUP3/qbMIE=
31,-20,MfQ547DpGiPNe8hFVf4AHUOaWV8=,pz22S9iayCd6YLz24JUP3/qbMIE=
30,-20,MfQ547DpGiPNe8hFVf4AHUOaWV8=,pz22S9iayCd6YLz24JUP3/qbMIE=
29,-20,MfQ547DpGiPNe8hFVf4AHUOaWV8=,pz22S9iayCd6YLz24JUP3/qbMIE=
28,-20,MfQ547DpGiPNe8hFVf4AHUOaWV8=,pz22S9iayCd6YLz24JUP3/qbMIE=
27,-20,MfQ547DpGiPNe8hFVf4AHUOaWV8=,pz22S9iayCd6YLz24JUP3/qbMIE=
26,-20,MfQ547DpGiPNe8hFVf4AHUOaWV8=,pz22S9iayCd6YLz24JUP3/qbMIE=
25,-20,MfQ547DpGiPNe8hFVf4AHUOaWV8=,pz22S9iayCd6YLz24JUP3/qbMIE=
24,-20,MfQ547DpGiPNe8hFVf4AHUOaWV8=,pz22S9iayCd6YLz24JUP3/qbMIE=
23,-20,MfQ547DpGiPNe8hFVf4AHUOaWV8=,pz22S9iayCd6YLz24JUP3/qbMIE=
17,-28,MfQ547DpGiPNe8hFVf4AHUOaWV8=,pz22S9iayCd6YLz24JUP3/qbMIE=
22,-20,MfQ547DpGiPNe8hFVf4AHUOaWV8=,pz22S9iayCd6YLz24JUP3/qbMIE=
21,-20,MfQ547DpGiPNe8hFVf4AHUOaWV8=,pz22S9iayCd6YLz24JUP3/qbMIE=
20,-20,MfQ547DpGiPNe8hFVf4AHUOaWV8=,pz22S9iayCd6YLz24JUP3/qbMIE=
30,-32,MfQ547DpGiPNe8hFVf4AHUOaWV8=,pz22S9iayCd6YLz24JUP3/qbMIE=
23,-29,MfQ547DpGiPNe8hFVf4AHUOaWV8=,pz22S9iayCd6YLz24JUP3/qbMIE=
16,-18,MfQ547DpGiPNe8hFVf4AHUOaWV8=,pz22S9iayCd6YLz24JUP3/qbMIE=
17,-19,MfQ547DpGiPNe8hFVf4AHUOaWV8=,pz22S9iayCd6YLz24JUP3/qbMIE=
16,-19,MfQ547DpGiPNe8hFVf4AHUOaWV8=,pz22S9iayCd6YLz24JUP3/qbMIE=
19,-19,MfQ547DpGiPNe8hFVf4AHUOaWV8=,pz22S9iayCd6YLz24JUP3/qbMIE=
27,-31,MfQ547DpGiPNe8hFVf4AHUOaWV8=,pz22S9iayCd6YLz24JUP3/qbMIE=
31,-21,MfQ547DpGiPNe8hFVf4AHUOaWV8=,pz22S9iayCd6YLz24JUP3/qbMIE=
30,-21,MfQ547DpGiPNe8hFVf4AHUOaWV8=,pz22S9iayCd6YLz24JUP3/qbMIE=
29,-21,MfQ547DpGiPNe8hFVf4AHUOaWV8=,pz22S9iayCd6YLz24JUP3/qbMIE=
28,-21,MfQ547DpGiPNe8hFVf4AHUOaWV8=,pz22S9iayCd6YLz24JUP3/qbMIE=
27,-21,MfQ547DpGiPNe8hFVf4AHUOaWV8=,pz22S9iayCd6YLz24JUP3/qbMIE=
26,-21,MfQ547DpGiPNe8hFVf4AHUOaWV8=,pz22S9iayCd6YLz24JUP3/qbMIE=
25,-21,MfQ547DpGiPNe8hFVf4AHUOaWV8=,pz22S9iayCd6YLz24JUP3/qbMIE=
24,-21,MfQ547DpGiPNe8hFVf4AHUOaWV8=,pz22S9iayCd6YLz24JUP3/qbMIE=
23,-21,MfQ547DpGiPNe8hFVf4AHUOaWV8=,pz22S9iayCd6YLz24JUP3/qbMIE=
22,-21,MfQ547DpGiPNe8hFVf4AHUOaWV8=,pz22S9iayCd6YLz24JUP3/qbMIE=
21,-21,MfQ547DpGiPNe8hFVf4AHUOaWV8=,pz22S9iayCd6YLz24JUP3/qbMIE=
29,-32,MfQ547DpGiPNe8hFVf4AHUOaWV8=,pz22S9iayCd6YLz24JUP3/qbMIE=
22,-29,MfQ547DpGiPNe8hFVf4AHUOaWV8=,pz22S9iayCd6YLz24JUP3/qbMIE=
20,-21,MfQ547DpGiPNe8hFVf4AHUOaWV8=,pz22S9iayCd6YLz24JUP3/qbMIE=
18,-28,MfQ547DpGiPNe8hFVf4AHUOaWV8=,pz22S9iayCd6YLz24JUP3/qbMIE=
18,-20,MfQ547DpGiPNe8hFVf4AHUOaWV8=,pz22S9iayCd6YLz24JUP3/qbMIE=
19,-20,MfQ547DpGiPNe8hFVf4AHUOaWV8=,pz22S9iayCd6YLz24JUP3/qbMIE=
16,-20,MfQ547DpGiPNe8hFVf4AHUOaWV8=,pz22S9iayCd6YLz24JUP3/qbMIE=
17,-20,MfQ547DpGiPNe8hFVf4AHUOaWV8=,pz22S9iayCd6YLz24JUP3/qbMIE=
26,-31,MfQ547DpGiPNe8hFVf4AHUOaWV8=,pz22S9iayCd6YLz24JUP3/qbMIE=
31,-22,MfQ547DpGiPNe8hFVf4AHUOaWV8=,pz22S9iayCd6YLz24JUP3/qbMIE=
30,-22,MfQ547DpGiPNe8hFVf4AHUOaWV8=,pz22S9iayCd6YLz24JUP3/qbMIE=
29,-22,MfQ547DpGiPNe8hFVf4AHUOaWV8=,pz22S9iayCd6YLz24JUP3/qbMIE=
28,-22,MfQ547DpGiPNe8hFVf4AHUOaWV8=,pz22S9iayCd6YLz24JUP3/qbMIE=
27,-22,MfQ547DpGiPNe8hFVf4AHUOaWV8=,pz22S9iayCd6YLz24JUP3/qbMIE=
26,-22,MfQ547DpGiPNe8hFVf4AHUOaWV8=,pz22S9iayCd6YLz24JUP3/qbMIE=
25,-22,MfQ547DpGiPNe8hFVf4AHUOaWV8=,pz22S9iayCd6YLz24JUP3/qbMIE=
24,-22,MfQ547DpGiPNe8hFVf4AHUOaWV8=,pz22S9iayCd6YLz24JUP3/qbMIE=
23,-22,MfQ547DpGiPNe8hFVf4AHUOaWV8=,pz22S9iayCd6YLz24JUP3/qbMIE=
22,-22,MfQ547DpGiPNe8hFVf4AHUOaWV8=,pz22S9iayCd6YLz24JUP3/qbMIE=
28,-32,MfQ547DpGiPNe8hFVf4AHUOaWV8=,pz22S9iayCd6YLz24JUP3/qbMIE=
21,-29,MfQ547DpGiPNe8hFVf4AHUOaWV8=,pz22S9iayCd6YLz24JUP3/qbMIE=
21,-22,MfQ547DpGiPNe8hFVf4AHUOaWV8=,pz22S9iayCd6YLz24JUP3/qbMIE=
20,-22,MfQ547DpGiPNe8hFVf4AHUOaWV8=,pz22S9iayCd6YLz24JUP3/qbMIE=
19,-21,MfQ547DpGiPNe8hFVf4AHUOaWV8=,pz22S9iayCd6YLz24JUP3/qbMIE=
19,-28,MfQ547DpGiPNe8hFVf4AHUOaWV8=,pz22S9iayCd6YLz24JUP3/qbMIE=
20,-28,MfQ547DpGiPNe8hFVf4AHUOaWV8=,pz22S9iayCd6YLz24JUP3/qbMIE=
21,-28,MfQ547DpGiPNe8hFVf4AHUOaWV8=,pz22S9iayCd6YLz24JUP3/qbMIE=
22,-28,MfQ547DpGiPNe8hFVf4AHUOaWV8=,pz22S9iayCd6YLz24JUP3/qbMIE=
23,-28,MfQ547DpGiPNe8hFVf4AHUOaWV8=,pz22S9iayCd6YLz24JUP3/qbMIE=
24,-28,MfQ547DpGiPNe8hFVf4AHUOaWV8=,pz22S9iayCd6YLz24JUP3/qbMIE=
25,-28,MfQ547DpGiPNe8hFVf4AHUOaWV8=,pz22S9iayCd6YLz24JUP3/qbMIE=
26,-28,MfQ547DpGiPNe8hFVf4AHUOaWV8=,pz22S9iayCd6YLz24JUP3/qbMIE=
27,-28,MfQ547DpGiPNe8hFVf4AHUOaWV8=,pz22S9iayCd6YLz24JUP3/qbMIE=
31,-30,MfQ547DpGiPNe8hFVf4AHUOaWV8=,pz22S9iayCd6YLz24JUP3/qbMIE=
17,-21,MfQ547DpGiPNe8hFVf4AHUOaWV8=,pz22S9iayCd6YLz24JUP3/qbMIE=
22,-32,MfQ547DpGiPNe8hFVf4AHUOaWV8=,pz22S9iayCd6YLz24JUP3/qbMIE=
28,-28,MfQ547DpGiPNe8hFVf4AHUOaWV8=,pz22S9iayCd6YLz24JUP3/qbMIE=
29,-28,MfQ547DpGiPNe8hFVf4AHUOaWV8=,pz22S9iayCd6YLz24JUP3/qbMIE=
30,-28,MfQ547DpGiPNe8hFVf4AHUOaWV8=,pz22S9iayCd6YLz24JUP3/qbMIE=
31,-28,MfQ547DpGiPNe8hFVf4AHUOaWV8=,pz22S9iayCd6YLz24JUP3/qbMIE=
18,-21,MfQ547DpGiPNe8hFVf4AHUOaWV8=,pz22S9iayCd6YLz24JUP3/qbMIE=
16,-21,MfQ547DpGiPNe8hFVf4AHUOaWV8=,pz22S9iayCd6YLz24JUP3/qbMIE=
25,-31,MfQ547DpGiPNe8hFVf4AHUOaWV8=,pz22S9iayCd6YLz24JUP3/qbMIE=
31,-23,MfQ547DpGiPNe8hFVf4AHUOaWV8=,pz22S9iayCd6YLz24JUP3/qbMIE=
30,-23,MfQ547DpGiPNe8hFVf4AHUOaWV8=,pz22S9iayCd6YLz24JUP3/qbMIE=
29,-23,MfQ547DpGiPNe8hFVf4AHUOaWV8=,pz22S9iayCd6YLz24JUP3/qbMIE=
28,-23,MfQ547DpGiPNe8hFVf4AHUOaWV8=,pz22S9iayCd6YLz24JUP3/qbMIE=
27,-23,MfQ547DpGiPNe8hFVf4AHUOaWV8=,pz22S9iayCd6YLz24JUP3/qbMIE=
26,-23,MfQ547DpGiPNe8hFVf4AHUOaWV8=,pz22S9iayCd6YLz24JUP3/qbMIE=
25,-23,MfQ547DpGiPNe8hFVf4AHUOaWV8=,pz22S9iayCd6YLz24JUP3/qbMIE=
24,-23,MfQ547DpGiPNe8hFVf4AHUOaWV8=,pz22S9iayCd6YLz24JUP3/qbMIE=
23,-23,MfQ547DpGiPNe8hFVf4AHUOaWV8=,pz22S9iayCd6YLz24JUP3/qbMIE=
27,-32,MfQ547DpGiPNe8hFVf4AHUOaWV8=,pz22S9iayCd6YLz24JUP3/qbMIE=
20,-29,MfQ547DpGiPNe8hFVf4AHUOaWV8=,pz22S9iayCd6YLz24JUP3/qbMIE=
22,-23,MfQ547DpGiPNe8hFVf4AHUOaWV8=,pz22S9iayCd6YLz24JUP3/qbMIE=
21,-23,MfQ547DpGiPNe8hFVf4AHUOaWV8=,pz22S9iayCd6YLz24JUP3/qbMIE=
20,-23,MfQ547DpGiPNe8hFVf4AHUOaWV8=,pz22S9iayCd6YLz24JUP3/qbMIE=
19,-22,MfQ547DpGiPNe8hFVf4AHUOaWV8=,pz22S9iayCd6YLz24JUP3/qbMIE=
18,-22,MfQ547DpGiPNe8hFVf4AHUOaWV8=,pz22S9iayCd6YLz24JUP3/qbMIE=
16,-27,MfQ547DpGiPNe8hFVf4AHUOaWV8=,pz22S9iayCd6YLz24JUP3/qbMIE=
17,-22,MfQ547DpGiPNe8hFVf4AHUOaWV8=,pz22S9iayCd6YLz24JUP3/qbMIE=
19,-31,MfQ547DpGiPNe8hFVf4AHUOaWV8=,pz22S9iayCd6YLz24JUP3/qbMIE=
16,-22,MfQ547DpGiPNe8hFVf4AHUOaWV8=,pz22S9iayCd6YLz24JUP3/qbMIE=
24,-31,MfQ547DpGiPNe8hFVf4AHUOaWV8=,pz22S9iayCd6YLz24JUP3/qbMIE=
31,-24,MfQ547DpGiPNe8hFVf4AHUOaWV8=,pz22S9iayCd6YLz24JUP3/qbMIE=
30,-24,MfQ547DpGiPNe8hFVf4AHUOaWV8=,pz22S9iayCd6YLz24JUP3/qbMIE=
29,-24,MfQ547DpGiPNe8hFVf4AHUOaWV8=,pz22S9iayCd6YLz24JUP3/qbMIE=
28,-24,MfQ547DpGiPNe8hFVf4AHUOaWV8=,pz22S9iayCd6YLz24JUP3/qbMIE=
27,-24,MfQ547DpGiPNe8hFVf4AHUOaWV8=,pz22S9iayCd6YLz24JUP3/qbMIE=
26,-24,MfQ547DpGiPNe8hFVf4AHUOaWV8=,pz22S9iayCd6YLz24JUP3/qbMIE=
25,-24,MfQ547DpGiPNe8hFVf4AHUOaWV8=,pz22S9iayCd6YLz24JUP3/qbMIE=
24,-24,MfQ547DpGiPNe8hFVf4AHUOaWV8=,pz22S9iayCd6YLz24JUP3/qbMIE=
26,-32,MfQ547DpGiPNe8hFVf4AHUOaWV8=,pz22S9iayCd6YLz24JUP3/qbMIE=
19,-29,MfQ547DpGiPNe8hFVf4AHUOaWV8=,pz22S9iayCd6YLz24JUP3/qbMIE=
23,-24,MfQ547DpGiPNe8hFVf4AHUOaWV8=,pz22S9iayCd6YLz24JUP3/qbMIE=
22,-24,MfQ547DpGiPNe8hFVf4AHUOaWV8=,pz22S9iayCd6YLz24JUP3/qbMIE=
21,-24,MfQ547DpGiPNe8hFVf4AHUOaWV8=,pz22S9iayCd6YLz24JUP3/qbMIE=
20,-24,MfQ547DpGiPNe8hFVf4AHUOaWV8=,pz22S9iayCd6YLz24JUP3/qbMIE=
18,-19,MfQ547DpGiPNe8hFVf4AHUOaWV8=,pz22S9iayCd6YLz24JUP3/qbMIE=
18,-23,MfQ547DpGiPNe8hFVf4AHUOaWV8=,pz22S9iayCd6YLz24JUP3/qbMIE=
19,-23,MfQ547DpGiPNe8hFVf4AHUOaWV8=,pz22S9iayCd6YLz24JUP3/qbMIE=
17,-27,MfQ547DpGiPNe8hFVf4AHUOaWV8=,pz22S9iayCd6YLz24JUP3/qbMIE=
16,-23,MfQ547DpGiPNe8hFVf4AHUOaWV8=,pz22S9iayCd6YLz24JUP3/qbMIE=
17,-23,MfQ547DpGiPNe8hFVf4AHUOaWV8=,pz22S9iayCd6YLz24JUP3/qbMIE=
31,-25,MfQ547DpGiPNe8hFVf4AHUOaWV8=,pz22S9iayCd6YLz24JUP3/qbMIE=
23,-31,MfQ547DpGiPNe8hFVf4AHUOaWV8=,pz22S9iayCd6YLz24JUP3/qbMIE=
30,-25,MfQ547DpGiPNe8hFVf4AHUOaWV8=,pz22S9iayCd6YLz24JUP3/qbMIE=
29,-25,MfQ547DpGiPNe8hFVf4AHUOaWV8=,pz22S9iayCd6YLz24JUP3/qbMIE=
28,-25,MfQ547DpGiPNe8hFVf4AHUOaWV8=,pz22S9iayCd6YLz24JUP3/qbMIE=
27,-25,MfQ547DpGiPNe8hFVf4AHUOaWV8=,pz22S9iayCd6YLz24JUP3/qbMIE=
26,-25,MfQ547DpGiPNe8hFVf4AHUOaWV8=,pz22S9iayCd6YLz24JUP3/qbMIE=
25,-25,MfQ547DpGiPNe8hFVf4AHUOaWV8=,pz22S9iayCd6YLz24JUP3/qbMIE=
25,-32,MfQ547DpGiPNe8hFVf4AHUOaWV8=,pz22S9iayCd6YLz24JUP3/qbMIE=
18,-29,MfQ547DpGiPNe8hFVf4AHUOaWV8=,pz22S9iayCd6YLz24JUP3/qbMIE=
24,-25,MfQ547DpGiPNe8hFVf4AHUOaWV8=,pz22S9iayCd6YLz24JUP3/qbMIE=
23,-25,MfQ547DpGiPNe8hFVf4AHUOaWV8=,pz22S9iayCd6YLz24JUP3/qbMIE=
22,-25,MfQ547DpGiPNe8hFVf4AHUOaWV8=,pz22S9iayCd6YLz24JUP3/qbMIE=
21,-25,MfQ547DpGiPNe8hFVf4AHUOaWV8=,pz22S9iayCd6YLz24JUP3/qbMIE=
20,-25,MfQ547DpGiPNe8hFVf4AHUOaWV8=,pz22S9iayCd6YLz24JUP3/qbMIE=
19,-24,MfQ547DpGiPNe8hFVf4AHUOaWV8=,pz22S9iayCd6YLz24JUP3/qbMIE=
18,-24,MfQ547DpGiPNe8hFVf4AHUOaWV8=,pz22S9iayCd6YLz24JUP3/qbMIE=
17,-24,MfQ547DpGiPNe8hFVf4AHUOaWV8=,pz22S9iayCd6YLz24JUP3/qbMIE=
16,-24,MfQ547DpGiPNe8hFVf4AHUOaWV8=,pz22S9iayCd6YLz24JUP3/qbMIE=
22,-31,MfQ547DpGiPNe8hFVf4AHUOaWV8=,pz22S9iayCd6YLz24JUP3/qbMIE=
31,-26,MfQ547DpGiPNe8hFVf4AHUOaWV8=,pz22S9iayCd6YLz24JUP3/qbMIE=
30,-26,MfQ547DpGiPNe8hFVf4AHUOaWV8=,pz22S9iayCd6YLz24JUP3/qbMIE=
29,-26,MfQ547DpGiPNe8hFVf4AHUOaWV8=,pz22S9iayCd6YLz24JUP3/qbMIE=
28,-26,MfQ547DpGiPNe8hFVf4AHUOaWV8=,pz22S9iayCd6YLz24JUP3/qbMIE=
27,-26,MfQ547DpGiPNe8hFVf4AHUOaWV8=,pz22S9iayCd6YLz24JUP3/qbMIE=
26,-26,MfQ547DpGiPNe8hFVf4AHUOaWV8=,pz22S9iayCd6YLz24JUP3/qbMIE=
24,-32,MfQ547DpGiPNe8hFVf4AHUOaWV8=,pz22S9iayCd6YLz24JUP3/qbMIE=
25,-26,MfQ547DpGiPNe8hFVf4AHUOaWV8=,pz22S9iayCd6YLz24JUP3/qbMIE=
24,-26,MfQ547DpGiPNe8hFVf4AHUOaWV8=,pz22S9iayCd6YLz24JUP3/qbMIE=
23,-26,MfQ547DpGiPNe8hFVf4AHUOaWV8=,pz22S9iayCd6YLz24JUP3/qbMIE=
22,-26,MfQ547DpGiPNe8hFVf4AHUOaWV8=,pz22S9iayCd6YLz24JUP3/qbMIE=
21,-26,MfQ547DpGiPNe8hFVf4AHUOaWV8=,pz22S9iayCd6YLz24JUP3/qbMIE=
18,-27,MfQ547DpGiPNe8hFVf4AHUOaWV8=,pz22S9iayCd6YLz24JUP3/qbMIE=
20,-26,MfQ547DpGiPNe8hFVf4AHUOaWV8=,pz22S9iayCd6YLz24JUP3/qbMIE=
18,-25,MfQ547DpGiPNe8hFVf4AHUOaWV8=,pz22S9iayCd6YLz24JUP3/qbMIE=
19,-25,MfQ547DpGiPNe8hFVf4AHUOaWV8=,pz22S9iayCd6YLz24JUP3/qbMIE=
17,-25,MfQ547DpGiPNe8hFVf4AHUOaWV8=,pz22S9iayCd6YLz24JUP3/qbMIE=
16,-25,MfQ547DpGiPNe8hFVf4AHUOaWV8=,pz22S9iayCd6YLz24JUP3/qbMIE=
21,-31,MfQ547DpGiPNe8hFVf4AHUOaWV8=,pz22S9iayCd6YLz24JUP3/qbMIE=
31,-27,MfQ547DpGiPNe8hFVf4AHUOaWV8=,pz22S9iayCd6YLz24JUP3/qbMIE=
30,-27,MfQ547DpGiPNe8hFVf4AHUOaWV8=,pz22S9iayCd6YLz24JUP3/qbMIE=
29,-27,MfQ547DpGiPNe8hFVf4AHUOaWV8=,pz22S9iayCd6YLz24JUP3/qbMIE=
28,-27,MfQ547DpGiPNe8hFVf4AHUOaWV8=,pz22S9iayCd6YLz24JUP3/qbMIE=
27,-27,MfQ547DpGiPNe8hFVf4AHUOaWV8=,pz22S9iayCd6YLz24JUP3/qbMIE=
23,-32,MfQ547DpGiPNe8hFVf4AHUOaWV8=,pz22S9iayCd6YLz24JUP3/qbMIE=
17,-26,MfQ547DpGiPNe8hFVf4AHUOaWV8=,pz22S9iayCd6YLz24JUP3/qbMIE=
20,-31,MfQ547DpGiPNe8hFVf4AHUOaWV8=,pz22S9iayCd6YLz24JUP3/qbMIE=
18,-26,MfQ547DpGiPNe8hFVf4AHUOaWV8=,pz22S9iayCd6YLz24JUP3/qbMIE=
26,-27,MfQ547DpGiPNe8hFVf4AHUOaWV8=,pz22S9iayCd6YLz24JUP3/qbMIE=
25,-27,MfQ547DpGiPNe8hFVf4AHUOaWV8=,pz22S9iayCd6YLz24JUP3/qbMIE=
24,-27,MfQ547DpGiPNe8hFVf4AHUOaWV8=,pz22S9iayCd6YLz24JUP3/qbMIE=
23,-27,MfQ547DpGiPNe8hFVf4AHUOaWV8=,pz22S9iayCd6YLz24JUP3/qbMIE=
22,-27,MfQ547DpGiPNe8hFVf4AHUOaWV8=,pz22S9iayCd6YLz24JUP3/qbMIE=
19,-27,MfQ547DpGiPNe8hFVf4AHUOaWV8=,pz22S9iayCd6YLz24JUP3/qbMIE=
21,-27,MfQ547DpGiPNe8hFVf4AHUOaWV8=,pz22S9iayCd6YLz24JUP3/qbMIE=
20,-27,MfQ547DpGiPNe8hFVf4AHUOaWV8=,pz22S9iayCd6YLz24JUP3/qbMIE=
19,-26,MfQ547DpGiPNe8hFVf4AHUOaWV8=,pz22S9iayCd6YLz24JUP3/qbMIE=
17,-29,MfQ547DpGiPNe8hFVf4AHUOaWV8=,pz22S9iayCd6YLz24JUP3/qbMIE=
16,-26,MfQ547DpGiPNe8hFVf4AHUOaWV8=,pz22S9iayCd6YLz24JUP3/qbMIE=
16,-29,MfQ547DpGiPNe8hFVf4AHUOaWV8=,pz22S9iayCd6YLz24JUP3/qbMIE=
0,-32,xIHwaKKbiFdAcBYHFF/093/7c2A=,LJzTKY3jVDi7QYpxNOrYAxd/M0A=
3,-32,xIHwaKKbiFdAcBYHFF/093/7c2A=,LJzTKY3jVDi7QYpxNOrYAxd/M0A=
13,-30,w47RFMyRQIcU2Megzm9/sZYRJqU=,LJzTKY3jVDi7QYpxNOrYAxd/M0A=
14,-17,w47RFMyRQIcU2Megzm9/sZYRJqU=,LJzTKY3jVDi7QYpxNOrYAxd/M0A=
13,-17,w47RFMyRQIcU2Megzm9/sZYRJqU=,LJzTKY3jVDi7QYpxNOrYAxd/M0A=
12,-17,w47RFMyRQIcU2Megzm9/sZYRJqU=,LJzTKY3jVDi7QYpxNOrYAxd/M0A=
11,-17,w47RFMyRQIcU2Megzm9/sZYRJqU=,LJzTKY3jVDi7QYpxNOrYAxd/M0A=
15,-17,w47RFMyRQIcU2Megzm9/sZYRJqU=,LJzTKY3jVDi7QYpxNOrYAxd/M0A=
10,-17,w47RFMyRQIcU2Megzm9/sZYRJqU=,LJzTKY3jVDi7QYpxNOrYAxd/M0A=
8,-17,w47RFMyRQIcU2Megzm9/sZYRJqU=,LJzTKY3jVDi7QYpxNOrYAxd/M0A=
15,-31,w47RFMyRQIcU2Megzm9/sZYRJqU=,LJzTKY3jVDi7QYpxNOrYAxd/M0A=
9,-17,w47RFMyRQIcU2Megzm9/sZYRJqU=,LJzTKY3jVDi7QYpxNOrYAxd/M0A=
7,-17,w47RFMyRQIcU2Megzm9/sZYRJqU=,LJzTKY3jVDi7QYpxNOrYAxd/M0A=
4,-17,w47RFMyRQIcU2Megzm9/sZYRJqU=,LJzTKY3jVDi7QYpxNOrYAxd/M0A=
1,-31,w47RFMyRQIcU2Megzm9/sZYRJqU=,LJzTKY3jVDi7QYpxNOrYAxd/M0A=
13,-31,w47RFMyRQIcU2Megzm9/sZYRJqU=,LJzTKY3jVDi7QYpxNOrYAxd/M0A=
14,-31,w47RFMyRQIcU2Megzm9/sZYRJqU=,LJzTKY3jVDi7QYpxNOrYAxd/M0A=
11,-31,w47RFMyRQIcU2Megzm9/sZYRJqU=,LJzTKY3jVDi7QYpxNOrYAxd/M0A=
12,-31,w47RFMyRQIcU2Megzm9/sZYRJqU=,LJzTKY3jVDi7QYpxNOrYAxd/M0A=
10,-31,w47RFMyRQIcU2Megzm9/sZYRJqU=,LJzTKY3jVDi7QYpxNOrYAxd/M0A=
9,-31,w47RFMyRQIcU2Megzm9/sZYRJqU=,LJzTKY3jVDi7QYpxNOrYAxd/M0A=
7,-31,w47RFMyRQIcU2Megzm9/sZYRJqU=,LJzTKY3jVDi7QYpxNOrYAxd/M0A=
6,-31,w47RFMyRQIcU2Megzm9/sZYRJqU=,LJzTKY3jVDi7QYpxNOrYAxd/M0A=
8,-31,w47RFMyRQIcU2Megzm9/sZYRJqU=,LJzTKY3jVDi7QYpxNOrYAxd/M0A=
5,-31,w47RFMyRQIcU2Megzm9/sZYRJqU=,LJzTKY3jVDi7QYpxNOrYAxd/M0A=
4,-31,w47RFMyRQIcU2Megzm9/sZYRJqU=,LJzTKY3jVDi7QYpxNOrYAxd/M0A=
2,-17,w47RFMyRQIcU2Megzm9/sZYRJqU=,LJzTKY3jVDi7QYpxNOrYAxd/M0A=
0,-17,w47RFMyRQIcU2Megzm9/sZYRJqU=,LJzTKY3jVDi7QYpxNOrYAxd/M0A=
3,-31,w47RFMyRQIcU2Megzm9/sZYRJqU=,LJzTKY3jVDi7QYpxNOrYAxd/M0A=
2,-32,w47RFMyRQIcU2Megzm9/sZYRJqU=,LJzTKY3jVDi7QYpxNOrYAxd/M0A=
5,-17,w47RFMyRQIcU2Megzm9/sZYRJqU=,LJzTKY3jVDi7QYpxNOrYAxd/M0A=
12,-30,w47RFMyRQIcU2Megzm9/sZYRJqU=,LJzTKY3jVDi7QYpxNOrYAxd/M0A=
2,-31,w47RFMyRQIcU2Megzm9/sZYRJqU=,LJzTKY3jVDi7QYpxNOrYAxd/M0A=
1,-17,w47RFMyRQIcU2Megzm9/sZYRJqU=,LJzTKY3jVDi7QYpxNOrYAxd/M0A=
15,-18,w47RFMyRQIcU2Megzm9/sZYRJqU=,LJzTKY3jVDi7QYpxNOrYAxd/M0A=
3,-17,w47RFMyRQIcU2Megzm9/sZYRJqU=,LJzTKY3jVDi7QYpxNOrYAxd/M0A=
14,-18,w47RFMyRQIcU2Megzm9/sZYRJqU=,LJzTKY3jVDi7QYpxNOrYAxd/M0A=
13,-18,w47RFMyRQIcU2Megzm9/sZYRJqU=,LJzTKY3jVDi7QYpxNOrYAxd/M0A=
11,-18,w47RFMyRQIcU2Megzm9/sZYRJqU=,LJzTKY3jVDi7QYpxNOrYAxd/M0A=
6,-17,w47RFMyRQIcU2Megzm9/sZYRJqU=,LJzTKY3jVDi7QYpxNOrYAxd/M0A=
9,-18,w47RFMyRQIcU2Megzm9/sZYRJqU=,LJzTKY3jVDi7QYpxNOrYAxd/M0A=
8,-18,w47RFMyRQIcU2Megzm9/sZYRJqU=,LJzTKY3jVDi7QYpxNOrYAxd/M0A=
10,-18,w47RFMyRQIcU2Megzm9/sZYRJqU=,LJzTKY3jVDi7QYpxNOrYAxd/M0A=
12,-18,w47RFMyRQIcU2Megzm9/sZYRJqU=,LJzTKY3jVDi7QYpxNOrYAxd/M0A=
5,-18,w47RFMyRQIcU2Megzm9/sZYRJqU=,LJzTKY3jVDi7QYpxNOrYAxd/M0A=
4,-18,w47RFMyRQIcU2Megzm9/sZYRJqU=,LJzTKY3jVDi7QYpxNOrYAxd/M0A=
3,-18,w47RFMyRQIcU2Megzm9/sZYRJqU=,LJzTKY3jVDi7QYpxNOrYAxd/M0A=
0,-31,w47RFMyRQIcU2Megzm9/sZYRJqU=,LJzTKY3jVDi7QYpxNOrYAxd/M0A=
1,-18,w47RFMyRQIcU2Megzm9/sZYRJqU=,LJzTKY3jVDi7QYpxNOrYAxd/M0A=
2,-18,w47RFMyRQIcU2Megzm9/sZYRJqU=,LJzTKY3jVDi7QYpxNOrYAxd/M0A=
0,-18,w47RFMyRQIcU2Megzm9/sZYRJqU=,LJzTKY3jVDi7QYpxNOrYAxd/M0A=
15,-32,w47RFMyRQIcU2Megzm9/sZYRJqU=,LJzTKY3jVDi7QYpxNOrYAxd/M0A=
11,-30,w47RFMyRQIcU2Megzm9/sZYRJqU=,LJzTKY3jVDi7QYpxNOrYAxd/M0A=
14,-19,w47RFMyRQIcU2Megzm9/sZYRJqU=,LJzTKY3jVDi7QYpxNOrYAxd/M0A=
13,-19,w47RFMyRQIcU2Megzm9/sZYRJqU=,LJzTKY3jVDi7QYpxNOrYAxd/M0A=
12,-19,w47RFMyRQIcU2Megzm9/sZYRJqU=,LJzTKY3jVDi7QYpxNOrYAxd/M0A=
15,-19,w47RFMyRQIcU2Megzm9/sZYRJqU=,LJzTKY3jVDi7QYpxNOrYAxd/M0A=
9,-19,w47RFMyRQIcU2Megzm9/sZYRJqU=,LJzTKY3jVDi7QYpxNOrYAxd/M0A=
11,-19,w47RFMyRQIcU2Megzm9/sZYRJqU=,LJzTKY3jVDi7QYpxNOrYAxd/M0A=
10,-19,w47RFMyRQIcU2Megzm9/sZYRJqU=,LJzTKY3jVDi7QYpxNOrYAxd/M0A=
7,-19,w47RFMyRQIcU2Megzm9/sZYRJqU=,LJzTKY3jVDi7QYpxNOrYAxd/M0A=
7,-18,w47RFMyRQIcU2Megzm9/sZYRJqU=,LJzTKY3jVDi7QYpxNOrYAxd/M0A=
6,-19,w47RFMyRQIcU2Megzm9/sZYRJqU=,LJzTKY3jVDi7QYpxNOrYAxd/M0A=
8,-19,w47RFMyRQIcU2Megzm9/sZYRJqU=,LJzTKY3jVDi7QYpxNOrYAxd/M0A=
4,-19,w47RFMyRQIcU2Megzm9/sZYRJqU=,LJzTKY3jVDi7QYpxNOrYAxd/M0A=
2,-19,w47RFMyRQIcU2Megzm9/sZYRJqU=,LJzTKY3jVDi7QYpxNOrYAxd/M0A=
1,-32,w47RFMyRQIcU2Megzm9/sZYRJqU=,LJzTKY3jVDi7QYpxNOrYAxd/M0A=
0,-19,w47RFMyRQIcU2Megzm9/sZYRJqU=,LJzTKY3jVDi7QYpxNOrYAxd/M0A=
15,-20,w47RFMyRQIcU2Megzm9/sZYRJqU=,LJzTKY3jVDi7QYpxNOrYAxd/M0A=
1,-19,w47RFMyRQIcU2Megzm9/sZYRJqU=,LJzTKY3jVDi7QYpxNOrYAxd/M0A=
3,-19,w47RFMyRQIcU2Megzm9/sZYRJqU=,LJzTKY3jVDi7QYpxNOrYAxd/M0A=
14,-32,w47RFMyRQIcU2Megzm9/sZYRJqU=,LJzTKY3jVDi7QYpxNOrYAxd/M0A=
10,-30,w47RFMyRQIcU2Megzm9/sZYRJqU=,LJzTKY3jVDi7QYpxNOrYAxd/M0A=
13,-20,w47RFMyRQIcU2Megzm9/sZYRJqU=,LJzTKY3jVDi7QYpxNOrYAxd/M0A=
9,-20,w47RFMyRQIcU2Megzm9/sZYRJqU=,LJzTKY3jVDi7QYpxNOrYAxd/M0A=
5,-19,w47RFMyRQIcU2Megzm9/sZYRJqU=,LJzTKY3jVDi7QYpxNOrYAxd/M0A=
14,-20,w47RFMyRQIcU2Megzm9/sZYRJqU=,LJzTKY3jVDi7QYpxNOrYAxd/M0A=
11,-20,w47RFMyRQIcU2Megzm9/sZYRJqU=,LJzTKY3jVDi7QYpxNOrYAxd/M0A=
10,-20,w47RFMyRQIcU2Megzm9/sZYRJqU=,LJzTKY3jVDi7QYpxNOrYAxd/M0A=
8,-20,w47RFMyRQIcU2Megzm9/sZYRJqU=,LJzTKY3jVDi7QYpxNOrYAxd/M0A=
6,-18,w47RFMyRQIcU2Megzm9/sZYRJqU=,LJzTKY3jVDi7QYpxNOrYAxd/M0A=
7,-20,w47RFMyRQIcU2Megzm9/sZYRJqU=,LJzTKY3jVDi7QYpxNOrYAxd/M0A=
6,-20,w47RFMyRQIcU2Megzm9/sZYRJqU=,LJzTKY3jVDi7QYpxNOrYAxd/M0A=
1,-20,w47RFMyRQIcU2Megzm9/sZYRJqU=,LJzTKY3jVDi7QYpxNOrYAxd/M0A=
4,-20,w47RFMyRQIcU2Megzm9/sZYRJqU=,LJzTKY3jVDi7QYpxNOrYAxd/M0A=
3,-20,w47RFMyRQIcU2Megzm9/sZYRJqU=,LJzTKY3jVDi7QYpxNOrYAxd/M0A=
2,-20,w47RFMyRQIcU2Megzm9/sZYRJqU=,LJzTKY3jVDi7QYpxNOrYAxd/M0A=
0,-20,w47RFMyRQIcU2Megzm9/sZYRJqU=,LJzTKY3jVDi7QYpxNOrYAxd/M0A=
12,-20,w47RFMyRQIcU2Megzm9/sZYRJqU=,LJzTKY3jVDi7QYpxNOrYAxd/M0A=
5,-20,w47RFMyRQIcU2Megzm9/sZYRJqU=,LJzTKY3jVDi7QYpxNOrYAxd/M0A=
13,-32,w47RFMyRQIcU2Megzm9/sZYRJqU=,LJzTKY3jVDi7QYpxNOrYAxd/M0A=
9,-30,w47RFMyRQIcU2Megzm9/sZYRJqU=,LJzTKY3jVDi7QYpxNOrYAxd/M0A=
15,-21,w47RFMyRQIcU2Megzm9/sZYRJqU=,LJzTKY3jVDi7QYpxNOrYAxd/M0A=
12,-21,w47RFMyRQIcU2Megzm9/sZYRJqU=,LJzTKY3jVDi7QYpxNOrYAxd/M0A=
13,-21,w47RFMyRQIcU2Megzm9/sZYRJqU=,LJzTKY3jVDi7QYpxNOrYAxd/M0A=
14,-21,w47RFMyRQIcU2Megzm9/sZYRJqU=,LJzTKY3jVDi7QYpxNOrYAxd/M0A=
9,-21,w47RFMyRQIcU2Megzm9/sZYRJqU=,LJzTKY3jVDi7QYpxNOrYAxd/M0A=
8,-21,w47RFMyRQIcU2Megzm9/sZYRJqU=,LJzTKY3jVDi7QYpxNOrYAxd/M0A=
7,-21,w47RFMyRQIcU2Megzm9/sZYRJqU=,LJzTKY3jVDi7QYpxNOrYAxd/M0A=
11,-21,w47RFMyRQIcU2Megzm9/sZYRJqU=,LJzTKY3jVDi7QYpxNOrYAxd/M0A=
5,-21,w47RFMyRQIcU2Megzm9/sZYRJqU=,LJzTKY3jVDi7QYpxNOrYAxd/M0A=
6,-21,w47RFMyRQIcU2Megzm9/sZYRJqU=,LJzTKY3jVDi7QYpxNOrYAxd/M0A=
4,-21,w47RFMyRQIcU2Megzm9/sZYRJqU=,LJzTKY3jVDi7QYpxNOrYAxd/M0A=
10,-21,w47RFMyRQIcU2Megzm9/sZYRJqU=,LJzTKY3jVDi7QYpxNOrYAxd/M0A=
0,-21,w47RFMyRQIcU2Megzm9/sZYRJqU=,LJzTKY3jVDi7QYpxNOrYAxd/M0A=
3,-21,w47RFMyRQIcU2Megzm9/sZYRJqU=,LJzTKY3jVDi7QYpxNOrYAxd/M0A=
1,-21,w47RFMyRQIcU2Megzm9/sZYRJqU=,LJzTKY3jVDi7QYpxNOrYAxd/M0A=
2,-21,w47RFMyRQIcU2Megzm9/sZYRJqU=,LJzTKY3jVDi7QYpxNOrYAxd/M0A=
12,-32,w47RFMyRQIcU2Megzm9/sZYRJqU=,LJzTKY3jVDi7QYpxNOrYAxd/M0A=
15,-22,w47RFMyRQIcU2Megzm9/sZYRJqU=,LJzTKY3jVDi7QYpxNOrYAxd/M0A=
13,-22,w47RFMyRQIcU2Megzm9/sZYRJqU=,LJzTKY3jVDi7QYpxNOrYAxd/M0A=
12,-22,w47RFMyRQIcU2Megzm9/sZYRJqU=,LJzTKY3jVDi7QYpxNOrYAxd/M0A=
8,-30,w47RFMyRQIcU2Megzm9/sZYRJqU=,LJzTKY3jVDi7QYpxNOrYAxd/M0A=
9,-22,w47RFMyRQIcU2Megzm9/sZYRJqU=,LJzTKY3jVDi7QYpxNOrYAxd/M0A=
8,-22,w47RFMyRQIcU2Megzm9/sZYRJqU=,LJzTKY3jVDi7QYpxNOrYAxd/M0A=
7,-22,w47RFMyRQIcU2Megzm9/sZYRJqU=,LJzTKY3jVDi7QYpxNOrYAxd/M0A=
5,-22,w47RFMyRQIcU2Megzm9/sZYRJqU=,LJzTKY3jVDi7QYpxNOrYAxd/M0A=
4,-22,w47RFMyRQIcU2Megzm9/sZYRJqU=,LJzTKY3jVDi7QYpxNOrYAxd/M0A=
11,-22,w47RFMyRQIcU2Megzm9/sZYRJqU=,LJzTKY3jVDi7QYpxNOrYAxd/M0A=
14,-22,w47RFMyRQIcU2Megzm9/sZYRJqU=,LJzTKY3jVDi7QYpxNOrYAxd/M0A=
10,-22,w47RFMyRQIcU2Megzm9/sZYRJqU=,LJzTKY3jVDi7QYpxNOrYAxd/M0A=
2,-22,w47RFMyRQIcU2Megzm9/sZYRJqU=,LJzTKY3jVDi7QYpxNOrYAxd/M0A=
1,-22,w47RFMyRQIcU2Megzm9/sZYRJqU=,LJzTKY3jVDi7QYpxNOrYAxd/M0A=
0,-22,w47RFMyRQIcU2Megzm9/sZYRJqU=,LJzTKY3jVDi7QYpxNOrYAxd/M0A=
6,-22,w47RFMyRQIcU2Megzm9/sZYRJqU=,LJzTKY3jVDi7QYpxNOrYAxd/M0A=
14,-23,w47RFMyRQIcU2Megzm9/sZYRJqU=,LJzTKY3jVDi7QYpxNOrYAxd/M0A=
12,-23,w47RFMyRQIcU2Megzm9/sZYRJqU=,LJzTKY3jVDi7QYpxNOrYAxd/M0A=
15,-23,w47RFMyRQIcU2Megzm9/sZYRJqU=,LJzTKY3jVDi7QYpxNOrYAxd/M0A=
11,-32,w47RFMyRQIcU2Megzm9/sZYRJqU=,LJzTKY3jVDi7QYpxNOrYAxd/M0A=
3,-22,w47RFMyRQIcU2Megzm9/sZYRJqU=,LJzTKY3jVDi7QYpxNOrYAxd/M0A=
9,-23,w47RFMyRQIcU2Megzm9/sZYRJqU=,LJzTKY3jVDi7QYpxNOrYAxd/M0A=
7,-30,w47RFMyRQIcU2Megzm9/sZYRJqU=,LJzTKY3jVDi7QYpxNOrYAxd/M0A=
10,-23,w47RFMyRQIcU2Megzm9/sZYRJqU=,LJzTKY3jVDi7QYpxNOrYAxd/M0A=
11,-23,w47RFMyRQIcU2Megzm9/sZYRJqU=,LJzTKY3jVDi7QYpxNOrYAxd/M0A=
6,-23,w47RFMyRQIcU2Megzm9/sZYRJqU=,LJzTKY3jVDi7QYpxNOrYAxd/M0A=
5,-23,w47RFMyRQIcU2Megzm9/sZYRJqU=,LJzTKY3jVDi7QYpxNOrYAxd/M0A=
13,-23,w47RFMyRQIcU2Megzm9/sZYRJqU=,LJzTKY3jVDi7QYpxNOrYAxd/M0A=
4,-23,w47RFMyRQIcU2Megzm9/sZYRJqU=,LJzTKY3jVDi7QYpxNOrYAxd/M0A=
7,-23,w47RFMyRQIcU2Megzm9/sZYRJqU=,LJzTKY3jVDi7QYpxNOrYAxd/M0A=
8,-23,w47RFMyRQIcU2Megzm9/sZYRJqU=,LJzTKY3jVDi7QYpxNOrYAxd/M0A=
2,-23,w47RFMyRQIcU2Megzm9/sZYRJqU=,LJzTKY3jVDi7QYpxNOrYAxd/M0A=
1,-23,w47RFMyRQIcU2Megzm9/sZYRJqU=,LJzTKY3jVDi7QYpxNOrYAxd/M0A=
15,-24,w47RFMyRQIcU2Megzm9/sZYRJqU=,LJzTKY3jVDi7QYpxNOrYAxd/M0A=
11,-24,w47RFMyRQIcU2Megzm9/sZYRJqU=,LJzTKY3jVDi7QYpxNOrYAxd/M0A=
13,-24,w47RFMyRQIcU2Megzm9/sZYRJqU=,LJzTKY3jVDi7QYpxNOrYAxd/M0A=
10,-24,w47RFMyRQIcU2Megzm9/sZYRJqU=,LJzTKY3jVDi7QYpxNOrYAxd/M0A=
10,-32,w47RFMyRQIcU2Megzm9/sZYRJqU=,LJzTKY3jVDi7QYpxNOrYAxd/M0A=
6,-30,w47RFMyRQIcU2Megzm9/sZYRJqU=,LJzTKY3jVDi7QYpxNOrYAxd/M0A=
9,-24,w47RFMyRQIcU2Megzm9/sZYRJqU=,LJzTKY3jVDi7QYpxNOrYAxd/M0A=
0,-23,w47RFMyRQIcU2Megzm9/sZYRJqU=,LJzTKY3jVDi7QYpxNOrYAxd/M0A=
3,-23,w47RFMyRQIcU2Megzm9/sZYRJqU=,LJzTKY3jVDi7QYpxNOrYAxd/M0A=
14,-24,w47RFMyRQIcU2Megzm9/sZYRJqU=,LJzTKY3jVDi7QYpxNOrYAxd/M0A=
12,-24,w47RFMyRQIcU2Megzm9/sZYRJqU=,LJzTKY3jVDi7QYpxNOrYAxd/M0A=
7,-24,w47RFMyRQIcU2Megzm9/sZYRJqU=,LJzTKY3jVDi7QYpxNOrYAxd/M0A=
6,-24,w47RFMyRQIcU2Megzm9/sZYRJqU=,LJzTKY3jVDi7QYpxNOrYAxd/M0A=
1,-24,w47RFMyRQIcU2Megzm9/sZYRJqU=,LJzTKY3jVDi7QYpxNOrYAxd/M0A=
0,-24,w47RFMyRQIcU2Megzm9/sZYRJqU=,LJzTKY3jVDi7QYpxNOrYAxd/M0A=
14,-25,w47RFMyRQIcU2Megzm9/sZYRJqU=,LJzTKY3jVDi7QYpxNOrYAxd/M0A=
4,-24,w47RFMyRQIcU2Megzm9/sZYRJqU=,LJzTKY3jVDi7QYpxNOrYAxd/M0A=
3,-24,w47RFMyRQIcU2Megzm9/sZYRJqU=,LJzTKY3jVDi7QYpxNOrYAxd/M0A=
15,-25,w47RFMyRQIcU2Megzm9/sZYRJqU=,LJzTKY3jVDi7QYpxNOrYAxd/M0A=
8,-24,w47RFMyRQIcU2Megzm9/sZYRJqU=,LJzTKY3jVDi7QYpxNOrYAxd/M0A=
13,-25,w47RFMyRQIcU2Megzm9/sZYRJqU=,LJzTKY3jVDi7QYpxNOrYAxd/M0A=
5,-24,w47RFMyRQIcU2Megzm9/sZYRJqU=,LJzTKY3jVDi7QYpxNOrYAxd/M0A=
12,-25,w47RFMyRQIcU2Megzm9/sZYRJqU=,LJzTKY3jVDi7QYpxNOrYAxd/M0A=
2,-24,w47RFMyRQIcU2Megzm9/sZYRJqU=,LJzTKY3jVDi7QYpxNOrYAxd/M0A=
5,-30,w47RFMyRQIcU2Megzm9/sZYRJqU=,LJzTKY3jVDi7QYpxNOrYAxd/M0A=
9,-32,w47RFMyRQIcU2Megzm9/sZYRJqU=,LJzTKY3jVDi7QYpxNOrYAxd/M0A=
11,-25,w47RFMyRQIcU2Megzm9/sZYRJqU=,LJzTKY3jVDi7QYpxNOrYAxd/M0A=
10,-25,w47RFMyRQIcU2Megzm9/sZYRJqU=,LJzTKY3jVDi7QYpxNOrYAxd/M0A=
8,-25,w47RFMyRQIcU2Megzm9/sZYRJqU=,LJzTKY3jVDi7QYpxNOrYAxd/M0A=
9,-25,w47RFMyRQIcU2Megzm9/sZYRJqU=,LJzTKY3jVDi7QYpxNOrYAxd/M0A=
7,-25,w47RFMyRQIcU2Megzm9/sZYRJqU=,LJzTKY3jVDi7QYpxNOrYAxd/M0A=
6,-25,w47RFMyRQIcU2Megzm9/sZYRJqU=,LJzTKY3jVDi7QYpxNOrYAxd/M0A=
5,-25,w47RFMyRQIcU2Megzm9/sZYRJqU=,LJzTKY3jVDi7QYpxNOrYAxd/M0A=
4,-25,w47RFMyRQIcU2Megzm9/sZYRJqU=,LJzTKY3jVDi7QYpxNOrYAxd/M0A=
3,-25,w47RFMyRQIcU2Megzm9/sZYRJqU=,LJzTKY3jVDi7QYpxNOrYAxd/M0A=
2,-25,w47RFMyRQIcU2Megzm9/sZYRJqU=,LJzTKY3jVDi7QYpxNOrYAxd/M0A=
1,-25,w47RFMyRQIcU2Megzm9/sZYRJqU=,LJzTKY3jVDi7QYpxNOrYAxd/M0A=
0,-25,w47RFMyRQIcU2Megzm9/sZYRJqU=,LJzTKY3jVDi7QYpxNOrYAxd/M0A=
15,-26,w47RFMyRQIcU2Megzm9/sZYRJqU=,LJzTKY3jVDi7QYpxNOrYAxd/M0A=
14,-26,w47RFMyRQIcU2Megzm9/sZYRJqU=,LJzTKY3jVDi7QYpxNOrYAxd/M0A=
13,-26,w47RFMyRQIcU2Megzm9/sZYRJqU=,LJzTKY3jVDi7QYpxNOrYAxd/M0A=
11,-26,w47RFMyRQIcU2Megzm9/sZYRJqU=,LJzTKY3jVDi7QYpxNOrYAxd/M0A=
8,-32,w47RFMyRQIcU2Megzm9/sZYRJqU=,LJzTKY3jVDi7QYpxNOrYAxd/M0A=
4,-30,w47RFMyRQIcU2Megzm9/sZYRJqU=,LJzTKY3jVDi7QYpxNOrYAxd/M0A=
12,-26,w47RFMyRQIcU2Megzm9/sZYRJqU=,LJzTKY3jVDi7QYpxNOrYAxd/M0A=
10,-26,w47RFMyRQIcU2Megzm9/sZYRJqU=,LJzTKY3jVDi7QYpxNOrYAxd/M0A=
8,-26,w47RFMyRQIcU2Megzm9/sZYRJqU=,LJzTKY3jVDi7QYpxNOrYAxd/M0A=
7,-26,w47RFMyRQIcU2Megzm9/sZYRJqU=,LJzTKY3jVDi7QYpxNOrYAxd/M0A=
9,-26,w47RFMyRQIcU2Megzm9/sZYRJqU=,LJzTKY3jVDi7QYpxNOrYAxd/M0A=
6,-26,w47RFMyRQIcU2Megzm9/sZYRJqU=,LJzTKY3jVDi7QYpxNOrYAxd/M0A=
5,-26,w47RFMyRQIcU2Megzm9/sZYRJqU=,LJzTKY3jVDi7QYpxNOrYAxd/M0A=
4,-26,w47RFMyRQIcU2Megzm9/sZYRJqU=,LJzTKY3jVDi7QYpxNOrYAxd/M0A=
3,-26,w47RFMyRQIcU2Megzm9/sZYRJqU=,LJzTKY3jVDi7QYpxNOrYAxd/M0A=
2,-26,w47RFMyRQIcU2Megzm9/sZYRJqU=,LJzTKY3jVDi7QYpxNOrYAxd/M0A=
1,-26,w47RFMyRQIcU2Megzm9/sZYRJqU=,LJzTKY3jVDi7QYpxNOrYAxd/M0A=
0,-26,w47RFMyRQIcU2Megzm9/sZYRJqU=,LJzTKY3jVDi7QYpxNOrYAxd/M0A=
15,-27,w47RFMyRQIcU2Megzm9/sZYRJqU=,LJzTKY3jVDi7QYpxNOrYAxd/M0A=
14,-27,w47RFMyRQIcU2Megzm9/sZYRJqU=,LJzTKY3jVDi7QYpxNOrYAxd/M0A=
13,-27,w47RFMyRQIcU2Megzm9/sZYRJqU=,LJzTKY3jVDi7QYpxNOrYAxd/M0A=
12,-27,w47RFMyRQIcU2Megzm9/sZYRJqU=,LJzTKY3jVDi7QYpxNOrYAxd/M0A=
7,-27,w47RFMyRQIcU2Megzm9/sZYRJqU=,LJzTKY3jVDi7QYpxNOrYAxd/M0A=
7,-32,w47RFMyRQIcU2Megzm9/sZYRJqU=,LJzTKY3jVDi7QYpxNOrYAxd/M0A=
3,-30,w47RFMyRQIcU2Megzm9/sZYRJqU=,LJzTKY3jVDi7QYpxNOrYAxd/M0A=
11,-27,w47RFMyRQIcU2Megzm9/sZYRJqU=,LJzTKY3jVDi7QYpxNOrYAxd/M0A=
10,-27,w47RFMyRQIcU2Megzm9/sZYRJqU=,LJzTKY3jVDi7QYpxNOrYAxd/M0A=
9,-27,w47RFMyRQIcU2Megzm9/sZYRJqU=,LJzTKY3jVDi7QYpxNOrYAxd/M0A=
8,-27,w47RFMyRQIcU2Megzm9/sZYRJqU=,LJzTKY3jVDi7QYpxNOrYAxd/M0A=
6,-27,w47RFMyRQIcU2Megzm9/sZYRJqU=,LJzTKY3jVDi7QYpxNOrYAxd/M0A=
5,-27,w47RFMyRQIcU2Megzm9/sZYRJqU=,LJzTKY3jVDi7QYpxNOrYAxd/M0A=
6,-32,w47RFMyRQIcU2Megzm9/sZYRJqU=,LJzTKY3jVDi7QYpxNOrYAxd/M0A=
4,-27,w47RFMyRQIcU2Megzm9/sZYRJqU=,LJzTKY3jVDi7QYpxNOrYAxd/M0A=
3,-27,w47RFMyRQIcU2Megzm9/sZYRJqU=,LJzTKY3jVDi7QYpxNOrYAxd/M0A=
2,-27,w47RFMyRQIcU2Megzm9/sZYRJqU=,LJzTKY3jVDi7QYpxNOrYAxd/M0A=
1,-27,w47RFMyRQIcU2Megzm9/sZYRJqU=,LJzTKY3jVDi7QYpxNOrYAxd/M0A=
0,-27,w47RFMyRQIcU2Megzm9/sZYRJqU=,LJzTKY3jVDi7QYpxNOrYAxd/M0A=
15,-28,w47RFMyRQIcU2Megzm9/sZYRJqU=,LJzTKY3jVDi7QYpxNOrYAxd/M0A=
14,-28,w47RFMyRQIcU2Megzm9/sZYRJqU=,LJzTKY3jVDi7QYpxNOrYAxd/M0A=
12,-28,w47RFMyRQIcU2Megzm9/sZYRJqU=,LJzTKY3jVDi7QYpxNOrYAxd/M0A=
13,-28,w47RFMyRQIcU2Megzm9/sZYRJqU=,LJzTKY3jVDi7QYpxNOrYAxd/M0A=
11,-28,w47RFMyRQIcU2Megzm9/sZYRJqU=,LJzTKY3jVDi7QYpxNOrYAxd/M0A=
5,-32,w47RFMyRQIcU2Megzm9/sZYRJqU=,LJzTKY3jVDi7QYpxNOrYAxd/M0A=
10,-28,w47RFMyRQIcU2Megzm9/sZYRJqU=,LJzTKY3jVDi7QYpxNOrYAxd/M0A=
9,-28,w47RFMyRQIcU2Megzm9/sZYRJqU=,LJzTKY3jVDi7QYpxNOrYAxd/M0A=
2,-30,w47RFMyRQIcU2Megzm9/sZYRJqU=,LJzTKY3jVDi7QYpxNOrYAxd/M0A=
8,-28,w47RFMyRQIcU2Megzm9/sZYRJqU=,LJzTKY3jVDi7QYpxNOrYAxd/M0A=
6,-28,w47RFMyRQIcU2Megzm9/sZYRJqU=,LJzTKY3jVDi7QYpxNOrYAxd/M0A=
7,-28,w47RFMyRQIcU2Megzm9/sZYRJqU=,LJzTKY3jVDi7QYpxNOrYAxd/M0A=
5,-28,w47RFMyRQIcU2Megzm9/sZYRJqU=,LJzTKY3jVDi7QYpxNOrYAxd/M0A=
1,-30,w47RFMyRQIcU2Megzm9/sZYRJqU=,LJzTKY3jVDi7QYpxNOrYAxd/M0A=
4,-28,w47RFMyRQIcU2Megzm9/sZYRJqU=,LJzTKY3jVDi7QYpxNOrYAxd/M0A=
3,-28,w47RFMyRQIcU2Megzm9/sZYRJqU=,LJzTKY3jVDi7QYpxNOrYAxd/M0A=
2,-28,w47RFMyRQIcU2Megzm9/sZYRJqU=,LJzTKY3jVDi7QYpxNOrYAxd/M0A=
1,-28,w47RFMyRQIcU2Megzm9/sZYRJqU=,LJzTKY3jVDi7QYpxNOrYAxd/M0A=
0,-28,w47RFMyRQIcU2Megzm9/sZYRJqU=,LJzTKY3jVDi7QYpxNOrYAxd/M0A=
15,-29,w47RFMyRQIcU2Megzm9/sZYRJqU=,LJzTKY3jVDi7QYpxNOrYAxd/M0A=
14,-29,w47RFMyRQIcU2Megzm9/sZYRJqU=,LJzTKY3jVDi7QYpxNOrYAxd/M0A=
13,-29,w47RFMyRQIcU2Megzm9/sZYRJqU=,LJzTKY3jVDi7QYpxNOrYAxd/M0A=
11,-29,w47RFMyRQIcU2Megzm9/sZYRJqU=,LJzTKY3jVDi7QYpxNOrYAxd/M0A=
12,-29,w47RFMyRQIcU2Megzm9/sZYRJqU=,LJzTKY3jVDi7QYpxNOrYAxd/M0A=
4,-32,w47RFMyRQIcU2Megzm9/sZYRJqU=,LJzTKY3jVDi7QYpxNOrYAxd/M0A=
0,-30,w47RFMyRQIcU2Megzm9/sZYRJqU=,LJzTKY3jVDi7QYpxNOrYAxd/M0A=
10,-29,w47RFMyRQIcU2Megzm9/sZYRJqU=,LJzTKY3jVDi7QYpxNOrYAxd/M0A=
9,-29,w47RFMyRQIcU2Megzm9/sZYRJqU=,LJzTKY3jVDi7QYpxNOrYAxd/M0A=
7,-29,w47RFMyRQIcU2Megzm9/sZYRJqU=,LJzTKY3jVDi7QYpxNOrYAxd/M0A=
8,-29,w47RFMyRQIcU2Megzm9/sZYRJqU=,LJzTKY3jVDi7QYpxNOrYAxd/M0A=
5,-29,w47RFMyRQIcU2Megzm9/sZYRJqU=,LJzTKY3jVDi7QYpxNOrYAxd/M0A=
6,-29,w47RFMyRQIcU2Megzm9/sZYRJqU=,LJzTKY3jVDi7QYpxNOrYAxd/M0A=
14,-30,w47RFMyRQIcU2Megzm9/sZYRJqU=,LJzTKY3jVDi7QYpxNOrYAxd/M0A=
15,-30,w47RFMyRQIcU2Megzm9/sZYRJqU=,LJzTKY3jVDi7QYpxNOrYAxd/M0A=
4,-29,w47RFMyRQIcU2Megzm9/sZYRJqU=,LJzTKY3jVDi7QYpxNOrYAxd/M0A=
2,-29,w47RFMyRQIcU2Megzm9/sZYRJqU=,LJzTKY3jVDi7QYpxNOrYAxd/M0A=
3,-29,w47RFMyRQIcU2Megzm9/sZYRJqU=,LJzTKY3jVDi7QYpxNOrYAxd/M0A=
1,-29,w47RFMyRQIcU2Megzm9/sZYRJqU=,LJzTKY3jVDi7QYpxNOrYAxd/M0A=
0,-29,w47RFMyRQIcU2Megzm9/sZYRJqU=,LJzTKY3jVDi7QYpxNOrYAxd/M0A=
15,-15,w47RFMyRQIcU2Megzm9/sZYRJqU=,LJzTKY3jVDi7QYpxNOrYAxd/M0A=
3,-16,w47RFMyRQIcU2Megzm9/sZYRJqU=,LJzTKY3jVDi7QYpxNOrYAxd/M0A=
15,-1,w47RFMyRQIcU2Megzm9/sZYRJqU=,LJzTKY3jVDi7QYpxNOrYAxd/M0A=
13,-14,w47RFMyRQIcU2Megzm9/sZYRJqU=,LJzTKY3jVDi7QYpxNOrYAxd/M0A=
0,-16,w47RFMyRQIcU2Megzm9/sZYRJqU=,LJzTKY3jVDi7QYpxNOrYAxd/M0A=
12,-14,w47RFMyRQIcU2Megzm9/sZYRJqU=,LJzTKY3jVDi7QYpxNOrYAxd/M0A=
8,-14,w47RFMyRQIcU2Megzm9/sZYRJqU=,LJzTKY3jVDi7QYpxNOrYAxd/M0A=
11,-14,w47RFMyRQIcU2Megzm9/sZYRJqU=,LJzTKY3jVDi7QYpxNOrYAxd/M0A=
10,-14,w47RFMyRQIcU2Megzm9/sZYRJqU=,LJzTKY3jVDi7QYpxNOrYAxd/M0A=
9,-14,w47RFMyRQIcU2Megzm9/sZYRJqU=,LJzTKY3jVDi7QYpxNOrYAxd/M0A=
12,-13,w47RFMyRQIcU2Megzm9/sZYRJqU=,LJzTKY3jVDi7QYpxNOrYAxd/M0A=
7,-14,w47RFMyRQIcU2Megzm9/sZYRJqU=,LJzTKY3jVDi7QYpxNOrYAxd/M0A=
4,-14,w47RFMyRQIcU2Megzm9/sZYRJqU=,LJzTKY3jVDi7QYpxNOrYAxd/M0A=
14,-14,w47RFMyRQIcU2Megzm9/sZYRJqU=,LJzTKY3jVDi7QYpxNOrYAxd/M0A=
5,-14,w47RFMyRQIcU2Megzm9/sZYRJqU=,LJzTKY3jVDi7QYpxNOrYAxd/M0A=
11,-13,w47RFMyRQIcU2Megzm9/sZYRJqU=,LJzTKY3jVDi7QYpxNOrYAxd/M0A=
3,-14,w47RFMyRQIcU2Megzm9/sZYRJqU=,LJzTKY3jVDi7QYpxNOrYAxd/M0A=
2,-14,w47RFMyRQIcU2Megzm9/sZYRJqU=,LJzTKY3jVDi7QYpxNOrYAxd/M0A=
0,-14,w47RFMyRQIcU2Megzm9/sZYRJqU=,LJzTKY3jVDi7QYpxNOrYAxd/M0A=
1,-14,w47RFMyRQIcU2Megzm9/sZYRJqU=,LJzTKY3jVDi7QYpxNOrYAxd/M0A=
4,-16,w47RFMyRQIcU2Megzm9/sZYRJqU=,LJzTKY3jVDi7QYpxNOrYAxd/M0A=
13,-1,w47RFMyRQIcU2Megzm9/sZYRJqU=,LJzTKY3jVDi7QYpxNOrYAxd/M0A=
12,-1,w47RFMyRQIcU2Megzm9/sZYRJqU=,LJzTKY3jVDi7QYpxNOrYAxd/M0A=
11,-1,w47RFMyRQIcU2Megzm9/sZYRJqU=,LJzTKY3jVDi7QYpxNOrYAxd/M0A=
14,-1,w47RFMyRQIcU2Megzm9/sZYRJqU=,LJzTKY3jVDi7QYpxNOrYAxd/M0A=
10,-1,w47RFMyRQIcU2Megzm9/sZYRJqU=,LJzTKY3jVDi7QYpxNOrYAxd/M0A=
13,-13,w47RFMyRQIcU2Megzm9/sZYRJqU=,LJzTKY3jVDi7QYpxNOrYAxd/M0A=
9,-1,w47RFMyRQIcU2Megzm9/sZYRJqU=,LJzTKY3jVDi7QYpxNOrYAxd/M0A=
8,-1,w47RFMyRQIcU2Megzm9/sZYRJqU=,LJzTKY3jVDi7QYpxNOrYAxd/M0A=
6,-1,w47RFMyRQIcU2Megzm9/sZYRJqU=,LJzTKY3jVDi7QYpxNOrYAxd/M0A=
6,-14,w47RFMyRQIcU2Megzm9/sZYRJqU=,LJzTKY3jVDi7QYpxNOrYAxd/M0A=
5,-1,w47RFMyRQIcU2Megzm9/sZYRJqU=,LJzTKY3jVDi7QYpxNOrYAxd/M0A=
14,-13,w47RFMyRQIcU2Megzm9/sZYRJqU=,LJzTKY3jVDi7QYpxNOrYAxd/M0A=
7,-1,w47RFMyRQIcU2Megzm9/sZYRJqU=,LJzTKY3jVDi7QYpxNOrYAxd/M0A=
4,-1,w47RFMyRQIcU2Megzm9/sZYRJqU=,LJzTKY3jVDi7QYpxNOrYAxd/M0A=
3,-1,w47RFMyRQIcU2Megzm9/sZYRJqU=,LJzTKY3jVDi7QYpxNOrYAxd/M0A=
10,-13,w47RFMyRQIcU2Megzm9/sZYRJqU=,LJzTKY3jVDi7QYpxNOrYAxd/M0A=
2,-16,w47RFMyRQIcU2Megzm9/sZYRJqU=,LJzTKY3jVDi7QYpxNOrYAxd/M0A=
15,-13,w47RFMyRQIcU2Megzm9/sZYRJqU=,LJzTKY3jVDi7QYpxNOrYAxd/M0A=
2,-1,w47RFMyRQIcU2Megzm9/sZYRJqU=,LJzTKY3jVDi7QYpxNOrYAxd/M0A=
1,-1,w47RFMyRQIcU2Megzm9/sZYRJqU=,LJzTKY3jVDi7QYpxNOrYAxd/M0A=
14,-15,w47RFMyRQIcU2Megzm9/sZYRJqU=,LJzTKY3jVDi7QYpxNOrYAxd/M0A=
0,-1,w47RFMyRQIcU2Megzm9/sZYRJqU=,LJzTKY3jVDi7QYpxNOrYAxd/M0A=
14,-2,w47RFMyRQIcU2Megzm9/sZYRJqU=,LJzTKY3jVDi7QYpxNOrYAxd/M0A=
15,-2,w47RFMyRQIcU2Megzm9/sZYRJqU=,LJzTKY3jVDi7QYpxNOrYAxd/M0A=
0,-12,w47RFMyRQIcU2Megzm9/sZYRJqU=,LJzTKY3jVDi7QYpxNOrYAxd/M0A=
13,-2,w47RFMyRQIcU2Megzm9/sZYRJqU=,LJzTKY3jVDi7QYpxNOrYAxd/M0A=
12,-2,w47RFMyRQIcU2Megzm9/sZYRJqU=,LJzTKY3jVDi7QYpxNOrYAxd/M0A=
10,-2,w47RFMyRQIcU2Megzm9/sZYRJqU=,LJzTKY3jVDi7QYpxNOrYAxd/M0A=
11,-2,w47RFMyRQIcU2Megzm9/sZYRJqU=,LJzTKY3jVDi7QYpxNOrYAxd/M0A=
9,-2,w47RFMyRQIcU2Megzm9/sZYRJqU=,LJzTKY3jVDi7QYpxNOrYAxd/M0A=
8,-2,w47RFMyRQIcU2Megzm9/sZYRJqU=,LJzTKY3jVDi7QYpxNOrYAxd/M0A=
5,-16,w47RFMyRQIcU2Megzm9/sZYRJqU=,LJzTKY3jVDi7QYpxNOrYAxd/M0A=
5,-2,w47RFMyRQIcU2Megzm9/sZYRJqU=,LJzTKY3jVDi7QYpxNOrYAxd/M0A=
4,-2,w47RFMyRQIcU2Megzm9/sZYRJqU=,LJzTKY3jVDi7QYpxNOrYAxd/M0A=
3,-2,w47RFMyRQIcU2Megzm9/sZYRJqU=,LJzTKY3jVDi7QYpxNOrYAxd/M0A=
1,-15,w47RFMyRQIcU2Megzm9/sZYRJqU=,LJzTKY3jVDi7QYpxNOrYAxd/M0A=
2,-2,w47RFMyRQIcU2Megzm9/sZYRJqU=,LJzTKY3jVDi7QYpxNOrYAxd/M0A=
6,-2,w47RFMyRQIcU2Megzm9/sZYRJqU=,LJzTKY3jVDi7QYpxNOrYAxd/M0A=
2,-15,w47RFMyRQIcU2Megzm9/sZYRJqU=,LJzTKY3jVDi7QYpxNOrYAxd/M0A=
9,-13,w47RFMyRQIcU2Megzm9/sZYRJqU=,LJzTKY3jVDi7QYpxNOrYAxd/M0A=
0,-15,w47RFMyRQIcU2Megzm9/sZYRJqU=,LJzTKY3jVDi7QYpxNOrYAxd/M0A=
0,-2,w47RFMyRQIcU2Megzm9/sZYRJqU=,LJzTKY3jVDi7QYpxNOrYAxd/M0A=
1,-2,w47RFMyRQIcU2Megzm9/sZYRJqU=,LJzTKY3jVDi7QYpxNOrYAxd/M0A=
7,-2,w47RFMyRQIcU2Megzm9/sZYRJqU=,LJzTKY3jVDi7QYpxNOrYAxd/M0A=
1,-16,w47RFMyRQIcU2Megzm9/sZYRJqU=,LJzTKY3jVDi7QYpxNOrYAxd/M0A=
1,-12,w47RFMyRQIcU2Megzm9/sZYRJqU=,LJzTKY3jVDi7QYpxNOrYAxd/M0A=
15,-3,w47RFMyRQIcU2Megzm9/sZYRJqU=,LJzTKY3jVDi7QYpxNOrYAxd/M0A=
14,-3,w47RFMyRQIcU2Megzm9/sZYRJqU=,LJzTKY3jVDi7QYpxNOrYAxd/M0A=
13,-3,w47RFMyRQIcU2Megzm9/sZYRJqU=,LJzTKY3jVDi7QYpxNOrYAxd/M0A=
12,-3,w47RFMyRQIcU2Megzm9/sZYRJqU=,LJzTKY3jVDi7QYpxNOrYAxd/M0A=
11,-3,w47RFMyRQIcU2Megzm9/sZYRJqU=,LJzTKY3jVDi7QYpxNOrYAxd/M0A=
2,-12,w47RFMyRQIcU2Megzm9/sZYRJqU=,LJzTKY3jVDi7QYpxNOrYAxd/M0A=
10,-3,w47RFMyRQIcU2Megzm9/sZYRJqU=,LJzTKY3jVDi7QYpxNOrYAxd/M0A=
9,-3,w47RFMyRQIcU2Megzm9/sZYRJqU=,LJzTKY3jVDi7QYpxNOrYAxd/M0A=
8,-3,w47RFMyRQIcU2Megzm9/sZYRJqU=,LJzTKY3jVDi7QYpxNOrYAxd/M0A=
7,-3,w47RFMyRQIcU2Megzm9/sZYRJqU=,LJzTKY3jVDi7QYpxNOrYAxd/M0A=
5,-3,w47RFMyRQIcU2Megzm9/sZYRJqU=,LJzTKY3jVDi7QYpxNOrYAxd/M0A=
4,-3,w47RFMyRQIcU2Megzm9/sZYRJqU=,LJzTKY3jVDi7QYpxNOrYAxd/M0A=
3,-12,w47RFMyRQIcU2Megzm9/sZYRJqU=,LJzTKY3jVDi7QYpxNOrYAxd/M0A=
3,-3,w47RFMyRQIcU2Megzm9/sZYRJqU=,LJzTKY3jVDi7QYpxNOrYAxd/M0A=
6,-3,w47RFMyRQIcU2Megzm9/sZYRJqU=,LJzTKY3jVDi7QYpxNOrYAxd/M0A=
13,-15,w47RFMyRQIcU2Megzm9/sZYRJqU=,LJzTKY3jVDi7QYpxNOrYAxd/M0A=
15,-16,w47RFMyRQIcU2Megzm9/sZYRJqU=,LJzTKY3jVDi7QYpxNOrYAxd/M0A=
2,-3,w47RFMyRQIcU2Megzm9/sZYRJqU=,LJzTKY3jVDi7QYpxNOrYAxd/M0A=
8,-13,w47RFMyRQIcU2Megzm9/sZYRJqU=,LJzTKY3jVDi7QYpxNOrYAxd/M0A=
1,-3,w47RFMyRQIcU2Megzm9/sZYRJqU=,LJzTKY3jVDi7QYpxNOrYAxd/M0A=
4,-12,w47RFMyRQIcU2Megzm9/sZYRJqU=,LJzTKY3jVDi7QYpxNOrYAxd/M0A=
0,-3,w47RFMyRQIcU2Megzm9/sZYRJqU=,LJzTKY3jVDi7QYpxNOrYAxd/M0A=
12,-15,w47RFMyRQIcU2Megzm9/sZYRJqU=,LJzTKY3jVDi7QYpxNOrYAxd/M0A=
15,-4,w47RFMyRQIcU2Megzm9/sZYRJqU=,LJzTKY3jVDi7QYpxNOrYAxd/M0A=
14,-4,w47RFMyRQIcU2Megzm9/sZYRJqU=,LJzTKY3jVDi7QYpxNOrYAxd/M0A=
13,-4,w47RFMyRQIcU2Megzm9/sZYRJqU=,LJzTKY3jVDi7QYpxNOrYAxd/M0A=
5,-12,w47RFMyRQIcU2Megzm9/sZYRJqU=,LJzTKY3jVDi7QYpxNOrYAxd/M0A=
12,-4,w47RFMyRQIcU2Megzm9/sZYRJqU=,LJzTKY3jVDi7QYpxNOrYAxd/M0A=
10,-4,w47RFMyRQIcU2Megzm9/sZYRJqU=,LJzTKY3jVDi7QYpxNOrYAxd/M0A=
11,-4,w47RFMyRQIcU2Megzm9/sZYRJqU=,LJzTKY3jVDi7QYpxNOrYAxd/M0A=
8,-4,w47RFMyRQIcU2Megzm9/sZYRJqU=,LJzTKY3jVDi7QYpxNOrYAxd/M0A=
5,-4,w47RFMyRQIcU2Megzm9/sZYRJqU=,LJzTKY3jVDi7QYpxNOrYAxd/M0A=
9,-4,w47RFMyRQIcU2Megzm9/sZYRJqU=,LJzTKY3jVDi7QYpxNOrYAxd/M0A=
4,-4,w47RFMyRQIcU2Megzm9/sZYRJqU=,LJzTKY3jVDi7QYpxNOrYAxd/M0A=
7,-4,w47RFMyRQIcU2Megzm9/sZYRJqU=,LJzTKY3jVDi7QYpxNOrYAxd/M0A=
14,-16,w47RFMyRQIcU2Megzm9/sZYRJqU=,LJzTKY3jVDi7QYpxNOrYAxd/M0A=
3,-4,w47RFMyRQIcU2Megzm9/sZYRJqU=,LJzTKY3jVDi7QYpxNOrYAxd/M0A=
6,-4,w47RFMyRQIcU2Megzm9/sZYRJqU=,LJzTKY3jVDi7QYpxNOrYAxd/M0A=
7,-13,w47RFMyRQIcU2Megzm9/sZYRJqU=,LJzTKY3jVDi7QYpxNOrYAxd/M0A=
2,-4,w47RFMyRQIcU2Megzm9/sZYRJqU=,LJzTKY3jVDi7QYpxNOrYAxd/M0A=
1,-4,w47RFMyRQIcU2Megzm9/sZYRJqU=,LJzTKY3jVDi7QYpxNOrYAxd/M0A=
0,-4,w47RFMyRQIcU2Megzm9/sZYRJqU=,LJzTKY3jVDi7QYpxNOrYAxd/M0A=
11,-15,w47RFMyRQIcU2Megzm9/sZYRJqU=,LJzTKY3jVDi7QYpxNOrYAxd/M0A=
15,-5,w47RFMyRQIcU2Megzm9/sZYRJqU=,LJzTKY3jVDi7QYpxNOrYAxd/M0A=
13,-5,w47RFMyRQIcU2Megzm9/sZYRJqU=,LJzTKY3jVDi7QYpxNOrYAxd/M0A=
14,-5,w47RFMyRQIcU2Megzm9/sZYRJqU=,LJzTKY3jVDi7QYpxNOrYAxd/M0A=
11,-5,w47RFMyRQIcU2Megzm9/sZYRJqU=,LJzTKY3jVDi7QYpxNOrYAxd/M0A=
10,-5,w47RFMyRQIcU2Megzm9/sZYRJqU=,LJzTKY3jVDi7QYpxNOrYAxd/M0A=
9,-5,w47RFMyRQIcU2Megzm9/sZYRJqU=,LJzTKY3jVDi7QYpxNOrYAxd/M0A=
6,-12,w47RFMyRQIcU2Megzm9/sZYRJqU=,LJzTKY3jVDi7QYpxNOrYAxd/M0A=
8,-5,w47RFMyRQIcU2Megzm9/sZYRJqU=,LJzTKY3jVDi7QYpxNOrYAxd/M0A=
5,-5,w47RFMyRQIcU2Megzm9/sZYRJqU=,LJzTKY3jVDi7QYpxNOrYAxd/M0A=
13,-16,w47RFMyRQIcU2Megzm9/sZYRJqU=,LJzTKY3jVDi7QYpxNOrYAxd/M0A=
7,-12,w47RFMyRQIcU2Megzm9/sZYRJqU=,LJzTKY3jVDi7QYpxNOrYAxd/M0A=
12,-5,w47RFMyRQIcU2Megzm9/sZYRJqU=,LJzTKY3jVDi7QYpxNOrYAxd/M0A=
4,-5,w47RFMyRQIcU2Megzm9/sZYRJqU=,LJzTKY3jVDi7QYpxNOrYAxd/M0A=
3,-5,w47RFMyRQIcU2Megzm9/sZYRJqU=,LJzTKY3jVDi7QYpxNOrYAxd/M0A=
8,-12,w47RFMyRQIcU2Megzm9/sZYRJqU=,LJzTKY3jVDi7QYpxNOrYAxd/M0A=
2,-5,w47RFMyRQIcU2Megzm9/sZYRJqU=,LJzTKY3jVDi7QYpxNOrYAxd/M0A=
7,-5,w47RFMyRQIcU2Megzm9/sZYRJqU=,LJzTKY3jVDi7QYpxNOrYAxd/M0A=
10,-15,w47RFMyRQIcU2Megzm9/sZYRJqU=,LJzTKY3jVDi7QYpxNOrYAxd/M0A=
9,-12,w47RFMyRQIcU2Megzm9/sZYRJqU=,LJzTKY3jVDi7QYpxNOrYAxd/M0A=
0,-5,w47RFMyRQIcU2Megzm9/sZYRJqU=,LJzTKY3jVDi7QYpxNOrYAxd/M0A=
14,-6,w47RFMyRQIcU2Megzm9/sZYRJqU=,LJzTKY3jVDi7QYpxNOrYAxd/M0A=
13,-6,w47RFMyRQIcU2Megzm9/sZYRJqU=,LJzTKY3jVDi7QYpxNOrYAxd/M0A=
15,-6,w47RFMyRQIcU2Megzm9/sZYRJqU=,LJzTKY3jVDi7QYpxNOrYAxd/M0A=
1,-5,w47RFMyRQIcU2Megzm9/sZYRJqU=,LJzTKY3jVDi7QYpxNOrYAxd/M0A=
12,-6,w47RFMyRQIcU2Megzm9/sZYRJqU=,LJzTKY3jVDi7QYpxNOrYAxd/M0A=
10,-12,w47RFMyRQIcU2Megzm9/sZYRJqU=,LJzTKY3jVDi7QYpxNOrYAxd/M0A=
6,-5,w47RFMyRQIcU2Megzm9/sZYRJqU=,LJzTKY3jVDi7QYpxNOrYAxd/M0A=
10,-6,w47RFMyRQIcU2Megzm9/sZYRJqU=,LJzTKY3jVDi7QYpxNOrYAxd/M0A=
11,-6,w47RFMyRQIcU2Megzm9/sZYRJqU=,LJzTKY3jVDi7QYpxNOrYAxd/M0A=
9,-6,w47RFMyRQIcU2Megzm9/sZYRJqU=,LJzTKY3jVDi7QYpxNOrYAxd/M0A=
6,-13,w47RFMyRQIcU2Megzm9/sZYRJqU=,LJzTKY3jVDi7QYpxNOrYAxd/M0A=
8,-6,w47RFMyRQIcU2Megzm9/sZYRJqU=,LJzTKY3jVDi7QYpxNOrYAxd/M0A=
11,-12,w47RFMyRQIcU2Megzm9/sZYRJqU=,LJzTKY3jVDi7QYpxNOrYAxd/M0A=
12,-16,w47RFMyRQIcU2Megzm9/sZYRJqU=,LJzTKY3jVDi7QYpxNOrYAxd/M0A=
5,-13,w47RFMyRQIcU2Megzm9/sZYRJqU=,LJzTKY3jVDi7QYpxNOrYAxd/M0A=
4,-6,w47RFMyRQIcU2Megzm9/sZYRJqU=,LJzTKY3jVDi7QYpxNOrYAxd/M0A=
5,-6,w47RFMyRQIcU2Megzm9/sZYRJqU=,LJzTKY3jVDi7QYpxNOrYAxd/M0A=
15,-14,w47RFMyRQIcU2Megzm9/sZYRJqU=,LJzTKY3jVDi7QYpxNOrYAxd/M0A=
3,-6,w47RFMyRQIcU2Megzm9/sZYRJqU=,LJzTKY3jVDi7QYpxNOrYAxd/M0A=
2,-6,w47RFMyRQIcU2Megzm9/sZYRJqU=,LJzTKY3jVDi7QYpxNOrYAxd/M0A=
1,-6,w47RFMyRQIcU2Megzm9/sZYRJqU=,LJzTKY3jVDi7QYpxNOrYAxd/M0A=
0,-6,w47RFMyRQIcU2Megzm9/sZYRJqU=,LJzTKY3jVDi7QYpxNOrYAxd/M0A=
9,-15,w47RFMyRQIcU2Megzm9/sZYRJqU=,LJzTKY3jVDi7QYpxNOrYAxd/M0A=
15,-7,w47RFMyRQIcU2Megzm9/sZYRJqU=,LJzTKY3jVDi7QYpxNOrYAxd/M0A=
7,-6,w47RFMyRQIcU2Megzm9/sZYRJqU=,LJzTKY3jVDi7QYpxNOrYAxd/M0A=
14,-7,w47RFMyRQIcU2Megzm9/sZYRJqU=,LJzTKY3jVDi7QYpxNOrYAxd/M0A=
6,-6,w47RFMyRQIcU2Megzm9/sZYRJqU=,LJzTKY3jVDi7QYpxNOrYAxd/M0A=
13,-7,w47RFMyRQIcU2Megzm9/sZYRJqU=,LJzTKY3jVDi7QYpxNOrYAxd/M0A=
12,-7,w47RFMyRQIcU2Megzm9/sZYRJqU=,LJzTKY3jVDi7QYpxNOrYAxd/M0A=
8,-7,w47RFMyRQIcU2Megzm9/sZYRJqU=,LJzTKY3jVDi7QYpxNOrYAxd/M0A=
11,-7,w47RFMyRQIcU2Megzm9/sZYRJqU=,LJzTKY3jVDi7QYpxNOrYAxd/M0A=
10,-7,w47RFMyRQIcU2Megzm9/sZYRJqU=,LJzTKY3jVDi7QYpxNOrYAxd/M0A=
11,-16,w47RFMyRQIcU2Megzm9/sZYRJqU=,LJzTKY3jVDi7QYpxNOrYAxd/M0A=
9,-7,w47RFMyRQIcU2Megzm9/sZYRJqU=,LJzTKY3jVDi7QYpxNOrYAxd/M0A=
4,-7,w47RFMyRQIcU2Megzm9/sZYRJqU=,LJzTKY3jVDi7QYpxNOrYAxd/M0A=
7,-7,w47RFMyRQIcU2Megzm9/sZYRJqU=,LJzTKY3jVDi7QYpxNOrYAxd/M0A=
4,-13,w47RFMyRQIcU2Megzm9/sZYRJqU=,LJzTKY3jVDi7QYpxNOrYAxd/M0A=
5,-7,w47RFMyRQIcU2Megzm9/sZYRJqU=,LJzTKY3jVDi7QYpxNOrYAxd/M0A=
2,-7,w47RFMyRQIcU2Megzm9/sZYRJqU=,LJzTKY3jVDi7QYpxNOrYAxd/M0A=
3,-7,w47RFMyRQIcU2Megzm9/sZYRJqU=,LJzTKY3jVDi7QYpxNOrYAxd/M0A=
6,-16,w47RFMyRQIcU2Megzm9/sZYRJqU=,LJzTKY3jVDi7QYpxNOrYAxd/M0A=
15,-8,w47RFMyRQIcU2Megzm9/sZYRJqU=,LJzTKY3jVDi7QYpxNOrYAxd/M0A=
1,-7,w47RFMyRQIcU2Megzm9/sZYRJqU=,LJzTKY3jVDi7QYpxNOrYAxd/M0A=
0,-7,w47RFMyRQIcU2Megzm9/sZYRJqU=,LJzTKY3jVDi7QYpxNOrYAxd/M0A=
8,-15,w47RFMyRQIcU2Megzm9/sZYRJqU=,LJzTKY3jVDi7QYpxNOrYAxd/M0A=
13,-8,w47RFMyRQIcU2Megzm9/sZYRJqU=,LJzTKY3jVDi7QYpxNOrYAxd/M0A=
14,-8,w47RFMyRQIcU2Megzm9/sZYRJqU=,LJzTKY3jVDi7QYpxNOrYAxd/M0A=
12,-12,w47RFMyRQIcU2Megzm9/sZYRJqU=,LJzTKY3jVDi7QYpxNOrYAxd/M0A=
9,-8,w47RFMyRQIcU2Megzm9/sZYRJqU=,LJzTKY3jVDi7QYpxNOrYAxd/M0A=
12,-8,w47RFMyRQIcU2Megzm9/sZYRJqU=,LJzTKY3jVDi7QYpxNOrYAxd/M0A=
11,-8,w47RFMyRQIcU2Megzm9/sZYRJqU=,LJzTKY3jVDi7QYpxNOrYAxd/M0A=
10,-8,w47RFMyRQIcU2Megzm9/sZYRJqU=,LJzTKY3jVDi7QYpxNOrYAxd/M0A=
10,-16,w47RFMyRQIcU2Megzm9/sZYRJqU=,LJzTKY3jVDi7QYpxNOrYAxd/M0A=
8,-8,w47RFMyRQIcU2Megzm9/sZYRJqU=,LJzTKY3jVDi7QYpxNOrYAxd/M0A=
13,-12,w47RFMyRQIcU2Megzm9/sZYRJqU=,LJzTKY3jVDi7QYpxNOrYAxd/M0A=
14,-12,w47RFMyRQIcU2Megzm9/sZYRJqU=,LJzTKY3jVDi7QYpxNOrYAxd/M0A=
3,-13,w47RFMyRQIcU2Megzm9/sZYRJqU=,LJzTKY3jVDi7QYpxNOrYAxd/M0A=
5,-8,w47RFMyRQIcU2Megzm9/sZYRJqU=,LJzTKY3jVDi7QYpxNOrYAxd/M0A=
4,-8,w47RFMyRQIcU2Megzm9/sZYRJqU=,LJzTKY3jVDi7QYpxNOrYAxd/M0A=
15,-12,w47RFMyRQIcU2Megzm9/sZYRJqU=,LJzTKY3jVDi7QYpxNOrYAxd/M0A=
7,-8,w47RFMyRQIcU2Megzm9/sZYRJqU=,LJzTKY3jVDi7QYpxNOrYAxd/M0A=
0,-11,w47RFMyRQIcU2Megzm9/sZYRJqU=,LJzTKY3jVDi7QYpxNOrYAxd/M0A=
3,-8,w47RFMyRQIcU2Megzm9/sZYRJqU=,LJzTKY3jVDi7QYpxNOrYAxd/M0A=
2,-8,w47RFMyRQIcU2Megzm9/sZYRJqU=,LJzTKY3jVDi7QYpxNOrYAxd/M0A=
1,-8,w47RFMyRQIcU2Megzm9/sZYRJqU=,LJzTKY3jVDi7QYpxNOrYAxd/M0A=
3,-15,w47RFMyRQIcU2Megzm9/sZYRJqU=,LJzTKY3jVDi7QYpxNOrYAxd/M0A=
1,-11,w47RFMyRQIcU2Megzm9/sZYRJqU=,LJzTKY3jVDi7QYpxNOrYAxd/M0A=
0,-8,w47RFMyRQIcU2Megzm9/sZYRJqU=,LJzTKY3jVDi7QYpxNOrYAxd/M0A=
7,-15,w47RFMyRQIcU2Megzm9/sZYRJqU=,LJzTKY3jVDi7QYpxNOrYAxd/M0A=
15,-9,w47RFMyRQIcU2Megzm9/sZYRJqU=,LJzTKY3jVDi7QYpxNOrYAxd/M0A=
14,-9,w47RFMyRQIcU2Megzm9/sZYRJqU=,LJzTKY3jVDi7QYpxNOrYAxd/M0A=
2,-11,w47RFMyRQIcU2Megzm9/sZYRJqU=,LJzTKY3jVDi7QYpxNOrYAxd/M0A=
13,-9,w47RFMyRQIcU2Megzm9/sZYRJqU=,LJzTKY3jVDi7QYpxNOrYAxd/M0A=
3,-11,w47RFMyRQIcU2Megzm9/sZYRJqU=,LJzTKY3jVDi7QYpxNOrYAxd/M0A=
12,-9,w47RFMyRQIcU2Megzm9/sZYRJqU=,LJzTKY3jVDi7QYpxNOrYAxd/M0A=
11,-9,w47RFMyRQIcU2Megzm9/sZYRJqU=,LJzTKY3jVDi7QYpxNOrYAxd/M0A=
4,-11,w47RFMyRQIcU2Megzm9/sZYRJqU=,LJzTKY3jVDi7QYpxNOrYAxd/M0A=
10,-9,w47RFMyRQIcU2Megzm9/sZYRJqU=,LJzTKY3jVDi7QYpxNOrYAxd/M0A=
5,-11,w47RFMyRQIcU2Megzm9/sZYRJqU=,LJzTKY3jVDi7QYpxNOrYAxd/M0A=
9,-9,w47RFMyRQIcU2Megzm9/sZYRJqU=,LJzTKY3jVDi7QYpxNOrYAxd/M0A=
9,-16,w47RFMyRQIcU2Megzm9/sZYRJqU=,LJzTKY3jVDi7QYpxNOrYAxd/M0A=
2,-13,w47RFMyRQIcU2Megzm9/sZYRJqU=,LJzTKY3jVDi7QYpxNOrYAxd/M0A=
6,-8,w47RFMyRQIcU2Megzm9/sZYRJqU=,LJzTKY3jVDi7QYpxNOrYAxd/M0A=
6,-7,w47RFMyRQIcU2Megzm9/sZYRJqU=,LJzTKY3jVDi7QYpxNOrYAxd/M0A=
8,-9,w47RFMyRQIcU2Megzm9/sZYRJqU=,LJzTKY3jVDi7QYpxNOrYAxd/M0A=
4,-9,w47RFMyRQIcU2Megzm9/sZYRJqU=,LJzTKY3jVDi7QYpxNOrYAxd/M0A=
5,-9,w47RFMyRQIcU2Megzm9/sZYRJqU=,LJzTKY3jVDi7QYpxNOrYAxd/M0A=
3,-9,w47RFMyRQIcU2Megzm9/sZYRJqU=,LJzTKY3jVDi7QYpxNOrYAxd/M0A=
2,-9,w47RFMyRQIcU2Megzm9/sZYRJqU=,LJzTKY3jVDi7QYpxNOrYAxd/M0A=
0,-9,w47RFMyRQIcU2Megzm9/sZYRJqU=,LJzTKY3jVDi7QYpxNOrYAxd/M0A=
1,-9,w47RFMyRQIcU2Megzm9/sZYRJqU=,LJzTKY3jVDi7QYpxNOrYAxd/M0A=
15,-10,w47RFMyRQIcU2Megzm9/sZYRJqU=,LJzTKY3jVDi7QYpxNOrYAxd/M0A=
6,-11,w47RFMyRQIcU2Megzm9/sZYRJqU=,LJzTKY3jVDi7QYpxNOrYAxd/M0A=
7,-9,w47RFMyRQIcU2Megzm9/sZYRJqU=,LJzTKY3jVDi7QYpxNOrYAxd/M0A=
14,-10,w47RFMyRQIcU2Megzm9/sZYRJqU=,LJzTKY3jVDi7QYpxNOrYAxd/M0A=
13,-10,w47RFMyRQIcU2Megzm9/sZYRJqU=,LJzTKY3jVDi7QYpxNOrYAxd/M0A=
12,-10,w47RFMyRQIcU2Megzm9/sZYRJqU=,LJzTKY3jVDi7QYpxNOrYAxd/M0A=
7,-11,w47RFMyRQIcU2Megzm9/sZYRJqU=,LJzTKY3jVDi7QYpxNOrYAxd/M0A=
6,-9,w47RFMyRQIcU2Megzm9/sZYRJqU=,LJzTKY3jVDi7QYpxNOrYAxd/M0A=
11,-10,w47RFMyRQIcU2Megzm9/sZYRJqU=,LJzTKY3jVDi7QYpxNOrYAxd/M0A=
10,-10,w47RFMyRQIcU2Megzm9/sZYRJqU=,LJzTKY3jVDi7QYpxNOrYAxd/M0A=
8,-16,w47RFMyRQIcU2Megzm9/sZYRJqU=,LJzTKY3jVDi7QYpxNOrYAxd/M0A=
1,-13,w47RFMyRQIcU2Megzm9/sZYRJqU=,LJzTKY3jVDi7QYpxNOrYAxd/M0A=
6,-15,w47RFMyRQIcU2Megzm9/sZYRJqU=,LJzTKY3jVDi7QYpxNOrYAxd/M0A=
8,-11,w47RFMyRQIcU2Megzm9/sZYRJqU=,LJzTKY3jVDi7QYpxNOrYAxd/M0A=
9,-10,w47RFMyRQIcU2Megzm9/sZYRJqU=,LJzTKY3jVDi7QYpxNOrYAxd/M0A=
8,-10,w47RFMyRQIcU2Megzm9/sZYRJqU=,LJzTKY3jVDi7QYpxNOrYAxd/M0A=
7,-10,w47RFMyRQIcU2Megzm9/sZYRJqU=,LJzTKY3jVDi7QYpxNOrYAxd/M0A=
5,-10,w47RFMyRQIcU2Megzm9/sZYRJqU=,LJzTKY3jVDi7QYpxNOrYAxd/M0A=
9,-11,w47RFMyRQIcU2Megzm9/sZYRJqU=,LJzTKY3jVDi7QYpxNOrYAxd/M0A=
4,-10,w47RFMyRQIcU2Megzm9/sZYRJqU=,LJzTKY3jVDi7QYpxNOrYAxd/M0A=
3,-10,w47RFMyRQIcU2Megzm9/sZYRJqU=,LJzTKY3jVDi7QYpxNOrYAxd/M0A=
2,-10,w47RFMyRQIcU2Megzm9/sZYRJqU=,LJzTKY3jVDi7QYpxNOrYAxd/M0A=
1,-10,w47RFMyRQIcU2Megzm9/sZYRJqU=,LJzTKY3jVDi7QYpxNOrYAxd/M0A=
0,-10,w47RFMyRQIcU2Megzm9/sZYRJqU=,LJzTKY3jVDi7QYpxNOrYAxd/M0A=
10,-11,w47RFMyRQIcU2Megzm9/sZYRJqU=,LJzTKY3jVDi7QYpxNOrYAxd/M0A=
5,-15,w47RFMyRQIcU2Megzm9/sZYRJqU=,LJzTKY3jVDi7QYpxNOrYAxd/M0A=
15,-11,w47RFMyRQIcU2Megzm9/sZYRJqU=,LJzTKY3jVDi7QYpxNOrYAxd/M0A=
13,-11,w47RFMyRQIcU2Megzm9/sZYRJqU=,LJzTKY3jVDi7QYpxNOrYAxd/M0A=
14,-11,w47RFMyRQIcU2Megzm9/sZYRJqU=,LJzTKY3jVDi7QYpxNOrYAxd/M0A=
12,-11,w47RFMyRQIcU2Megzm9/sZYRJqU=,LJzTKY3jVDi7QYpxNOrYAxd/M0A=
4,-15,w47RFMyRQIcU2Megzm9/sZYRJqU=,LJzTKY3jVDi7QYpxNOrYAxd/M0A=
11,-11,w47RFMyRQIcU2Megzm9/sZYRJqU=,LJzTKY3jVDi7QYpxNOrYAxd/M0A=
7,-16,w47RFMyRQIcU2Megzm9/sZYRJqU=,LJzTKY3jVDi7QYpxNOrYAxd/M0A=
0,-13,w47RFMyRQIcU2Megzm9/sZYRJqU=,LJzTKY3jVDi7QYpxNOrYAxd/M0A=
6,-10,w47RFMyRQIcU2Megzm9/sZYRJqU=,LJzTKY3jVDi7QYpxNOrYAxd/M0A=
