51,16,v9Wg35LQbNLr2z71DeV/zymscIY=,tz6XIzzYCcpGlu+tauQN2HtR8uc=
48,16,v9Wg35LQbNLr2z71DeV/zymscIY=,tz6XIzzYCcpGlu+tauQN2HtR8uc=
60,19,v9Wg35LQbNLr2z71DeV/zymscIY=,tz6XIzzYCcpGlu+tauQN2HtR8uc=
62,18,v9Wg35LQbNLr2z71DeV/zymscIY=,tz6XIzzYCcpGlu+tauQN2HtR8uc=
52,16,v9Wg35LQbNLr2z71DeV/zymscIY=,tz6XIzzYCcpGlu+tauQN2HtR8uc=
50,17,v9Wg35LQbNLr2z71DeV/zymscIY=,tz6XIzzYCcpGlu+tauQN2HtR8uc=
53,16,v9Wg35LQbNLr2z71DeV/zymscIY=,tz6XIzzYCcpGlu+tauQN2HtR8uc=
62,19,v9Wg35LQbNLr2z71DeV/zymscIY=,tz6XIzzYCcpGlu+tauQN2HtR8uc=
61,19,v9Wg35LQbNLr2z71DeV/zymscIY=,tz6XIzzYCcpGlu+tauQN2HtR8uc=
63,31,v9Wg35LQbNLr2z71DeV/zymscIY=,tz6XIzzYCcpGlu+tauQN2HtR8uc=
63,19,v9Wg35LQbNLr2z71DeV/zymscIY=,tz6XIzzYCcpGlu+tauQN2HtR8uc=
48,20,v9Wg35LQbNLr2z71DeV/zymscIY=,tz6XIzzYCcpGlu+tauQN2HtR8uc=
59,19,v9Wg35LQbNLr2z71DeV/zymscIY=,tz6XIzzYCcpGlu+tauQN2HtR8uc=
62,31,v9Wg35LQbNLr2z71DeV/zymscIY=,tz6XIzzYCcpGlu+tauQN2HtR8uc=
49,20,v9Wg35LQbNLr2z71DeV/zymscIY=,tz6XIzzYCcpGlu+tauQN2HtR8uc=
61,31,v9Wg35LQbNLr2z71DeV/zymscIY=,tz6XIzzYCcpGlu+tauQN2HtR8uc=
50,20,v9Wg35LQbNLr2z71DeV/zymscIY=,tz6XIzzYCcpGlu+tauQN2HtR8uc=
60,31,v9Wg35LQbNLr2z71DeV/zymscIY=,tz6XIzzYCcpGlu+tauQN2HtR8uc=
51,20,v9Wg35LQbNLr2z71DeV/zymscIY=,tz6XIzzYCcpGlu+tauQN2HtR8uc=
59,31,v9Wg35LQbNLr2z71DeV/zymscIY=,tz6XIzzYCcpGlu+tauQN2HtR8uc=
63,17,v9Wg35LQbNLr2z71DeV/zymscIY=,tz6XIzzYCcpGlu+tauQN2HtR8uc=
58,31,v9Wg35LQbNLr2z71DeV/zymscIY=,tz6XIzzYCcpGlu+tauQN2HtR8uc=
52,20,v9Wg35LQbNLr2z71DeV/zymscIY=,tz6XIzzYCcpGlu+tauQN2HtR8uc=
57,31,v9Wg35LQbNLr2z71DeV/zymscIY=,tz6XIzzYCcpGlu+tauQN2HtR8uc=
56,31,v9Wg35LQbNLr2z71DeV/zymscIY=,tz6XIzzYCcpGlu+tauQN2HtR8uc=
54,31,v9Wg35LQbNLr2z71DeV/zymscIY=,tz6XIzzYCcpGlu+tauQN2HtR8uc=
53,20,v9Wg35LQbNLr2z71DeV/zymscIY=,tz6XIzzYCcpGlu+tauQN2HtR8uc=
52,31,v9Wg35LQbNLr2z71DeV/zymscIY=,tz6XIzzYCcpGlu+tauQN2HtR8uc=
53,31,v9Wg35LQbNLr2z71DeV/zymscIY=,tz6XIzzYCcpGlu+tauQN2HtR8uc=
54,20,v9Wg35LQbNLr2z71DeV/zymscIY=,tz6XIzzYCcpGlu+tauQN2HtR8uc=
61,18,v9Wg35LQbNLr2z71DeV/zymscIY=,tz6XIzzYCcpGlu+tauQN2HtR8uc=
59,18,v9Wg35LQbNLr2z71DeV/zymscIY=,tz6XIzzYCcpGlu+tauQN2HtR8uc=
60,18,v9Wg35LQbNLr2z71DeV/zymscIY=,tz6XIzzYCcpGlu+tauQN2HtR8uc=
55,20,v9Wg35LQbNLr2z71DeV/zymscIY=,tz6XIzzYCcpGlu+tauQN2HtR8uc=
58,18,v9Wg35LQbNLr2z71DeV/zymscIY=,tz6XIzzYCcpGlu+tauQN2HtR8uc=
55,31,v9Wg35LQbNLr2z71DeV/zymscIY=,tz6XIzzYCcpGlu+tauQN2HtR8uc=
51,31,v9Wg35LQbNLr2z71DeV/zymscIY=,tz6XIzzYCcpGlu+tauQN2HtR8uc=
57,18,v9Wg35LQbNLr2z71DeV/zymscIY=,tz6XIzzYCcpGlu+tauQN2HtR8uc=
55,18,v9Wg35LQbNLr2z71DeV/zymscIY=,tz6XIzzYCcpGlu+tauQN2HtR8uc=
56,20,v9Wg35LQbNLr2z71DeV/zymscIY=,tz6XIzzYCcpGlu+tauQN2HtR8uc=
54,18,v9Wg35LQbNLr2z71DeV/zymscIY=,tz6XIzzYCcpGlu+tauQN2HtR8uc=
56,18,v9Wg35LQbNLr2z71DeV/zymscIY=,tz6XIzzYCcpGlu+tauQN2HtR8uc=
57,20,v9Wg35LQbNLr2z71DeV/zymscIY=,tz6XIzzYCcpGlu+tauQN2HtR8uc=
52,18,v9Wg35LQbNLr2z71DeV/zymscIY=,tz6XIzzYCcpGlu+tauQN2HtR8uc=
51,18,v9Wg35LQbNLr2z71DeV/zymscIY=,tz6XIzzYCcpGlu+tauQN2HtR8uc=
58,20,v9Wg35LQbNLr2z71DeV/zymscIY=,tz6XIzzYCcpGlu+tauQN2HtR8uc=
50,18,v9Wg35LQbNLr2z71DeV/zymscIY=,tz6XIzzYCcpGlu+tauQN2HtR8uc=
63,18,v9Wg35LQbNLr2z71DeV/zymscIY=,tz6XIzzYCcpGlu+tauQN2HtR8uc=
48,18,v9Wg35LQbNLr2z71DeV/zymscIY=,tz6XIzzYCcpGlu+tauQN2HtR8uc=
49,18,v9Wg35LQbNLr2z71DeV/zymscIY=,tz6XIzzYCcpGlu+tauQN2HtR8uc=
50,16,v9Wg35LQbNLr2z71DeV/zymscIY=,tz6XIzzYCcpGlu+tauQN2HtR8uc=
53,18,v9Wg35LQbNLr2z71DeV/zymscIY=,tz6XIzzYCcpGlu+tauQN2HtR8uc=
54,16,v9Wg35LQbNLr2z71DeV/zymscIY=,tz6XIzzYCcpGlu+tauQN2HtR8uc=
58,19,v9Wg35LQbNLr2z71DeV/zymscIY=,tz6XIzzYCcpGlu+tauQN2HtR8uc=
49,31,v9Wg35LQbNLr2z71DeV/zymscIY=,tz6XIzzYCcpGlu+tauQN2HtR8uc=
48,31,v9Wg35LQbNLr2z71DeV/zymscIY=,tz6XIzzYCcpGlu+tauQN2HtR8uc=
62,17,v9Wg35LQbNLr2z71DeV/zymscIY=,tz6XIzzYCcpGlu+tauQN2HtR8uc=
63,30,v9Wg35LQbNLr2z71DeV/zymscIY=,tz6XIzzYCcpGlu+tauQN2HtR8uc=
50,31,v9Wg35LQbNLr2z71DeV/zymscIY=,tz6XIzzYCcpGlu+tauQN2HtR8uc=
59,20,v9Wg35LQbNLr2z71DeV/zymscIY=,tz6XIzzYCcpGlu+tauQN2HtR8uc=
62,30,v9Wg35LQbNLr2z71DeV/zymscIY=,tz6XIzzYCcpGlu+tauQN2HtR8uc=
60,20,v9Wg35LQbNLr2z71DeV/zymscIY=,tz6XIzzYCcpGlu+tauQN2HtR8uc=
61,30,v9Wg35LQbNLr2z71DeV/zymscIY=,tz6XIzzYCcpGlu+tauQN2HtR8uc=
59,30,v9Wg35LQbNLr2z71DeV/zymscIY=,tz6XIzzYCcpGlu+tauQN2HtR8uc=
61,20,v9Wg35LQbNLr2z71DeV/zymscIY=,tz6XIzzYCcpGlu+tauQN2HtR8uc=
58,30,v9Wg35LQbNLr2z71DeV/zymscIY=,tz6XIzzYCcpGlu+tauQN2HtR8uc=
57,30,v9Wg35LQbNLr2z71DeV/zymscIY=,tz6XIzzYCcpGlu+tauQN2HtR8uc=
55,30,v9Wg35LQbNLr2z71DeV/zymscIY=,tz6XIzzYCcpGlu+tauQN2HtR8uc=
56,30,v9Wg35LQbNLr2z71DeV/zymscIY=,tz6XIzzYCcpGlu+tauQN2HtR8uc=
62,20,v9Wg35LQbNLr2z71DeV/zymscIY=,tz6XIzzYCcpGlu+tauQN2HtR8uc=
54,30,v9Wg35LQbNLr2z71DeV/zymscIY=,tz6XIzzYCcpGlu+tauQN2HtR8uc=
52,30,v9Wg35LQbNLr2z71DeV/zymscIY=,tz6XIzzYCcpGlu+tauQN2HtR8uc=
53,30,v9Wg35LQbNLr2z71DeV/zymscIY=,tz6XIzzYCcpGlu+tauQN2HtR8uc=
51,17,v9Wg35LQbNLr2z71DeV/zymscIY=,tz6XIzzYCcpGlu+tauQN2HtR8uc=
51,30,v9Wg35LQbNLr2z71DeV/zymscIY=,tz6XIzzYCcpGlu+tauQN2HtR8uc=
60,30,v9Wg35LQbNLr2z71DeV/zymscIY=,tz6XIzzYCcpGlu+tauQN2HtR8uc=
50,30,v9Wg35LQbNLr2z71DeV/zymscIY=,tz6XIzzYCcpGlu+tauQN2HtR8uc=
49,17,v9Wg35LQbNLr2z71DeV/zymscIY=,tz6XIzzYCcpGlu+tauQN2HtR8uc=
57,19,v9Wg35LQbNLr2z71DeV/zymscIY=,tz6XIzzYCcpGlu+tauQN2HtR8uc=
48,17,v9Wg35LQbNLr2z71DeV/zymscIY=,tz6XIzzYCcpGlu+tauQN2HtR8uc=
49,30,v9Wg35LQbNLr2z71DeV/zymscIY=,tz6XIzzYCcpGlu+tauQN2HtR8uc=
48,30,v9Wg35LQbNLr2z71DeV/zymscIY=,tz6XIzzYCcpGlu+tauQN2HtR8uc=
49,16,v9Wg35LQbNLr2z71DeV/zymscIY=,tz6XIzzYCcpGlu+tauQN2HtR8uc=
63,29,v9Wg35LQbNLr2z71DeV/zymscIY=,tz6XIzzYCcpGlu+tauQN2HtR8uc=
62,29,v9Wg35LQbNLr2z71DeV/zymscIY=,tz6XIzzYCcpGlu+tauQN2HtR8uc=
61,17,v9Wg35LQbNLr2z71DeV/zymscIY=,tz6XIzzYCcpGlu+tauQN2HtR8uc=
63,20,v9Wg35LQbNLr2z71DeV/zymscIY=,tz6XIzzYCcpGlu+tauQN2HtR8uc=
60,29,v9Wg35LQbNLr2z71DeV/zymscIY=,tz6XIzzYCcpGlu+tauQN2HtR8uc=
61,29,v9Wg35LQbNLr2z71DeV/zymscIY=,tz6XIzzYCcpGlu+tauQN2HtR8uc=
58,29,v9Wg35LQbNLr2z71DeV/zymscIY=,tz6XIzzYCcpGlu+tauQN2HtR8uc=
48,21,v9Wg35LQbNLr2z71DeV/zymscIY=,tz6XIzzYCcpGlu+tauQN2HtR8uc=
59,29,v9Wg35LQbNLr2z71DeV/zymscIY=,tz6XIzzYCcpGlu+tauQN2HtR8uc=
57,29,v9Wg35LQbNLr2z71DeV/zymscIY=,tz6XIzzYCcpGlu+tauQN2HtR8uc=
55,29,v9Wg35LQbNLr2z71DeV/zymscIY=,tz6XIzzYCcpGlu+tauQN2HtR8uc=
56,29,v9Wg35LQbNLr2z71DeV/zymscIY=,tz6XIzzYCcpGlu+tauQN2HtR8uc=
54,29,v9Wg35LQbNLr2z71DeV/zymscIY=,tz6XIzzYCcpGlu+tauQN2HtR8uc=
53,29,v9Wg35LQbNLr2z71DeV/zymscIY=,tz6XIzzYCcpGlu+tauQN2HtR8uc=
49,21,v9Wg35LQbNLr2z71DeV/zymscIY=,tz6XIzzYCcpGlu+tauQN2HtR8uc=
52,29,v9Wg35LQbNLr2z71DeV/zymscIY=,tz6XIzzYCcpGlu+tauQN2HtR8uc=
51,29,v9Wg35LQbNLr2z71DeV/zymscIY=,tz6XIzzYCcpGlu+tauQN2HtR8uc=
63,16,v9Wg35LQbNLr2z71DeV/zymscIY=,tz6XIzzYCcpGlu+tauQN2HtR8uc=
50,29,v9Wg35LQbNLr2z71DeV/zymscIY=,tz6XIzzYCcpGlu+tauQN2HtR8uc=
56,19,v9Wg35LQbNLr2z71DeV/zymscIY=,tz6XIzzYCcpGlu+tauQN2HtR8uc=
50,21,v9Wg35LQbNLr2z71DeV/zymscIY=,tz6XIzzYCcpGlu+tauQN2HtR8uc=
60,17,v9Wg35LQbNLr2z71DeV/zymscIY=,tz6XIzzYCcpGlu+tauQN2HtR8uc=
49,29,v9Wg35LQbNLr2z71DeV/zymscIY=,tz6XIzzYCcpGlu+tauQN2HtR8uc=
63,28,v9Wg35LQbNLr2z71DeV/zymscIY=,tz6XIzzYCcpGlu+tauQN2HtR8uc=
48,29,v9Wg35LQbNLr2z71DeV/zymscIY=,tz6XIzzYCcpGlu+tauQN2HtR8uc=
62,28,v9Wg35LQbNLr2z71DeV/zymscIY=,tz6XIzzYCcpGlu+tauQN2HtR8uc=
61,28,v9Wg35LQbNLr2z71DeV/zymscIY=,tz6XIzzYCcpGlu+tauQN2HtR8uc=
59,28,v9Wg35LQbNLr2z71DeV/zymscIY=,tz6XIzzYCcpGlu+tauQN2HtR8uc=
51,21,v9Wg35LQbNLr2z71DeV/zymscIY=,tz6XIzzYCcpGlu+tauQN2HtR8uc=
60,28,v9Wg35LQbNLr2z71DeV/zymscIY=,tz6XIzzYCcpGlu+tauQN2HtR8uc=
57,28,v9Wg35LQbNLr2z71DeV/zymscIY=,tz6XIzzYCcpGlu+tauQN2HtR8uc=
58,28,v9Wg35LQbNLr2z71DeV/zymscIY=,tz6XIzzYCcpGlu+tauQN2HtR8uc=
55,28,v9Wg35LQbNLr2z71DeV/zymscIY=,tz6XIzzYCcpGlu+tauQN2HtR8uc=
56,28,v9Wg35LQbNLr2z71DeV/zymscIY=,tz6XIzzYCcpGlu+tauQN2HtR8uc=
54,28,v9Wg35LQbNLr2z71DeV/zymscIY=,tz6XIzzYCcpGlu+tauQN2HtR8uc=
53,28,v9Wg35LQbNLr2z71DeV/zymscIY=,tz6XIzzYCcpGlu+tauQN2HtR8uc=
52,21,v9Wg35LQbNLr2z71DeV/zymscIY=,tz6XIzzYCcpGlu+tauQN2HtR8uc=
52,28,v9Wg35LQbNLr2z71DeV/zymscIY=,tz6XIzzYCcpGlu+tauQN2HtR8uc=
62,16,v9Wg35LQbNLr2z71DeV/zymscIY=,tz6XIzzYCcpGlu+tauQN2HtR8uc=
55,19,v9Wg35LQbNLr2z71DeV/zymscIY=,tz6XIzzYCcpGlu+tauQN2HtR8uc=
51,28,v9Wg35LQbNLr2z71DeV/zymscIY=,tz6XIzzYCcpGlu+tauQN2HtR8uc=
50,28,v9Wg35LQbNLr2z71DeV/zymscIY=,tz6XIzzYCcpGlu+tauQN2HtR8uc=
49,28,v9Wg35LQbNLr2z71DeV/zymscIY=,tz6XIzzYCcpGlu+tauQN2HtR8uc=
53,21,v9Wg35LQbNLr2z71DeV/zymscIY=,tz6XIzzYCcpGlu+tauQN2HtR8uc=
59,17,v9Wg35LQbNLr2z71DeV/zymscIY=,tz6XIzzYCcpGlu+tauQN2HtR8uc=
48,28,v9Wg35LQbNLr2z71DeV/zymscIY=,tz6XIzzYCcpGlu+tauQN2HtR8uc=
62,27,v9Wg35LQbNLr2z71DeV/zymscIY=,tz6XIzzYCcpGlu+tauQN2HtR8uc=
61,27,v9Wg35LQbNLr2z71DeV/zymscIY=,tz6XIzzYCcpGlu+tauQN2HtR8uc=
63,27,v9Wg35LQbNLr2z71DeV/zymscIY=,tz6XIzzYCcpGlu+tauQN2HtR8uc=
54,21,v9Wg35LQbNLr2z71DeV/zymscIY=,tz6XIzzYCcpGlu+tauQN2HtR8uc=
60,27,v9Wg35LQbNLr2z71DeV/zymscIY=,tz6XIzzYCcpGlu+tauQN2HtR8uc=
59,27,v9Wg35LQbNLr2z71DeV/zymscIY=,tz6XIzzYCcpGlu+tauQN2HtR8uc=
58,27,v9Wg35LQbNLr2z71DeV/zymscIY=,tz6XIzzYCcpGlu+tauQN2HtR8uc=
57,27,v9Wg35LQbNLr2z71DeV/zymscIY=,tz6XIzzYCcpGlu+tauQN2HtR8uc=
56,27,v9Wg35LQbNLr2z71DeV/zymscIY=,tz6XIzzYCcpGlu+tauQN2HtR8uc=
55,27,v9Wg35LQbNLr2z71DeV/zymscIY=,tz6XIzzYCcpGlu+tauQN2HtR8uc=
55,21,v9Wg35LQbNLr2z71DeV/zymscIY=,tz6XIzzYCcpGlu+tauQN2HtR8uc=
54,27,v9Wg35LQbNLr2z71DeV/zymscIY=,tz6XIzzYCcpGlu+tauQN2HtR8uc=
54,19,v9Wg35LQbNLr2z71DeV/zymscIY=,tz6XIzzYCcpGlu+tauQN2HtR8uc=
53,27,v9Wg35LQbNLr2z71DeV/zymscIY=,tz6XIzzYCcpGlu+tauQN2HtR8uc=
61,16,v9Wg35LQbNLr2z71DeV/zymscIY=,tz6XIzzYCcpGlu+tauQN2HtR8uc=
52,27,v9Wg35LQbNLr2z71DeV/zymscIY=,tz6XIzzYCcpGlu+tauQN2HtR8uc=
56,21,v9Wg35LQbNLr2z71DeV/zymscIY=,tz6XIzzYCcpGlu+tauQN2HtR8uc=
51,27,v9Wg35LQbNLr2z71DeV/zymscIY=,tz6XIzzYCcpGlu+tauQN2HtR8uc=
49,27,v9Wg35LQbNLr2z71DeV/zymscIY=,tz6XIzzYCcpGlu+tauQN2HtR8uc=
50,27,v9Wg35LQbNLr2z71DeV/zymscIY=,tz6XIzzYCcpGlu+tauQN2HtR8uc=
58,17,v9Wg35LQbNLr2z71DeV/zymscIY=,tz6XIzzYCcpGlu+tauQN2HtR8uc=
63,26,v9Wg35LQbNLr2z71DeV/zymscIY=,tz6XIzzYCcpGlu+tauQN2HtR8uc=
48,27,v9Wg35LQbNLr2z71DeV/zymscIY=,tz6XIzzYCcpGlu+tauQN2HtR8uc=
62,26,v9Wg35LQbNLr2z71DeV/zymscIY=,tz6XIzzYCcpGlu+tauQN2HtR8uc=
57,21,v9Wg35LQbNLr2z71DeV/zymscIY=,tz6XIzzYCcpGlu+tauQN2HtR8uc=
61,26,v9Wg35LQbNLr2z71DeV/zymscIY=,tz6XIzzYCcpGlu+tauQN2HtR8uc=
59,26,v9Wg35LQbNLr2z71DeV/zymscIY=,tz6XIzzYCcpGlu+tauQN2HtR8uc=
60,26,v9Wg35LQbNLr2z71DeV/zymscIY=,tz6XIzzYCcpGlu+tauQN2HtR8uc=
58,26,v9Wg35LQbNLr2z71DeV/zymscIY=,tz6XIzzYCcpGlu+tauQN2HtR8uc=
57,26,v9Wg35LQbNLr2z71DeV/zymscIY=,tz6XIzzYCcpGlu+tauQN2HtR8uc=
56,26,v9Wg35LQbNLr2z71DeV/zymscIY=,tz6XIzzYCcpGlu+tauQN2HtR8uc=
58,21,v9Wg35LQbNLr2z71DeV/zymscIY=,tz6XIzzYCcpGlu+tauQN2HtR8uc=
55,26,v9Wg35LQbNLr2z71DeV/zymscIY=,tz6XIzzYCcpGlu+tauQN2HtR8uc=
54,26,v9Wg35LQbNLr2z71DeV/zymscIY=,tz6XIzzYCcpGlu+tauQN2HtR8uc=
53,19,v9Wg35LQbNLr2z71DeV/zymscIY=,tz6XIzzYCcpGlu+tauQN2HtR8uc=
60,16,v9Wg35LQbNLr2z71DeV/zymscIY=,tz6XIzzYCcpGlu+tauQN2HtR8uc=
53,26,v9Wg35LQbNLr2z71DeV/zymscIY=,tz6XIzzYCcpGlu+tauQN2HtR8uc=
52,26,v9Wg35LQbNLr2z71DeV/zymscIY=,tz6XIzzYCcpGlu+tauQN2HtR8uc=
51,26,v9Wg35LQbNLr2z71DeV/zymscIY=,tz6XIzzYCcpGlu+tauQN2HtR8uc=
50,26,v9Wg35LQbNLr2z71DeV/zymscIY=,tz6XIzzYCcpGlu+tauQN2HtR8uc=
48,19,v9Wg35LQbNLr2z71DeV/zymscIY=,tz6XIzzYCcpGlu+tauQN2HtR8uc=
49,26,v9Wg35LQbNLr2z71DeV/zymscIY=,tz6XIzzYCcpGlu+tauQN2HtR8uc=
57,17,v9Wg35LQbNLr2z71DeV/zymscIY=,tz6XIzzYCcpGlu+tauQN2HtR8uc=
63,25,v9Wg35LQbNLr2z71DeV/zymscIY=,tz6XIzzYCcpGlu+tauQN2HtR8uc=
48,26,v9Wg35LQbNLr2z71DeV/zymscIY=,tz6XIzzYCcpGlu+tauQN2HtR8uc=
62,25,v9Wg35LQbNLr2z71DeV/zymscIY=,tz6XIzzYCcpGlu+tauQN2HtR8uc=
61,25,v9Wg35LQbNLr2z71DeV/zymscIY=,tz6XIzzYCcpGlu+tauQN2HtR8uc=
59,25,v9Wg35LQbNLr2z71DeV/zymscIY=,tz6XIzzYCcpGlu+tauQN2HtR8uc=
58,25,v9Wg35LQbNLr2z71DeV/zymscIY=,tz6XIzzYCcpGlu+tauQN2HtR8uc=
55,16,v9Wg35LQbNLr2z71DeV/zymscIY=,tz6XIzzYCcpGlu+tauQN2HtR8uc=
57,25,v9Wg35LQbNLr2z71DeV/zymscIY=,tz6XIzzYCcpGlu+tauQN2HtR8uc=
56,25,v9Wg35LQbNLr2z71DeV/zymscIY=,tz6XIzzYCcpGlu+tauQN2HtR8uc=
55,25,v9Wg35LQbNLr2z71DeV/zymscIY=,tz6XIzzYCcpGlu+tauQN2HtR8uc=
60,25,v9Wg35LQbNLr2z71DeV/zymscIY=,tz6XIzzYCcpGlu+tauQN2HtR8uc=
59,16,v9Wg35LQbNLr2z71DeV/zymscIY=,tz6XIzzYCcpGlu+tauQN2HtR8uc=
52,17,v9Wg35LQbNLr2z71DeV/zymscIY=,tz6XIzzYCcpGlu+tauQN2HtR8uc=
52,19,v9Wg35LQbNLr2z71DeV/zymscIY=,tz6XIzzYCcpGlu+tauQN2HtR8uc=
59,21,v9Wg35LQbNLr2z71DeV/zymscIY=,tz6XIzzYCcpGlu+tauQN2HtR8uc=
53,25,v9Wg35LQbNLr2z71DeV/zymscIY=,tz6XIzzYCcpGlu+tauQN2HtR8uc=
52,25,v9Wg35LQbNLr2z71DeV/zymscIY=,tz6XIzzYCcpGlu+tauQN2HtR8uc=
50,25,v9Wg35LQbNLr2z71DeV/zymscIY=,tz6XIzzYCcpGlu+tauQN2HtR8uc=
51,25,v9Wg35LQbNLr2z71DeV/zymscIY=,tz6XIzzYCcpGlu+tauQN2HtR8uc=
49,25,v9Wg35LQbNLr2z71DeV/zymscIY=,tz6XIzzYCcpGlu+tauQN2HtR8uc=
54,25,v9Wg35LQbNLr2z71DeV/zymscIY=,tz6XIzzYCcpGlu+tauQN2HtR8uc=
56,17,v9Wg35LQbNLr2z71DeV/zymscIY=,tz6XIzzYCcpGlu+tauQN2HtR8uc=
48,25,v9Wg35LQbNLr2z71DeV/zymscIY=,tz6XIzzYCcpGlu+tauQN2HtR8uc=
60,21,v9Wg35LQbNLr2z71DeV/zymscIY=,tz6XIzzYCcpGlu+tauQN2HtR8uc=
62,24,v9Wg35LQbNLr2z71DeV/zymscIY=,tz6XIzzYCcpGlu+tauQN2HtR8uc=
63,24,v9Wg35LQbNLr2z71DeV/zymscIY=,tz6XIzzYCcpGlu+tauQN2HtR8uc=
61,24,v9Wg35LQbNLr2z71DeV/zymscIY=,tz6XIzzYCcpGlu+tauQN2HtR8uc=
61,21,v9Wg35LQbNLr2z71DeV/zymscIY=,tz6XIzzYCcpGlu+tauQN2HtR8uc=
60,24,v9Wg35LQbNLr2z71DeV/zymscIY=,tz6XIzzYCcpGlu+tauQN2HtR8uc=
58,24,v9Wg35LQbNLr2z71DeV/zymscIY=,tz6XIzzYCcpGlu+tauQN2HtR8uc=
59,24,v9Wg35LQbNLr2z71DeV/zymscIY=,tz6XIzzYCcpGlu+tauQN2HtR8uc=
56,24,v9Wg35LQbNLr2z71DeV/zymscIY=,tz6XIzzYCcpGlu+tauQN2HtR8uc=
57,24,v9Wg35LQbNLr2z71DeV/zymscIY=,tz6XIzzYCcpGlu+tauQN2HtR8uc=
62,21,v9Wg35LQbNLr2z71DeV/zymscIY=,tz6XIzzYCcpGlu+tauQN2HtR8uc=
51,19,v9Wg35LQbNLr2z71DeV/zymscIY=,tz6XIzzYCcpGlu+tauQN2HtR8uc=
58,16,v9Wg35LQbNLr2z71DeV/zymscIY=,tz6XIzzYCcpGlu+tauQN2HtR8uc=
55,24,v9Wg35LQbNLr2z71DeV/zymscIY=,tz6XIzzYCcpGlu+tauQN2HtR8uc=
53,24,v9Wg35LQbNLr2z71DeV/zymscIY=,tz6XIzzYCcpGlu+tauQN2HtR8uc=
63,21,v9Wg35LQbNLr2z71DeV/zymscIY=,tz6XIzzYCcpGlu+tauQN2HtR8uc=
52,24,v9Wg35LQbNLr2z71DeV/zymscIY=,tz6XIzzYCcpGlu+tauQN2HtR8uc=
51,24,v9Wg35LQbNLr2z71DeV/zymscIY=,tz6XIzzYCcpGlu+tauQN2HtR8uc=
49,24,v9Wg35LQbNLr2z71DeV/zymscIY=,tz6XIzzYCcpGlu+tauQN2HtR8uc=
50,24,v9Wg35LQbNLr2z71DeV/zymscIY=,tz6XIzzYCcpGlu+tauQN2HtR8uc=
55,17,v9Wg35LQbNLr2z71DeV/zymscIY=,tz6XIzzYCcpGlu+tauQN2HtR8uc=
48,22,v9Wg35LQbNLr2z71DeV/zymscIY=,tz6XIzzYCcpGlu+tauQN2HtR8uc=
63,23,v9Wg35LQbNLr2z71DeV/zymscIY=,tz6XIzzYCcpGlu+tauQN2HtR8uc=
48,24,v9Wg35LQbNLr2z71DeV/zymscIY=,tz6XIzzYCcpGlu+tauQN2HtR8uc=
61,23,v9Wg35LQbNLr2z71DeV/zymscIY=,tz6XIzzYCcpGlu+tauQN2HtR8uc=
54,24,v9Wg35LQbNLr2z71DeV/zymscIY=,tz6XIzzYCcpGlu+tauQN2HtR8uc=
60,23,v9Wg35LQbNLr2z71DeV/zymscIY=,tz6XIzzYCcpGlu+tauQN2HtR8uc=
59,23,v9Wg35LQbNLr2z71DeV/zymscIY=,tz6XIzzYCcpGlu+tauQN2HtR8uc=
53,17,v9Wg35LQbNLr2z71DeV/zymscIY=,tz6XIzzYCcpGlu+tauQN2HtR8uc=
62,23,v9Wg35LQbNLr2z71DeV/zymscIY=,tz6XIzzYCcpGlu+tauQN2HtR8uc=
57,23,v9Wg35LQbNLr2z71DeV/zymscIY=,tz6XIzzYCcpGlu+tauQN2HtR8uc=
58,23,v9Wg35LQbNLr2z71DeV/zymscIY=,tz6XIzzYCcpGlu+tauQN2HtR8uc=
50,19,v9Wg35LQbNLr2z71DeV/zymscIY=,tz6XIzzYCcpGlu+tauQN2HtR8uc=
57,16,v9Wg35LQbNLr2z71DeV/zymscIY=,tz6XIzzYCcpGlu+tauQN2HtR8uc=
49,22,v9Wg35LQbNLr2z71DeV/zymscIY=,tz6XIzzYCcpGlu+tauQN2HtR8uc=
55,23,v9Wg35LQbNLr2z71DeV/zymscIY=,tz6XIzzYCcpGlu+tauQN2HtR8uc=
56,23,v9Wg35LQbNLr2z71DeV/zymscIY=,tz6XIzzYCcpGlu+tauQN2HtR8uc=
52,23,v9Wg35LQbNLr2z71DeV/zymscIY=,tz6XIzzYCcpGlu+tauQN2HtR8uc=
53,23,v9Wg35LQbNLr2z71DeV/zymscIY=,tz6XIzzYCcpGlu+tauQN2HtR8uc=
54,23,v9Wg35LQbNLr2z71DeV/zymscIY=,tz6XIzzYCcpGlu+tauQN2HtR8uc=
50,22,v9Wg35LQbNLr2z71DeV/zymscIY=,tz6XIzzYCcpGlu+tauQN2HtR8uc=
50,23,v9Wg35LQbNLr2z71DeV/zymscIY=,tz6XIzzYCcpGlu+tauQN2HtR8uc=
51,23,v9Wg35LQbNLr2z71DeV/zymscIY=,tz6XIzzYCcpGlu+tauQN2HtR8uc=
49,23,v9Wg35LQbNLr2z71DeV/zymscIY=,tz6XIzzYCcpGlu+tauQN2HtR8uc=
54,17,v9Wg35LQbNLr2z71DeV/zymscIY=,tz6XIzzYCcpGlu+tauQN2HtR8uc=
48,23,v9Wg35LQbNLr2z71DeV/zymscIY=,tz6XIzzYCcpGlu+tauQN2HtR8uc=
63,22,v9Wg35LQbNLr2z71DeV/zymscIY=,tz6XIzzYCcpGlu+tauQN2HtR8uc=
51,22,v9Wg35LQbNLr2z71DeV/zymscIY=,tz6XIzzYCcpGlu+tauQN2HtR8uc=
62,22,v9Wg35LQbNLr2z71DeV/zymscIY=,tz6XIzzYCcpGlu+tauQN2HtR8uc=
61,22,v9Wg35LQbNLr2z71DeV/zymscIY=,tz6XIzzYCcpGlu+tauQN2HtR8uc=
59,22,v9Wg35LQbNLr2z71DeV/zymscIY=,tz6XIzzYCcpGlu+tauQN2HtR8uc=
58,22,v9Wg35LQbNLr2z71DeV/zymscIY=,tz6XIzzYCcpGlu+tauQN2HtR8uc=
60,22,v9Wg35LQbNLr2z71DeV/zymscIY=,tz6XIzzYCcpGlu+tauQN2HtR8uc=
56,16,v9Wg35LQbNLr2z71DeV/zymscIY=,tz6XIzzYCcpGlu+tauQN2HtR8uc=
49,19,v9Wg35LQbNLr2z71DeV/zymscIY=,tz6XIzzYCcpGlu+tauQN2HtR8uc=
52,22,v9Wg35LQbNLr2z71DeV/zymscIY=,tz6XIzzYCcpGlu+tauQN2HtR8uc=
56,22,v9Wg35LQbNLr2z71DeV/zymscIY=,tz6XIzzYCcpGlu+tauQN2HtR8uc=
57,22,v9Wg35LQbNLr2z71DeV/zymscIY=,tz6XIzzYCcpGlu+tauQN2HtR8uc=
55,22,v9Wg35LQbNLr2z71DeV/zymscIY=,tz6XIzzYCcpGlu+tauQN2HtR8uc=
53,22,v9Wg35LQbNLr2z71DeV/zymscIY=,tz6XIzzYCcpGlu+tauQN2HtR8uc=
54,22,v9Wg35LQbNLr2z71DeV/zymscIY=,tz6XIzzYCcpGlu+tauQN2HtR8uc=
51,0,tInqaEplx2kG49nOAMoxLJp0MU0=,9te8SU6hVH6qGe6lF/nW0V2mhUI=
60,3,tInqaEplx2kG49nOAMoxLJp0MU0=,9te8SU6hVH6qGe6lF/nW0V2mhUI=
48,0,tInqaEplx2kG49nOAMoxLJp0MU0=,9te8SU6hVH6qGe6lF/nW0V2mhUI=
62,2,tInqaEplx2kG49nOAMoxLJp0MU0=,9te8SU6hVH6qGe6lF/nW0V2mhUI=
52,0,tInqaEplx2kG49nOAMoxLJp0MU0=,9te8SU6hVH6qGe6lF/nW0V2mhUI=
61,3,tInqaEplx2kG49nOAMoxLJp0MU0=,9te8SU6hVH6qGe6lF/nW0V2mhUI=
63,1,tInqaEplx2kG49nOAMoxLJp0MU0=,9te8SU6hVH6qGe6lF/nW0V2mhUI=
63,3,tInqaEplx2kG49nOAMoxLJp0MU0=,9te8SU6hVH6qGe6lF/nW0V2mhUI=
62,3,tInqaEplx2kG49nOAMoxLJp0MU0=,9te8SU6hVH6qGe6lF/nW0V2mhUI=
48,4,tInqaEplx2kG49nOAMoxLJp0MU0=,9te8SU6hVH6qGe6lF/nW0V2mhUI=
53,0,tInqaEplx2kG49nOAMoxLJp0MU0=,9te8SU6hVH6qGe6lF/nW0V2mhUI=
61,2,tInqaEplx2kG49nOAMoxLJp0MU0=,9te8SU6hVH6qGe6lF/nW0V2mhUI=
50,1,tInqaEplx2kG49nOAMoxLJp0MU0=,9te8SU6hVH6qGe6lF/nW0V2mhUI=
63,15,tInqaEplx2kG49nOAMoxLJp0MU0=,9te8SU6hVH6qGe6lF/nW0V2mhUI=
49,4,tInqaEplx2kG49nOAMoxLJp0MU0=,9te8SU6hVH6qGe6lF/nW0V2mhUI=
59,3,tInqaEplx2kG49nOAMoxLJp0MU0=,9te8SU6hVH6qGe6lF/nW0V2mhUI=
62,15,tInqaEplx2kG49nOAMoxLJp0MU0=,9te8SU6hVH6qGe6lF/nW0V2mhUI=
51,4,tInqaEplx2kG49nOAMoxLJp0MU0=,9te8SU6hVH6qGe6lF/nW0V2mhUI=
50,4,tInqaEplx2kG49nOAMoxLJp0MU0=,9te8SU6hVH6qGe6lF/nW0V2mhUI=
61,15,tInqaEplx2kG49nOAMoxLJp0MU0=,9te8SU6hVH6qGe6lF/nW0V2mhUI=
60,15,tInqaEplx2kG49nOAMoxLJp0MU0=,9te8SU6hVH6qGe6lF/nW0V2mhUI=
52,4,tInqaEplx2kG49nOAMoxLJp0MU0=,9te8SU6hVH6qGe6lF/nW0V2mhUI=
53,4,tInqaEplx2kG49nOAMoxLJp0MU0=,9te8SU6hVH6qGe6lF/nW0V2mhUI=
54,4,tInqaEplx2kG49nOAMoxLJp0MU0=,9te8SU6hVH6qGe6lF/nW0V2mhUI=
58,15,tInqaEplx2kG49nOAMoxLJp0MU0=,9te8SU6hVH6qGe6lF/nW0V2mhUI=
57,15,tInqaEplx2kG49nOAMoxLJp0MU0=,9te8SU6hVH6qGe6lF/nW0V2mhUI=
55,4,tInqaEplx2kG49nOAMoxLJp0MU0=,9te8SU6hVH6qGe6lF/nW0V2mhUI=
56,15,tInqaEplx2kG49nOAMoxLJp0MU0=,9te8SU6hVH6qGe6lF/nW0V2mhUI=
55,15,tInqaEplx2kG49nOAMoxLJp0MU0=,9te8SU6hVH6qGe6lF/nW0V2mhUI=
56,4,tInqaEplx2kG49nOAMoxLJp0MU0=,9te8SU6hVH6qGe6lF/nW0V2mhUI=
53,15,tInqaEplx2kG49nOAMoxLJp0MU0=,9te8SU6hVH6qGe6lF/nW0V2mhUI=
54,15,tInqaEplx2kG49nOAMoxLJp0MU0=,9te8SU6hVH6qGe6lF/nW0V2mhUI=
57,4,tInqaEplx2kG49nOAMoxLJp0MU0=,9te8SU6hVH6qGe6lF/nW0V2mhUI=
59,2,tInqaEplx2kG49nOAMoxLJp0MU0=,9te8SU6hVH6qGe6lF/nW0V2mhUI=
59,15,tInqaEplx2kG49nOAMoxLJp0MU0=,9te8SU6hVH6qGe6lF/nW0V2mhUI=
58,4,tInqaEplx2kG49nOAMoxLJp0MU0=,9te8SU6hVH6qGe6lF/nW0V2mhUI=
58,2,tInqaEplx2kG49nOAMoxLJp0MU0=,9te8SU6hVH6qGe6lF/nW0V2mhUI=
60,2,tInqaEplx2kG49nOAMoxLJp0MU0=,9te8SU6hVH6qGe6lF/nW0V2mhUI=
57,2,tInqaEplx2kG49nOAMoxLJp0MU0=,9te8SU6hVH6qGe6lF/nW0V2mhUI=
59,4,tInqaEplx2kG49nOAMoxLJp0MU0=,9te8SU6hVH6qGe6lF/nW0V2mhUI=
55,2,tInqaEplx2kG49nOAMoxLJp0MU0=,9te8SU6hVH6qGe6lF/nW0V2mhUI=
54,2,tInqaEplx2kG49nOAMoxLJp0MU0=,9te8SU6hVH6qGe6lF/nW0V2mhUI=
63,2,tInqaEplx2kG49nOAMoxLJp0MU0=,9te8SU6hVH6qGe6lF/nW0V2mhUI=
56,2,tInqaEplx2kG49nOAMoxLJp0MU0=,9te8SU6hVH6qGe6lF/nW0V2mhUI=
53,2,tInqaEplx2kG49nOAMoxLJp0MU0=,9te8SU6hVH6qGe6lF/nW0V2mhUI=
54,0,tInqaEplx2kG49nOAMoxLJp0MU0=,9te8SU6hVH6qGe6lF/nW0V2mhUI=
52,15,tInqaEplx2kG49nOAMoxLJp0MU0=,9te8SU6hVH6qGe6lF/nW0V2mhUI=
50,2,tInqaEplx2kG49nOAMoxLJp0MU0=,9te8SU6hVH6qGe6lF/nW0V2mhUI=
52,2,tInqaEplx2kG49nOAMoxLJp0MU0=,9te8SU6hVH6qGe6lF/nW0V2mhUI=
51,2,tInqaEplx2kG49nOAMoxLJp0MU0=,9te8SU6hVH6qGe6lF/nW0V2mhUI=
60,4,tInqaEplx2kG49nOAMoxLJp0MU0=,9te8SU6hVH6qGe6lF/nW0V2mhUI=
49,2,tInqaEplx2kG49nOAMoxLJp0MU0=,9te8SU6hVH6qGe6lF/nW0V2mhUI=
51,15,tInqaEplx2kG49nOAMoxLJp0MU0=,9te8SU6hVH6qGe6lF/nW0V2mhUI=
61,4,tInqaEplx2kG49nOAMoxLJp0MU0=,9te8SU6hVH6qGe6lF/nW0V2mhUI=
48,2,tInqaEplx2kG49nOAMoxLJp0MU0=,9te8SU6hVH6qGe6lF/nW0V2mhUI=
50,0,tInqaEplx2kG49nOAMoxLJp0MU0=,9te8SU6hVH6qGe6lF/nW0V2mhUI=
50,15,tInqaEplx2kG49nOAMoxLJp0MU0=,9te8SU6hVH6qGe6lF/nW0V2mhUI=
58,3,tInqaEplx2kG49nOAMoxLJp0MU0=,9te8SU6hVH6qGe6lF/nW0V2mhUI=
62,4,tInqaEplx2kG49nOAMoxLJp0MU0=,9te8SU6hVH6qGe6lF/nW0V2mhUI=
62,1,tInqaEplx2kG49nOAMoxLJp0MU0=,9te8SU6hVH6qGe6lF/nW0V2mhUI=
48,15,tInqaEplx2kG49nOAMoxLJp0MU0=,9te8SU6hVH6qGe6lF/nW0V2mhUI=
63,14,tInqaEplx2kG49nOAMoxLJp0MU0=,9te8SU6hVH6qGe6lF/nW0V2mhUI=
62,14,tInqaEplx2kG49nOAMoxLJp0MU0=,9te8SU6hVH6qGe6lF/nW0V2mhUI=
63,4,tInqaEplx2kG49nOAMoxLJp0MU0=,9te8SU6hVH6qGe6lF/nW0V2mhUI=
61,14,tInqaEplx2kG49nOAMoxLJp0MU0=,9te8SU6hVH6qGe6lF/nW0V2mhUI=
60,14,tInqaEplx2kG49nOAMoxLJp0MU0=,9te8SU6hVH6qGe6lF/nW0V2mhUI=
49,15,tInqaEplx2kG49nOAMoxLJp0MU0=,9te8SU6hVH6qGe6lF/nW0V2mhUI=
58,14,tInqaEplx2kG49nOAMoxLJp0MU0=,9te8SU6hVH6qGe6lF/nW0V2mhUI=
48,5,tInqaEplx2kG49nOAMoxLJp0MU0=,9te8SU6hVH6qGe6lF/nW0V2mhUI=
57,14,tInqaEplx2kG49nOAMoxLJp0MU0=,9te8SU6hVH6qGe6lF/nW0V2mhUI=
56,14,tInqaEplx2kG49nOAMoxLJp0MU0=,9te8SU6hVH6qGe6lF/nW0V2mhUI=
59,14,tInqaEplx2kG49nOAMoxLJp0MU0=,9te8SU6hVH6qGe6lF/nW0V2mhUI=
51,1,tInqaEplx2kG49nOAMoxLJp0MU0=,9te8SU6hVH6qGe6lF/nW0V2mhUI=
54,14,tInqaEplx2kG49nOAMoxLJp0MU0=,9te8SU6hVH6qGe6lF/nW0V2mhUI=
55,14,tInqaEplx2kG49nOAMoxLJp0MU0=,9te8SU6hVH6qGe6lF/nW0V2mhUI=
53,14,tInqaEplx2kG49nOAMoxLJp0MU0=,9te8SU6hVH6qGe6lF/nW0V2mhUI=
52,14,tInqaEplx2kG49nOAMoxLJp0MU0=,9te8SU6hVH6qGe6lF/nW0V2mhUI=
49,5,tInqaEplx2kG49nOAMoxLJp0MU0=,9te8SU6hVH6qGe6lF/nW0V2mhUI=
51,14,tInqaEplx2kG49nOAMoxLJp0MU0=,9te8SU6hVH6qGe6lF/nW0V2mhUI=
50,14,tInqaEplx2kG49nOAMoxLJp0MU0=,9te8SU6hVH6qGe6lF/nW0V2mhUI=
50,5,tInqaEplx2kG49nOAMoxLJp0MU0=,9te8SU6hVH6qGe6lF/nW0V2mhUI=
48,1,tInqaEplx2kG49nOAMoxLJp0MU0=,9te8SU6hVH6qGe6lF/nW0V2mhUI=
49,14,tInqaEplx2kG49nOAMoxLJp0MU0=,9te8SU6hVH6qGe6lF/nW0V2mhUI=
49,1,tInqaEplx2kG49nOAMoxLJp0MU0=,9te8SU6hVH6qGe6lF/nW0V2mhUI=
57,3,tInqaEplx2kG49nOAMoxLJp0MU0=,9te8SU6hVH6qGe6lF/nW0V2mhUI=
51,5,tInqaEplx2kG49nOAMoxLJp0MU0=,9te8SU6hVH6qGe6lF/nW0V2mhUI=
48,14,tInqaEplx2kG49nOAMoxLJp0MU0=,9te8SU6hVH6qGe6lF/nW0V2mhUI=
63,13,tInqaEplx2kG49nOAMoxLJp0MU0=,9te8SU6hVH6qGe6lF/nW0V2mhUI=
49,0,tInqaEplx2kG49nOAMoxLJp0MU0=,9te8SU6hVH6qGe6lF/nW0V2mhUI=
61,13,tInqaEplx2kG49nOAMoxLJp0MU0=,9te8SU6hVH6qGe6lF/nW0V2mhUI=
52,5,tInqaEplx2kG49nOAMoxLJp0MU0=,9te8SU6hVH6qGe6lF/nW0V2mhUI=
60,13,tInqaEplx2kG49nOAMoxLJp0MU0=,9te8SU6hVH6qGe6lF/nW0V2mhUI=
62,13,tInqaEplx2kG49nOAMoxLJp0MU0=,9te8SU6hVH6qGe6lF/nW0V2mhUI=
59,13,tInqaEplx2kG49nOAMoxLJp0MU0=,9te8SU6hVH6qGe6lF/nW0V2mhUI=
58,13,tInqaEplx2kG49nOAMoxLJp0MU0=,9te8SU6hVH6qGe6lF/nW0V2mhUI=
57,13,tInqaEplx2kG49nOAMoxLJp0MU0=,9te8SU6hVH6qGe6lF/nW0V2mhUI=
56,13,tInqaEplx2kG49nOAMoxLJp0MU0=,9te8SU6hVH6qGe6lF/nW0V2mhUI=
55,13,tInqaEplx2kG49nOAMoxLJp0MU0=,9te8SU6hVH6qGe6lF/nW0V2mhUI=
53,5,tInqaEplx2kG49nOAMoxLJp0MU0=,9te8SU6hVH6qGe6lF/nW0V2mhUI=
54,13,tInqaEplx2kG49nOAMoxLJp0MU0=,9te8SU6hVH6qGe6lF/nW0V2mhUI=
53,13,tInqaEplx2kG49nOAMoxLJp0MU0=,9te8SU6hVH6qGe6lF/nW0V2mhUI=
54,5,tInqaEplx2kG49nOAMoxLJp0MU0=,9te8SU6hVH6qGe6lF/nW0V2mhUI=
63,0,tInqaEplx2kG49nOAMoxLJp0MU0=,9te8SU6hVH6qGe6lF/nW0V2mhUI=
51,13,tInqaEplx2kG49nOAMoxLJp0MU0=,9te8SU6hVH6qGe6lF/nW0V2mhUI=
52,13,tInqaEplx2kG49nOAMoxLJp0MU0=,9te8SU6hVH6qGe6lF/nW0V2mhUI=
61,1,tInqaEplx2kG49nOAMoxLJp0MU0=,9te8SU6hVH6qGe6lF/nW0V2mhUI=
56,3,tInqaEplx2kG49nOAMoxLJp0MU0=,9te8SU6hVH6qGe6lF/nW0V2mhUI=
55,5,tInqaEplx2kG49nOAMoxLJp0MU0=,9te8SU6hVH6qGe6lF/nW0V2mhUI=
50,13,tInqaEplx2kG49nOAMoxLJp0MU0=,9te8SU6hVH6qGe6lF/nW0V2mhUI=
48,13,tInqaEplx2kG49nOAMoxLJp0MU0=,9te8SU6hVH6qGe6lF/nW0V2mhUI=
60,1,tInqaEplx2kG49nOAMoxLJp0MU0=,9te8SU6hVH6qGe6lF/nW0V2mhUI=
49,13,tInqaEplx2kG49nOAMoxLJp0MU0=,9te8SU6hVH6qGe6lF/nW0V2mhUI=
63,12,tInqaEplx2kG49nOAMoxLJp0MU0=,9te8SU6hVH6qGe6lF/nW0V2mhUI=
56,5,tInqaEplx2kG49nOAMoxLJp0MU0=,9te8SU6hVH6qGe6lF/nW0V2mhUI=
60,12,tInqaEplx2kG49nOAMoxLJp0MU0=,9te8SU6hVH6qGe6lF/nW0V2mhUI=
59,12,tInqaEplx2kG49nOAMoxLJp0MU0=,9te8SU6hVH6qGe6lF/nW0V2mhUI=
62,12,tInqaEplx2kG49nOAMoxLJp0MU0=,9te8SU6hVH6qGe6lF/nW0V2mhUI=
61,12,tInqaEplx2kG49nOAMoxLJp0MU0=,9te8SU6hVH6qGe6lF/nW0V2mhUI=
58,12,tInqaEplx2kG49nOAMoxLJp0MU0=,9te8SU6hVH6qGe6lF/nW0V2mhUI=
57,5,tInqaEplx2kG49nOAMoxLJp0MU0=,9te8SU6hVH6qGe6lF/nW0V2mhUI=
57,12,tInqaEplx2kG49nOAMoxLJp0MU0=,9te8SU6hVH6qGe6lF/nW0V2mhUI=
56,12,tInqaEplx2kG49nOAMoxLJp0MU0=,9te8SU6hVH6qGe6lF/nW0V2mhUI=
54,12,tInqaEplx2kG49nOAMoxLJp0MU0=,9te8SU6hVH6qGe6lF/nW0V2mhUI=
55,12,tInqaEplx2kG49nOAMoxLJp0MU0=,9te8SU6hVH6qGe6lF/nW0V2mhUI=
58,5,tInqaEplx2kG49nOAMoxLJp0MU0=,9te8SU6hVH6qGe6lF/nW0V2mhUI=
53,12,tInqaEplx2kG49nOAMoxLJp0MU0=,9te8SU6hVH6qGe6lF/nW0V2mhUI=
52,12,tInqaEplx2kG49nOAMoxLJp0MU0=,9te8SU6hVH6qGe6lF/nW0V2mhUI=
62,0,tInqaEplx2kG49nOAMoxLJp0MU0=,9te8SU6hVH6qGe6lF/nW0V2mhUI=
55,3,tInqaEplx2kG49nOAMoxLJp0MU0=,9te8SU6hVH6qGe6lF/nW0V2mhUI=
51,12,tInqaEplx2kG49nOAMoxLJp0MU0=,9te8SU6hVH6qGe6lF/nW0V2mhUI=
50,12,tInqaEplx2kG49nOAMoxLJp0MU0=,9te8SU6hVH6qGe6lF/nW0V2mhUI=
52,1,tInqaEplx2kG49nOAMoxLJp0MU0=,9te8SU6hVH6qGe6lF/nW0V2mhUI=
49,12,tInqaEplx2kG49nOAMoxLJp0MU0=,9te8SU6hVH6qGe6lF/nW0V2mhUI=
48,12,tInqaEplx2kG49nOAMoxLJp0MU0=,9te8SU6hVH6qGe6lF/nW0V2mhUI=
59,1,tInqaEplx2kG49nOAMoxLJp0MU0=,9te8SU6hVH6qGe6lF/nW0V2mhUI=
63,11,tInqaEplx2kG49nOAMoxLJp0MU0=,9te8SU6hVH6qGe6lF/nW0V2mhUI=
62,11,tInqaEplx2kG49nOAMoxLJp0MU0=,9te8SU6hVH6qGe6lF/nW0V2mhUI=
48,3,tInqaEplx2kG49nOAMoxLJp0MU0=,9te8SU6hVH6qGe6lF/nW0V2mhUI=
60,11,tInqaEplx2kG49nOAMoxLJp0MU0=,9te8SU6hVH6qGe6lF/nW0V2mhUI=
61,11,tInqaEplx2kG49nOAMoxLJp0MU0=,9te8SU6hVH6qGe6lF/nW0V2mhUI=
59,11,tInqaEplx2kG49nOAMoxLJp0MU0=,9te8SU6hVH6qGe6lF/nW0V2mhUI=
57,11,tInqaEplx2kG49nOAMoxLJp0MU0=,9te8SU6hVH6qGe6lF/nW0V2mhUI=
58,11,tInqaEplx2kG49nOAMoxLJp0MU0=,9te8SU6hVH6qGe6lF/nW0V2mhUI=
55,0,tInqaEplx2kG49nOAMoxLJp0MU0=,9te8SU6hVH6qGe6lF/nW0V2mhUI=
55,11,tInqaEplx2kG49nOAMoxLJp0MU0=,9te8SU6hVH6qGe6lF/nW0V2mhUI=
54,11,tInqaEplx2kG49nOAMoxLJp0MU0=,9te8SU6hVH6qGe6lF/nW0V2mhUI=
56,11,tInqaEplx2kG49nOAMoxLJp0MU0=,9te8SU6hVH6qGe6lF/nW0V2mhUI=
53,11,tInqaEplx2kG49nOAMoxLJp0MU0=,9te8SU6hVH6qGe6lF/nW0V2mhUI=
61,0,tInqaEplx2kG49nOAMoxLJp0MU0=,9te8SU6hVH6qGe6lF/nW0V2mhUI=
54,3,tInqaEplx2kG49nOAMoxLJp0MU0=,9te8SU6hVH6qGe6lF/nW0V2mhUI=
59,5,tInqaEplx2kG49nOAMoxLJp0MU0=,9te8SU6hVH6qGe6lF/nW0V2mhUI=
51,11,tInqaEplx2kG49nOAMoxLJp0MU0=,9te8SU6hVH6qGe6lF/nW0V2mhUI=
52,11,tInqaEplx2kG49nOAMoxLJp0MU0=,9te8SU6hVH6qGe6lF/nW0V2mhUI=
50,11,tInqaEplx2kG49nOAMoxLJp0MU0=,9te8SU6hVH6qGe6lF/nW0V2mhUI=
49,11,tInqaEplx2kG49nOAMoxLJp0MU0=,9te8SU6hVH6qGe6lF/nW0V2mhUI=
48,11,tInqaEplx2kG49nOAMoxLJp0MU0=,9te8SU6hVH6qGe6lF/nW0V2mhUI=
60,5,tInqaEplx2kG49nOAMoxLJp0MU0=,9te8SU6hVH6qGe6lF/nW0V2mhUI=
58,1,tInqaEplx2kG49nOAMoxLJp0MU0=,9te8SU6hVH6qGe6lF/nW0V2mhUI=
62,10,tInqaEplx2kG49nOAMoxLJp0MU0=,9te8SU6hVH6qGe6lF/nW0V2mhUI=
61,10,tInqaEplx2kG49nOAMoxLJp0MU0=,9te8SU6hVH6qGe6lF/nW0V2mhUI=
63,10,tInqaEplx2kG49nOAMoxLJp0MU0=,9te8SU6hVH6qGe6lF/nW0V2mhUI=
60,10,tInqaEplx2kG49nOAMoxLJp0MU0=,9te8SU6hVH6qGe6lF/nW0V2mhUI=
61,5,tInqaEplx2kG49nOAMoxLJp0MU0=,9te8SU6hVH6qGe6lF/nW0V2mhUI=
57,10,tInqaEplx2kG49nOAMoxLJp0MU0=,9te8SU6hVH6qGe6lF/nW0V2mhUI=
58,10,tInqaEplx2kG49nOAMoxLJp0MU0=,9te8SU6hVH6qGe6lF/nW0V2mhUI=
56,10,tInqaEplx2kG49nOAMoxLJp0MU0=,9te8SU6hVH6qGe6lF/nW0V2mhUI=
62,5,tInqaEplx2kG49nOAMoxLJp0MU0=,9te8SU6hVH6qGe6lF/nW0V2mhUI=
55,10,tInqaEplx2kG49nOAMoxLJp0MU0=,9te8SU6hVH6qGe6lF/nW0V2mhUI=
54,10,tInqaEplx2kG49nOAMoxLJp0MU0=,9te8SU6hVH6qGe6lF/nW0V2mhUI=
60,0,tInqaEplx2kG49nOAMoxLJp0MU0=,9te8SU6hVH6qGe6lF/nW0V2mhUI=
59,10,tInqaEplx2kG49nOAMoxLJp0MU0=,9te8SU6hVH6qGe6lF/nW0V2mhUI=
53,3,tInqaEplx2kG49nOAMoxLJp0MU0=,9te8SU6hVH6qGe6lF/nW0V2mhUI=
53,10,tInqaEplx2kG49nOAMoxLJp0MU0=,9te8SU6hVH6qGe6lF/nW0V2mhUI=
52,10,tInqaEplx2kG49nOAMoxLJp0MU0=,9te8SU6hVH6qGe6lF/nW0V2mhUI=
63,5,tInqaEplx2kG49nOAMoxLJp0MU0=,9te8SU6hVH6qGe6lF/nW0V2mhUI=
50,10,tInqaEplx2kG49nOAMoxLJp0MU0=,9te8SU6hVH6qGe6lF/nW0V2mhUI=
51,10,tInqaEplx2kG49nOAMoxLJp0MU0=,9te8SU6hVH6qGe6lF/nW0V2mhUI=
49,10,tInqaEplx2kG49nOAMoxLJp0MU0=,9te8SU6hVH6qGe6lF/nW0V2mhUI=
53,1,tInqaEplx2kG49nOAMoxLJp0MU0=,9te8SU6hVH6qGe6lF/nW0V2mhUI=
48,10,tInqaEplx2kG49nOAMoxLJp0MU0=,9te8SU6hVH6qGe6lF/nW0V2mhUI=
62,9,tInqaEplx2kG49nOAMoxLJp0MU0=,9te8SU6hVH6qGe6lF/nW0V2mhUI=
61,9,tInqaEplx2kG49nOAMoxLJp0MU0=,9te8SU6hVH6qGe6lF/nW0V2mhUI=
63,9,tInqaEplx2kG49nOAMoxLJp0MU0=,9te8SU6hVH6qGe6lF/nW0V2mhUI=
60,9,tInqaEplx2kG49nOAMoxLJp0MU0=,9te8SU6hVH6qGe6lF/nW0V2mhUI=
57,1,tInqaEplx2kG49nOAMoxLJp0MU0=,9te8SU6hVH6qGe6lF/nW0V2mhUI=
48,6,tInqaEplx2kG49nOAMoxLJp0MU0=,9te8SU6hVH6qGe6lF/nW0V2mhUI=
59,9,tInqaEplx2kG49nOAMoxLJp0MU0=,9te8SU6hVH6qGe6lF/nW0V2mhUI=
57,9,tInqaEplx2kG49nOAMoxLJp0MU0=,9te8SU6hVH6qGe6lF/nW0V2mhUI=
56,9,tInqaEplx2kG49nOAMoxLJp0MU0=,9te8SU6hVH6qGe6lF/nW0V2mhUI=
58,9,tInqaEplx2kG49nOAMoxLJp0MU0=,9te8SU6hVH6qGe6lF/nW0V2mhUI=
55,9,tInqaEplx2kG49nOAMoxLJp0MU0=,9te8SU6hVH6qGe6lF/nW0V2mhUI=
49,6,tInqaEplx2kG49nOAMoxLJp0MU0=,9te8SU6hVH6qGe6lF/nW0V2mhUI=
59,0,tInqaEplx2kG49nOAMoxLJp0MU0=,9te8SU6hVH6qGe6lF/nW0V2mhUI=
52,3,tInqaEplx2kG49nOAMoxLJp0MU0=,9te8SU6hVH6qGe6lF/nW0V2mhUI=
53,9,tInqaEplx2kG49nOAMoxLJp0MU0=,9te8SU6hVH6qGe6lF/nW0V2mhUI=
54,9,tInqaEplx2kG49nOAMoxLJp0MU0=,9te8SU6hVH6qGe6lF/nW0V2mhUI=
50,6,tInqaEplx2kG49nOAMoxLJp0MU0=,9te8SU6hVH6qGe6lF/nW0V2mhUI=
52,9,tInqaEplx2kG49nOAMoxLJp0MU0=,9te8SU6hVH6qGe6lF/nW0V2mhUI=
51,9,tInqaEplx2kG49nOAMoxLJp0MU0=,9te8SU6hVH6qGe6lF/nW0V2mhUI=
50,9,tInqaEplx2kG49nOAMoxLJp0MU0=,9te8SU6hVH6qGe6lF/nW0V2mhUI=
51,6,tInqaEplx2kG49nOAMoxLJp0MU0=,9te8SU6hVH6qGe6lF/nW0V2mhUI=
49,9,tInqaEplx2kG49nOAMoxLJp0MU0=,9te8SU6hVH6qGe6lF/nW0V2mhUI=
48,9,tInqaEplx2kG49nOAMoxLJp0MU0=,9te8SU6hVH6qGe6lF/nW0V2mhUI=
56,1,tInqaEplx2kG49nOAMoxLJp0MU0=,9te8SU6hVH6qGe6lF/nW0V2mhUI=
63,8,tInqaEplx2kG49nOAMoxLJp0MU0=,9te8SU6hVH6qGe6lF/nW0V2mhUI=
52,6,tInqaEplx2kG49nOAMoxLJp0MU0=,9te8SU6hVH6qGe6lF/nW0V2mhUI=
61,8,tInqaEplx2kG49nOAMoxLJp0MU0=,9te8SU6hVH6qGe6lF/nW0V2mhUI=
60,8,tInqaEplx2kG49nOAMoxLJp0MU0=,9te8SU6hVH6qGe6lF/nW0V2mhUI=
59,8,tInqaEplx2kG49nOAMoxLJp0MU0=,9te8SU6hVH6qGe6lF/nW0V2mhUI=
58,8,tInqaEplx2kG49nOAMoxLJp0MU0=,9te8SU6hVH6qGe6lF/nW0V2mhUI=
62,8,tInqaEplx2kG49nOAMoxLJp0MU0=,9te8SU6hVH6qGe6lF/nW0V2mhUI=
53,6,tInqaEplx2kG49nOAMoxLJp0MU0=,9te8SU6hVH6qGe6lF/nW0V2mhUI=
57,8,tInqaEplx2kG49nOAMoxLJp0MU0=,9te8SU6hVH6qGe6lF/nW0V2mhUI=
56,8,tInqaEplx2kG49nOAMoxLJp0MU0=,9te8SU6hVH6qGe6lF/nW0V2mhUI=
58,0,tInqaEplx2kG49nOAMoxLJp0MU0=,9te8SU6hVH6qGe6lF/nW0V2mhUI=
51,3,tInqaEplx2kG49nOAMoxLJp0MU0=,9te8SU6hVH6qGe6lF/nW0V2mhUI=
54,6,tInqaEplx2kG49nOAMoxLJp0MU0=,9te8SU6hVH6qGe6lF/nW0V2mhUI=
55,8,tInqaEplx2kG49nOAMoxLJp0MU0=,9te8SU6hVH6qGe6lF/nW0V2mhUI=
54,8,tInqaEplx2kG49nOAMoxLJp0MU0=,9te8SU6hVH6qGe6lF/nW0V2mhUI=
53,8,tInqaEplx2kG49nOAMoxLJp0MU0=,9te8SU6hVH6qGe6lF/nW0V2mhUI=
51,8,tInqaEplx2kG49nOAMoxLJp0MU0=,9te8SU6hVH6qGe6lF/nW0V2mhUI=
52,8,tInqaEplx2kG49nOAMoxLJp0MU0=,9te8SU6hVH6qGe6lF/nW0V2mhUI=
55,6,tInqaEplx2kG49nOAMoxLJp0MU0=,9te8SU6hVH6qGe6lF/nW0V2mhUI=
50,8,tInqaEplx2kG49nOAMoxLJp0MU0=,9te8SU6hVH6qGe6lF/nW0V2mhUI=
48,8,tInqaEplx2kG49nOAMoxLJp0MU0=,9te8SU6hVH6qGe6lF/nW0V2mhUI=
49,8,tInqaEplx2kG49nOAMoxLJp0MU0=,9te8SU6hVH6qGe6lF/nW0V2mhUI=
55,1,tInqaEplx2kG49nOAMoxLJp0MU0=,9te8SU6hVH6qGe6lF/nW0V2mhUI=
63,7,tInqaEplx2kG49nOAMoxLJp0MU0=,9te8SU6hVH6qGe6lF/nW0V2mhUI=
62,7,tInqaEplx2kG49nOAMoxLJp0MU0=,9te8SU6hVH6qGe6lF/nW0V2mhUI=
56,6,tInqaEplx2kG49nOAMoxLJp0MU0=,9te8SU6hVH6qGe6lF/nW0V2mhUI=
61,7,tInqaEplx2kG49nOAMoxLJp0MU0=,9te8SU6hVH6qGe6lF/nW0V2mhUI=
59,7,tInqaEplx2kG49nOAMoxLJp0MU0=,9te8SU6hVH6qGe6lF/nW0V2mhUI=
58,7,tInqaEplx2kG49nOAMoxLJp0MU0=,9te8SU6hVH6qGe6lF/nW0V2mhUI=
57,6,tInqaEplx2kG49nOAMoxLJp0MU0=,9te8SU6hVH6qGe6lF/nW0V2mhUI=
60,7,tInqaEplx2kG49nOAMoxLJp0MU0=,9te8SU6hVH6qGe6lF/nW0V2mhUI=
57,0,tInqaEplx2kG49nOAMoxLJp0MU0=,9te8SU6hVH6qGe6lF/nW0V2mhUI=
50,3,tInqaEplx2kG49nOAMoxLJp0MU0=,9te8SU6hVH6qGe6lF/nW0V2mhUI=
57,7,tInqaEplx2kG49nOAMoxLJp0MU0=,9te8SU6hVH6qGe6lF/nW0V2mhUI=
56,7,tInqaEplx2kG49nOAMoxLJp0MU0=,9te8SU6hVH6qGe6lF/nW0V2mhUI=
49,3,tInqaEplx2kG49nOAMoxLJp0MU0=,9te8SU6hVH6qGe6lF/nW0V2mhUI=
55,7,tInqaEplx2kG49nOAMoxLJp0MU0=,9te8SU6hVH6qGe6lF/nW0V2mhUI=
54,7,tInqaEplx2kG49nOAMoxLJp0MU0=,9te8SU6hVH6qGe6lF/nW0V2mhUI=
53,7,tInqaEplx2kG49nOAMoxLJp0MU0=,9te8SU6hVH6qGe6lF/nW0V2mhUI=
52,7,tInqaEplx2kG49nOAMoxLJp0MU0=,9te8SU6hVH6qGe6lF/nW0V2mhUI=
51,7,tInqaEplx2kG49nOAMoxLJp0MU0=,9te8SU6hVH6qGe6lF/nW0V2mhUI=
56,0,tInqaEplx2kG49nOAMoxLJp0MU0=,9te8SU6hVH6qGe6lF/nW0V2mhUI=
50,7,tInqaEplx2kG49nOAMoxLJp0MU0=,9te8SU6hVH6qGe6lF/nW0V2mhUI=
49,7,tInqaEplx2kG49nOAMoxLJp0MU0=,9te8SU6hVH6qGe6lF/nW0V2mhUI=
48,7,tInqaEplx2kG49nOAMoxLJp0MU0=,9te8SU6hVH6qGe6lF/nW0V2mhUI=
54,1,tInqaEplx2kG49nOAMoxLJp0MU0=,9te8SU6hVH6qGe6lF/nW0V2mhUI=
63,6,tInqaEplx2kG49nOAMoxLJp0MU0=,9te8SU6hVH6qGe6lF/nW0V2mhUI=
58,6,tInqaEplx2kG49nOAMoxLJp0MU0=,9te8SU6hVH6qGe6lF/nW0V2mhUI=
62,6,tInqaEplx2kG49nOAMoxLJp0MU0=,9te8SU6hVH6qGe6lF/nW0V2mhUI=
61,6,tInqaEplx2kG49nOAMoxLJp0MU0=,9te8SU6hVH6qGe6lF/nW0V2mhUI=
60,6,tInqaEplx2kG49nOAMoxLJp0MU0=,9te8SU6hVH6qGe6lF/nW0V2mhUI=
59,6,tInqaEplx2kG49nOAMoxLJp0MU0=,9te8SU6hVH6qGe6lF/nW0V2mhUI=
47,15,C6BfzRC+bN75N3BT4WNENNUynbw=,27CMEKVVo72VuwBCRINcrbCmBgk=
45,2,HVEdlz/Q1Ryywa7QuL+9NQH1EWo=,27CMEKVVo72VuwBCRINcrbCmBgk=
46,15,HVEdlz/Q1Ryywa7QuL+9NQH1EWo=,27CMEKVVo72VuwBCRINcrbCmBgk=
45,15,HVEdlz/Q1Ryywa7QuL+9NQH1EWo=,27CMEKVVo72VuwBCRINcrbCmBgk=
35,0,HVEdlz/Q1Ryywa7QuL+9NQH1EWo=,27CMEKVVo72VuwBCRINcrbCmBgk=
32,0,HVEdlz/Q1Ryywa7QuL+9NQH1EWo=,27CMEKVVo72VuwBCRINcrbCmBgk=
47,2,HVEdlz/Q1Ryywa7QuL+9NQH1EWo=,27CMEKVVo72VuwBCRINcrbCmBgk=
46,2,HVEdlz/Q1Ryywa7QuL+9NQH1EWo=,27CMEKVVo72VuwBCRINcrbCmBgk=
42,15,HVEdlz/Q1Ryywa7QuL+9NQH1EWo=,27CMEKVVo72VuwBCRINcrbCmBgk=
43,15,HVEdlz/Q1Ryywa7QuL+9NQH1EWo=,27CMEKVVo72VuwBCRINcrbCmBgk=
44,15,HVEdlz/Q1Ryywa7QuL+9NQH1EWo=,27CMEKVVo72VuwBCRINcrbCmBgk=
39,15,HVEdlz/Q1Ryywa7QuL+9NQH1EWo=,27CMEKVVo72VuwBCRINcrbCmBgk=
41,15,HVEdlz/Q1Ryywa7QuL+9NQH1EWo=,27CMEKVVo72VuwBCRINcrbCmBgk=
32,3,HVEdlz/Q1Ryywa7QuL+9NQH1EWo=,27CMEKVVo72VuwBCRINcrbCmBgk=
40,15,HVEdlz/Q1Ryywa7QuL+9NQH1EWo=,27CMEKVVo72VuwBCRINcrbCmBgk=
47,1,HVEdlz/Q1Ryywa7QuL+9NQH1EWo=,27CMEKVVo72VuwBCRINcrbCmBgk=
37,15,HVEdlz/Q1Ryywa7QuL+9NQH1EWo=,27CMEKVVo72VuwBCRINcrbCmBgk=
38,15,HVEdlz/Q1Ryywa7QuL+9NQH1EWo=,27CMEKVVo72VuwBCRINcrbCmBgk=
46,1,HVEdlz/Q1Ryywa7QuL+9NQH1EWo=,27CMEKVVo72VuwBCRINcrbCmBgk=
36,15,HVEdlz/Q1Ryywa7QuL+9NQH1EWo=,27CMEKVVo72VuwBCRINcrbCmBgk=
33,3,HVEdlz/Q1Ryywa7QuL+9NQH1EWo=,27CMEKVVo72VuwBCRINcrbCmBgk=
45,1,HVEdlz/Q1Ryywa7QuL+9NQH1EWo=,27CMEKVVo72VuwBCRINcrbCmBgk=
44,1,HVEdlz/Q1Ryywa7QuL+9NQH1EWo=,27CMEKVVo72VuwBCRINcrbCmBgk=
43,1,HVEdlz/Q1Ryywa7QuL+9NQH1EWo=,27CMEKVVo72VuwBCRINcrbCmBgk=
35,15,HVEdlz/Q1Ryywa7QuL+9NQH1EWo=,27CMEKVVo72VuwBCRINcrbCmBgk=
33,15,HVEdlz/Q1Ryywa7QuL+9NQH1EWo=,27CMEKVVo72VuwBCRINcrbCmBgk=
34,15,HVEdlz/Q1Ryywa7QuL+9NQH1EWo=,27CMEKVVo72VuwBCRINcrbCmBgk=
33,1,HVEdlz/Q1Ryywa7QuL+9NQH1EWo=,27CMEKVVo72VuwBCRINcrbCmBgk=
34,3,HVEdlz/Q1Ryywa7QuL+9NQH1EWo=,27CMEKVVo72VuwBCRINcrbCmBgk=
40,1,HVEdlz/Q1Ryywa7QuL+9NQH1EWo=,27CMEKVVo72VuwBCRINcrbCmBgk=
42,1,HVEdlz/Q1Ryywa7QuL+9NQH1EWo=,27CMEKVVo72VuwBCRINcrbCmBgk=
41,1,HVEdlz/Q1Ryywa7QuL+9NQH1EWo=,27CMEKVVo72VuwBCRINcrbCmBgk=
39,1,HVEdlz/Q1Ryywa7QuL+9NQH1EWo=,27CMEKVVo72VuwBCRINcrbCmBgk=
47,14,HVEdlz/Q1Ryywa7QuL+9NQH1EWo=,27CMEKVVo72VuwBCRINcrbCmBgk=
32,2,HVEdlz/Q1Ryywa7QuL+9NQH1EWo=,27CMEKVVo72VuwBCRINcrbCmBgk=
37,1,HVEdlz/Q1Ryywa7QuL+9NQH1EWo=,27CMEKVVo72VuwBCRINcrbCmBgk=
46,14,HVEdlz/Q1Ryywa7QuL+9NQH1EWo=,27CMEKVVo72VuwBCRINcrbCmBgk=
38,1,HVEdlz/Q1Ryywa7QuL+9NQH1EWo=,27CMEKVVo72VuwBCRINcrbCmBgk=
44,2,HVEdlz/Q1Ryywa7QuL+9NQH1EWo=,27CMEKVVo72VuwBCRINcrbCmBgk=
45,14,HVEdlz/Q1Ryywa7QuL+9NQH1EWo=,27CMEKVVo72VuwBCRINcrbCmBgk=
36,1,HVEdlz/Q1Ryywa7QuL+9NQH1EWo=,27CMEKVVo72VuwBCRINcrbCmBgk=
32,15,HVEdlz/Q1Ryywa7QuL+9NQH1EWo=,27CMEKVVo72VuwBCRINcrbCmBgk=
35,1,HVEdlz/Q1Ryywa7QuL+9NQH1EWo=,27CMEKVVo72VuwBCRINcrbCmBgk=
34,1,HVEdlz/Q1Ryywa7QuL+9NQH1EWo=,27CMEKVVo72VuwBCRINcrbCmBgk=
34,0,HVEdlz/Q1Ryywa7QuL+9NQH1EWo=,27CMEKVVo72VuwBCRINcrbCmBgk=
36,0,HVEdlz/Q1Ryywa7QuL+9NQH1EWo=,27CMEKVVo72VuwBCRINcrbCmBgk=
43,14,HVEdlz/Q1Ryywa7QuL+9NQH1EWo=,27CMEKVVo72VuwBCRINcrbCmBgk=
42,14,HVEdlz/Q1Ryywa7QuL+9NQH1EWo=,27CMEKVVo72VuwBCRINcrbCmBgk=
41,14,HVEdlz/Q1Ryywa7QuL+9NQH1EWo=,27CMEKVVo72VuwBCRINcrbCmBgk=
40,14,HVEdlz/Q1Ryywa7QuL+9NQH1EWo=,27CMEKVVo72VuwBCRINcrbCmBgk=
44,14,HVEdlz/Q1Ryywa7QuL+9NQH1EWo=,27CMEKVVo72VuwBCRINcrbCmBgk=
35,3,HVEdlz/Q1Ryywa7QuL+9NQH1EWo=,27CMEKVVo72VuwBCRINcrbCmBgk=
39,14,HVEdlz/Q1Ryywa7QuL+9NQH1EWo=,27CMEKVVo72VuwBCRINcrbCmBgk=
38,14,HVEdlz/Q1Ryywa7QuL+9NQH1EWo=,27CMEKVVo72VuwBCRINcrbCmBgk=
37,14,HVEdlz/Q1Ryywa7QuL+9NQH1EWo=,27CMEKVVo72VuwBCRINcrbCmBgk=
47,13,HVEdlz/Q1Ryywa7QuL+9NQH1EWo=,27CMEKVVo72VuwBCRINcrbCmBgk=
46,13,HVEdlz/Q1Ryywa7QuL+9NQH1EWo=,27CMEKVVo72VuwBCRINcrbCmBgk=
47,0,HVEdlz/Q1Ryywa7QuL+9NQH1EWo=,27CMEKVVo72VuwBCRINcrbCmBgk=
45,13,HVEdlz/Q1Ryywa7QuL+9NQH1EWo=,27CMEKVVo72VuwBCRINcrbCmBgk=
43,2,HVEdlz/Q1Ryywa7QuL+9NQH1EWo=,27CMEKVVo72VuwBCRINcrbCmBgk=
35,14,HVEdlz/Q1Ryywa7QuL+9NQH1EWo=,27CMEKVVo72VuwBCRINcrbCmBgk=
34,14,HVEdlz/Q1Ryywa7QuL+9NQH1EWo=,27CMEKVVo72VuwBCRINcrbCmBgk=
33,14,HVEdlz/Q1Ryywa7QuL+9NQH1EWo=,27CMEKVVo72VuwBCRINcrbCmBgk=
36,14,HVEdlz/Q1Ryywa7QuL+9NQH1EWo=,27CMEKVVo72VuwBCRINcrbCmBgk=
36,3,HVEdlz/Q1Ryywa7QuL+9NQH1EWo=,27CMEKVVo72VuwBCRINcrbCmBgk=
32,14,HVEdlz/Q1Ryywa7QuL+9NQH1EWo=,27CMEKVVo72VuwBCRINcrbCmBgk=
44,13,HVEdlz/Q1Ryywa7QuL+9NQH1EWo=,27CMEKVVo72VuwBCRINcrbCmBgk=
32,1,HVEdlz/Q1Ryywa7QuL+9NQH1EWo=,27CMEKVVo72VuwBCRINcrbCmBgk=
43,13,HVEdlz/Q1Ryywa7QuL+9NQH1EWo=,27CMEKVVo72VuwBCRINcrbCmBgk=
42,13,HVEdlz/Q1Ryywa7QuL+9NQH1EWo=,27CMEKVVo72VuwBCRINcrbCmBgk=
41,13,HVEdlz/Q1Ryywa7QuL+9NQH1EWo=,27CMEKVVo72VuwBCRINcrbCmBgk=
40,13,HVEdlz/Q1Ryywa7QuL+9NQH1EWo=,27CMEKVVo72VuwBCRINcrbCmBgk=
37,3,HVEdlz/Q1Ryywa7QuL+9NQH1EWo=,27CMEKVVo72VuwBCRINcrbCmBgk=
39,13,HVEdlz/Q1Ryywa7QuL+9NQH1EWo=,27CMEKVVo72VuwBCRINcrbCmBgk=
38,13,HVEdlz/Q1Ryywa7QuL+9NQH1EWo=,27CMEKVVo72VuwBCRINcrbCmBgk=
37,13,HVEdlz/Q1Ryywa7QuL+9NQH1EWo=,27CMEKVVo72VuwBCRINcrbCmBgk=
47,12,HVEdlz/Q1Ryywa7QuL+9NQH1EWo=,27CMEKVVo72VuwBCRINcrbCmBgk=
46,12,HVEdlz/Q1Ryywa7QuL+9NQH1EWo=,27CMEKVVo72VuwBCRINcrbCmBgk=
45,12,HVEdlz/Q1Ryywa7QuL+9NQH1EWo=,27CMEKVVo72VuwBCRINcrbCmBgk=
46,0,HVEdlz/Q1Ryywa7QuL+9NQH1EWo=,27CMEKVVo72VuwBCRINcrbCmBgk=
36,13,HVEdlz/Q1Ryywa7QuL+9NQH1EWo=,27CMEKVVo72VuwBCRINcrbCmBgk=
35,13,HVEdlz/Q1Ryywa7QuL+9NQH1EWo=,27CMEKVVo72VuwBCRINcrbCmBgk=
34,13,HVEdlz/Q1Ryywa7QuL+9NQH1EWo=,27CMEKVVo72VuwBCRINcrbCmBgk=
33,13,HVEdlz/Q1Ryywa7QuL+9NQH1EWo=,27CMEKVVo72VuwBCRINcrbCmBgk=
38,3,HVEdlz/Q1Ryywa7QuL+9NQH1EWo=,27CMEKVVo72VuwBCRINcrbCmBgk=
44,12,HVEdlz/Q1Ryywa7QuL+9NQH1EWo=,27CMEKVVo72VuwBCRINcrbCmBgk=
32,13,HVEdlz/Q1Ryywa7QuL+9NQH1EWo=,27CMEKVVo72VuwBCRINcrbCmBgk=
33,0,HVEdlz/Q1Ryywa7QuL+9NQH1EWo=,27CMEKVVo72VuwBCRINcrbCmBgk=
42,12,HVEdlz/Q1Ryywa7QuL+9NQH1EWo=,27CMEKVVo72VuwBCRINcrbCmBgk=
43,12,HVEdlz/Q1Ryywa7QuL+9NQH1EWo=,27CMEKVVo72VuwBCRINcrbCmBgk=
41,12,HVEdlz/Q1Ryywa7QuL+9NQH1EWo=,27CMEKVVo72VuwBCRINcrbCmBgk=
42,2,HVEdlz/Q1Ryywa7QuL+9NQH1EWo=,27CMEKVVo72VuwBCRINcrbCmBgk=
39,3,HVEdlz/Q1Ryywa7QuL+9NQH1EWo=,27CMEKVVo72VuwBCRINcrbCmBgk=
40,12,HVEdlz/Q1Ryywa7QuL+9NQH1EWo=,27CMEKVVo72VuwBCRINcrbCmBgk=
39,12,HVEdlz/Q1Ryywa7QuL+9NQH1EWo=,27CMEKVVo72VuwBCRINcrbCmBgk=
47,11,HVEdlz/Q1Ryywa7QuL+9NQH1EWo=,27CMEKVVo72VuwBCRINcrbCmBgk=
38,12,HVEdlz/Q1Ryywa7QuL+9NQH1EWo=,27CMEKVVo72VuwBCRINcrbCmBgk=
46,11,HVEdlz/Q1Ryywa7QuL+9NQH1EWo=,27CMEKVVo72VuwBCRINcrbCmBgk=
45,11,HVEdlz/Q1Ryywa7QuL+9NQH1EWo=,27CMEKVVo72VuwBCRINcrbCmBgk=
44,11,HVEdlz/Q1Ryywa7QuL+9NQH1EWo=,27CMEKVVo72VuwBCRINcrbCmBgk=
45,0,HVEdlz/Q1Ryywa7QuL+9NQH1EWo=,27CMEKVVo72VuwBCRINcrbCmBgk=
37,12,HVEdlz/Q1Ryywa7QuL+9NQH1EWo=,27CMEKVVo72VuwBCRINcrbCmBgk=
34,12,HVEdlz/Q1Ryywa7QuL+9NQH1EWo=,27CMEKVVo72VuwBCRINcrbCmBgk=
36,12,HVEdlz/Q1Ryywa7QuL+9NQH1EWo=,27CMEKVVo72VuwBCRINcrbCmBgk=
35,12,HVEdlz/Q1Ryywa7QuL+9NQH1EWo=,27CMEKVVo72VuwBCRINcrbCmBgk=
40,3,HVEdlz/Q1Ryywa7QuL+9NQH1EWo=,27CMEKVVo72VuwBCRINcrbCmBgk=
33,12,HVEdlz/Q1Ryywa7QuL+9NQH1EWo=,27CMEKVVo72VuwBCRINcrbCmBgk=
32,12,HVEdlz/Q1Ryywa7QuL+9NQH1EWo=,27CMEKVVo72VuwBCRINcrbCmBgk=
41,2,HVEdlz/Q1Ryywa7QuL+9NQH1EWo=,27CMEKVVo72VuwBCRINcrbCmBgk=
42,11,HVEdlz/Q1Ryywa7QuL+9NQH1EWo=,27CMEKVVo72VuwBCRINcrbCmBgk=
43,11,HVEdlz/Q1Ryywa7QuL+9NQH1EWo=,27CMEKVVo72VuwBCRINcrbCmBgk=
41,3,HVEdlz/Q1Ryywa7QuL+9NQH1EWo=,27CMEKVVo72VuwBCRINcrbCmBgk=
39,11,HVEdlz/Q1Ryywa7QuL+9NQH1EWo=,27CMEKVVo72VuwBCRINcrbCmBgk=
40,11,HVEdlz/Q1Ryywa7QuL+9NQH1EWo=,27CMEKVVo72VuwBCRINcrbCmBgk=
38,11,HVEdlz/Q1Ryywa7QuL+9NQH1EWo=,27CMEKVVo72VuwBCRINcrbCmBgk=
37,11,HVEdlz/Q1Ryywa7QuL+9NQH1EWo=,27CMEKVVo72VuwBCRINcrbCmBgk=
47,10,HVEdlz/Q1Ryywa7QuL+9NQH1EWo=,27CMEKVVo72VuwBCRINcrbCmBgk=
46,10,HVEdlz/Q1Ryywa7QuL+9NQH1EWo=,27CMEKVVo72VuwBCRINcrbCmBgk=
45,10,HVEdlz/Q1Ryywa7QuL+9NQH1EWo=,27CMEKVVo72VuwBCRINcrbCmBgk=
44,10,HVEdlz/Q1Ryywa7QuL+9NQH1EWo=,27CMEKVVo72VuwBCRINcrbCmBgk=
43,10,HVEdlz/Q1Ryywa7QuL+9NQH1EWo=,27CMEKVVo72VuwBCRINcrbCmBgk=
44,0,HVEdlz/Q1Ryywa7QuL+9NQH1EWo=,27CMEKVVo72VuwBCRINcrbCmBgk=
41,11,HVEdlz/Q1Ryywa7QuL+9NQH1EWo=,27CMEKVVo72VuwBCRINcrbCmBgk=
36,11,HVEdlz/Q1Ryywa7QuL+9NQH1EWo=,27CMEKVVo72VuwBCRINcrbCmBgk=
35,11,HVEdlz/Q1Ryywa7QuL+9NQH1EWo=,27CMEKVVo72VuwBCRINcrbCmBgk=
34,11,HVEdlz/Q1Ryywa7QuL+9NQH1EWo=,27CMEKVVo72VuwBCRINcrbCmBgk=
32,11,HVEdlz/Q1Ryywa7QuL+9NQH1EWo=,27CMEKVVo72VuwBCRINcrbCmBgk=
33,11,HVEdlz/Q1Ryywa7QuL+9NQH1EWo=,27CMEKVVo72VuwBCRINcrbCmBgk=
42,3,HVEdlz/Q1Ryywa7QuL+9NQH1EWo=,27CMEKVVo72VuwBCRINcrbCmBgk=
43,3,HVEdlz/Q1Ryywa7QuL+9NQH1EWo=,27CMEKVVo72VuwBCRINcrbCmBgk=
44,3,C6BfzRC+bN75N3BT4WNENNUynbw=,27CMEKVVo72VuwBCRINcrbCmBgk=
45,3,HVEdlz/Q1Ryywa7QuL+9NQH1EWo=,27CMEKVVo72VuwBCRINcrbCmBgk=
46,3,HVEdlz/Q1Ryywa7QuL+9NQH1EWo=,27CMEKVVo72VuwBCRINcrbCmBgk=
47,3,HVEdlz/Q1Ryywa7QuL+9NQH1EWo=,27CMEKVVo72VuwBCRINcrbCmBgk=
41,10,HVEdlz/Q1Ryywa7QuL+9NQH1EWo=,27CMEKVVo72VuwBCRINcrbCmBgk=
40,2,HVEdlz/Q1Ryywa7QuL+9NQH1EWo=,27CMEKVVo72VuwBCRINcrbCmBgk=
40,10,HVEdlz/Q1Ryywa7QuL+9NQH1EWo=,27CMEKVVo72VuwBCRINcrbCmBgk=
42,10,HVEdlz/Q1Ryywa7QuL+9NQH1EWo=,27CMEKVVo72VuwBCRINcrbCmBgk=
39,10,HVEdlz/Q1Ryywa7QuL+9NQH1EWo=,27CMEKVVo72VuwBCRINcrbCmBgk=
38,10,HVEdlz/Q1Ryywa7QuL+9NQH1EWo=,27CMEKVVo72VuwBCRINcrbCmBgk=
37,10,HVEdlz/Q1Ryywa7QuL+9NQH1EWo=,27CMEKVVo72VuwBCRINcrbCmBgk=
47,9,HVEdlz/Q1Ryywa7QuL+9NQH1EWo=,27CMEKVVo72VuwBCRINcrbCmBgk=
46,9,HVEdlz/Q1Ryywa7QuL+9NQH1EWo=,27CMEKVVo72VuwBCRINcrbCmBgk=
45,9,HVEdlz/Q1Ryywa7QuL+9NQH1EWo=,27CMEKVVo72VuwBCRINcrbCmBgk=
44,9,HVEdlz/Q1Ryywa7QuL+9NQH1EWo=,27CMEKVVo72VuwBCRINcrbCmBgk=
43,9,HVEdlz/Q1Ryywa7QuL+9NQH1EWo=,27CMEKVVo72VuwBCRINcrbCmBgk=
43,0,HVEdlz/Q1Ryywa7QuL+9NQH1EWo=,27CMEKVVo72VuwBCRINcrbCmBgk=
33,2,HVEdlz/Q1Ryywa7QuL+9NQH1EWo=,27CMEKVVo72VuwBCRINcrbCmBgk=
35,10,HVEdlz/Q1Ryywa7QuL+9NQH1EWo=,27CMEKVVo72VuwBCRINcrbCmBgk=
36,10,HVEdlz/Q1Ryywa7QuL+9NQH1EWo=,27CMEKVVo72VuwBCRINcrbCmBgk=
34,10,HVEdlz/Q1Ryywa7QuL+9NQH1EWo=,27CMEKVVo72VuwBCRINcrbCmBgk=
33,10,HVEdlz/Q1Ryywa7QuL+9NQH1EWo=,27CMEKVVo72VuwBCRINcrbCmBgk=
32,10,HVEdlz/Q1Ryywa7QuL+9NQH1EWo=,27CMEKVVo72VuwBCRINcrbCmBgk=
41,9,HVEdlz/Q1Ryywa7QuL+9NQH1EWo=,27CMEKVVo72VuwBCRINcrbCmBgk=
32,4,HVEdlz/Q1Ryywa7QuL+9NQH1EWo=,27CMEKVVo72VuwBCRINcrbCmBgk=
42,9,HVEdlz/Q1Ryywa7QuL+9NQH1EWo=,27CMEKVVo72VuwBCRINcrbCmBgk=
39,2,HVEdlz/Q1Ryywa7QuL+9NQH1EWo=,27CMEKVVo72VuwBCRINcrbCmBgk=
40,9,HVEdlz/Q1Ryywa7QuL+9NQH1EWo=,27CMEKVVo72VuwBCRINcrbCmBgk=
39,9,HVEdlz/Q1Ryywa7QuL+9NQH1EWo=,27CMEKVVo72VuwBCRINcrbCmBgk=
38,9,HVEdlz/Q1Ryywa7QuL+9NQH1EWo=,27CMEKVVo72VuwBCRINcrbCmBgk=
47,8,HVEdlz/Q1Ryywa7QuL+9NQH1EWo=,27CMEKVVo72VuwBCRINcrbCmBgk=
45,8,HVEdlz/Q1Ryywa7QuL+9NQH1EWo=,27CMEKVVo72VuwBCRINcrbCmBgk=
46,8,HVEdlz/Q1Ryywa7QuL+9NQH1EWo=,27CMEKVVo72VuwBCRINcrbCmBgk=
44,8,HVEdlz/Q1Ryywa7QuL+9NQH1EWo=,27CMEKVVo72VuwBCRINcrbCmBgk=
43,8,HVEdlz/Q1Ryywa7QuL+9NQH1EWo=,27CMEKVVo72VuwBCRINcrbCmBgk=
37,9,HVEdlz/Q1Ryywa7QuL+9NQH1EWo=,27CMEKVVo72VuwBCRINcrbCmBgk=
36,9,HVEdlz/Q1Ryywa7QuL+9NQH1EWo=,27CMEKVVo72VuwBCRINcrbCmBgk=
33,4,HVEdlz/Q1Ryywa7QuL+9NQH1EWo=,27CMEKVVo72VuwBCRINcrbCmBgk=
35,9,HVEdlz/Q1Ryywa7QuL+9NQH1EWo=,27CMEKVVo72VuwBCRINcrbCmBgk=
33,9,HVEdlz/Q1Ryywa7QuL+9NQH1EWo=,27CMEKVVo72VuwBCRINcrbCmBgk=
34,9,HVEdlz/Q1Ryywa7QuL+9NQH1EWo=,27CMEKVVo72VuwBCRINcrbCmBgk=
32,9,HVEdlz/Q1Ryywa7QuL+9NQH1EWo=,27CMEKVVo72VuwBCRINcrbCmBgk=
41,8,HVEdlz/Q1Ryywa7QuL+9NQH1EWo=,27CMEKVVo72VuwBCRINcrbCmBgk=
42,8,HVEdlz/Q1Ryywa7QuL+9NQH1EWo=,27CMEKVVo72VuwBCRINcrbCmBgk=
34,4,HVEdlz/Q1Ryywa7QuL+9NQH1EWo=,27CMEKVVo72VuwBCRINcrbCmBgk=
40,8,HVEdlz/Q1Ryywa7QuL+9NQH1EWo=,27CMEKVVo72VuwBCRINcrbCmBgk=
42,0,HVEdlz/Q1Ryywa7QuL+9NQH1EWo=,27CMEKVVo72VuwBCRINcrbCmBgk=
38,2,HVEdlz/Q1Ryywa7QuL+9NQH1EWo=,27CMEKVVo72VuwBCRINcrbCmBgk=
38,8,HVEdlz/Q1Ryywa7QuL+9NQH1EWo=,27CMEKVVo72VuwBCRINcrbCmBgk=
39,8,HVEdlz/Q1Ryywa7QuL+9NQH1EWo=,27CMEKVVo72VuwBCRINcrbCmBgk=
47,7,HVEdlz/Q1Ryywa7QuL+9NQH1EWo=,27CMEKVVo72VuwBCRINcrbCmBgk=
46,7,HVEdlz/Q1Ryywa7QuL+9NQH1EWo=,27CMEKVVo72VuwBCRINcrbCmBgk=
45,7,HVEdlz/Q1Ryywa7QuL+9NQH1EWo=,27CMEKVVo72VuwBCRINcrbCmBgk=
44,7,HVEdlz/Q1Ryywa7QuL+9NQH1EWo=,27CMEKVVo72VuwBCRINcrbCmBgk=
43,7,HVEdlz/Q1Ryywa7QuL+9NQH1EWo=,27CMEKVVo72VuwBCRINcrbCmBgk=
37,8,HVEdlz/Q1Ryywa7QuL+9NQH1EWo=,27CMEKVVo72VuwBCRINcrbCmBgk=
35,4,HVEdlz/Q1Ryywa7QuL+9NQH1EWo=,27CMEKVVo72VuwBCRINcrbCmBgk=
36,8,HVEdlz/Q1Ryywa7QuL+9NQH1EWo=,27CMEKVVo72VuwBCRINcrbCmBgk=
35,8,HVEdlz/Q1Ryywa7QuL+9NQH1EWo=,27CMEKVVo72VuwBCRINcrbCmBgk=
34,8,HVEdlz/Q1Ryywa7QuL+9NQH1EWo=,27CMEKVVo72VuwBCRINcrbCmBgk=
33,8,HVEdlz/Q1Ryywa7QuL+9NQH1EWo=,27CMEKVVo72VuwBCRINcrbCmBgk=
32,8,HVEdlz/Q1Ryywa7QuL+9NQH1EWo=,27CMEKVVo72VuwBCRINcrbCmBgk=
42,7,HVEdlz/Q1Ryywa7QuL+9NQH1EWo=,27CMEKVVo72VuwBCRINcrbCmBgk=
34,2,HVEdlz/Q1Ryywa7QuL+9NQH1EWo=,27CMEKVVo72VuwBCRINcrbCmBgk=
41,7,HVEdlz/Q1Ryywa7QuL+9NQH1EWo=,27CMEKVVo72VuwBCRINcrbCmBgk=
40,7,HVEdlz/Q1Ryywa7QuL+9NQH1EWo=,27CMEKVVo72VuwBCRINcrbCmBgk=
41,0,HVEdlz/Q1Ryywa7QuL+9NQH1EWo=,27CMEKVVo72VuwBCRINcrbCmBgk=
39,7,HVEdlz/Q1Ryywa7QuL+9NQH1EWo=,27CMEKVVo72VuwBCRINcrbCmBgk=
37,2,HVEdlz/Q1Ryywa7QuL+9NQH1EWo=,27CMEKVVo72VuwBCRINcrbCmBgk=
38,7,HVEdlz/Q1Ryywa7QuL+9NQH1EWo=,27CMEKVVo72VuwBCRINcrbCmBgk=
47,6,HVEdlz/Q1Ryywa7QuL+9NQH1EWo=,27CMEKVVo72VuwBCRINcrbCmBgk=
46,6,HVEdlz/Q1Ryywa7QuL+9NQH1EWo=,27CMEKVVo72VuwBCRINcrbCmBgk=
45,6,HVEdlz/Q1Ryywa7QuL+9NQH1EWo=,27CMEKVVo72VuwBCRINcrbCmBgk=
44,6,HVEdlz/Q1Ryywa7QuL+9NQH1EWo=,27CMEKVVo72VuwBCRINcrbCmBgk=
43,6,HVEdlz/Q1Ryywa7QuL+9NQH1EWo=,27CMEKVVo72VuwBCRINcrbCmBgk=
37,7,HVEdlz/Q1Ryywa7QuL+9NQH1EWo=,27CMEKVVo72VuwBCRINcrbCmBgk=
36,7,HVEdlz/Q1Ryywa7QuL+9NQH1EWo=,27CMEKVVo72VuwBCRINcrbCmBgk=
35,7,HVEdlz/Q1Ryywa7QuL+9NQH1EWo=,27CMEKVVo72VuwBCRINcrbCmBgk=
37,0,HVEdlz/Q1Ryywa7QuL+9NQH1EWo=,27CMEKVVo72VuwBCRINcrbCmBgk=
34,7,HVEdlz/Q1Ryywa7QuL+9NQH1EWo=,27CMEKVVo72VuwBCRINcrbCmBgk=
33,7,HVEdlz/Q1Ryywa7QuL+9NQH1EWo=,27CMEKVVo72VuwBCRINcrbCmBgk=
32,7,HVEdlz/Q1Ryywa7QuL+9NQH1EWo=,27CMEKVVo72VuwBCRINcrbCmBgk=
42,6,HVEdlz/Q1Ryywa7QuL+9NQH1EWo=,27CMEKVVo72VuwBCRINcrbCmBgk=
41,6,HVEdlz/Q1Ryywa7QuL+9NQH1EWo=,27CMEKVVo72VuwBCRINcrbCmBgk=
40,6,HVEdlz/Q1Ryywa7QuL+9NQH1EWo=,27CMEKVVo72VuwBCRINcrbCmBgk=
36,4,HVEdlz/Q1Ryywa7QuL+9NQH1EWo=,27CMEKVVo72VuwBCRINcrbCmBgk=
39,6,HVEdlz/Q1Ryywa7QuL+9NQH1EWo=,27CMEKVVo72VuwBCRINcrbCmBgk=
38,6,HVEdlz/Q1Ryywa7QuL+9NQH1EWo=,27CMEKVVo72VuwBCRINcrbCmBgk=
36,2,HVEdlz/Q1Ryywa7QuL+9NQH1EWo=,27CMEKVVo72VuwBCRINcrbCmBgk=
40,0,HVEdlz/Q1Ryywa7QuL+9NQH1EWo=,27CMEKVVo72VuwBCRINcrbCmBgk=
47,5,HVEdlz/Q1Ryywa7QuL+9NQH1EWo=,27CMEKVVo72VuwBCRINcrbCmBgk=
46,5,HVEdlz/Q1Ryywa7QuL+9NQH1EWo=,27CMEKVVo72VuwBCRINcrbCmBgk=
45,5,HVEdlz/Q1Ryywa7QuL+9NQH1EWo=,27CMEKVVo72VuwBCRINcrbCmBgk=
44,5,HVEdlz/Q1Ryywa7QuL+9NQH1EWo=,27CMEKVVo72VuwBCRINcrbCmBgk=
37,6,HVEdlz/Q1Ryywa7QuL+9NQH1EWo=,27CMEKVVo72VuwBCRINcrbCmBgk=
43,5,HVEdlz/Q1Ryywa7QuL+9NQH1EWo=,27CMEKVVo72VuwBCRINcrbCmBgk=
36,6,HVEdlz/Q1Ryywa7QuL+9NQH1EWo=,27CMEKVVo72VuwBCRINcrbCmBgk=
35,6,HVEdlz/Q1Ryywa7QuL+9NQH1EWo=,27CMEKVVo72VuwBCRINcrbCmBgk=
34,6,HVEdlz/Q1Ryywa7QuL+9NQH1EWo=,27CMEKVVo72VuwBCRINcrbCmBgk=
37,4,HVEdlz/Q1Ryywa7QuL+9NQH1EWo=,27CMEKVVo72VuwBCRINcrbCmBgk=
33,6,HVEdlz/Q1Ryywa7QuL+9NQH1EWo=,27CMEKVVo72VuwBCRINcrbCmBgk=
32,6,HVEdlz/Q1Ryywa7QuL+9NQH1EWo=,27CMEKVVo72VuwBCRINcrbCmBgk=
41,5,HVEdlz/Q1Ryywa7QuL+9NQH1EWo=,27CMEKVVo72VuwBCRINcrbCmBgk=
40,5,HVEdlz/Q1Ryywa7QuL+9NQH1EWo=,27CMEKVVo72VuwBCRINcrbCmBgk=
39,5,HVEdlz/Q1Ryywa7QuL+9NQH1EWo=,27CMEKVVo72VuwBCRINcrbCmBgk=
42,5,HVEdlz/Q1Ryywa7QuL+9NQH1EWo=,27CMEKVVo72VuwBCRINcrbCmBgk=
38,5,HVEdlz/Q1Ryywa7QuL+9NQH1EWo=,27CMEKVVo72VuwBCRINcrbCmBgk=
38,4,HVEdlz/Q1Ryywa7QuL+9NQH1EWo=,27CMEKVVo72VuwBCRINcrbCmBgk=
37,5,HVEdlz/Q1Ryywa7QuL+9NQH1EWo=,27CMEKVVo72VuwBCRINcrbCmBgk=
39,0,HVEdlz/Q1Ryywa7QuL+9NQH1EWo=,27CMEKVVo72VuwBCRINcrbCmBgk=
35,2,HVEdlz/Q1Ryywa7QuL+9NQH1EWo=,27CMEKVVo72VuwBCRINcrbCmBgk=
47,4,HVEdlz/Q1Ryywa7QuL+9NQH1EWo=,27CMEKVVo72VuwBCRINcrbCmBgk=
46,4,HVEdlz/Q1Ryywa7QuL+9NQH1EWo=,27CMEKVVo72VuwBCRINcrbCmBgk=
36,5,HVEdlz/Q1Ryywa7QuL+9NQH1EWo=,27CMEKVVo72VuwBCRINcrbCmBgk=
45,4,HVEdlz/Q1Ryywa7QuL+9NQH1EWo=,27CMEKVVo72VuwBCRINcrbCmBgk=
35,5,HVEdlz/Q1Ryywa7QuL+9NQH1EWo=,27CMEKVVo72VuwBCRINcrbCmBgk=
44,4,HVEdlz/Q1Ryywa7QuL+9NQH1EWo=,27CMEKVVo72VuwBCRINcrbCmBgk=
43,4,HVEdlz/Q1Ryywa7QuL+9NQH1EWo=,27CMEKVVo72VuwBCRINcrbCmBgk=
34,5,HVEdlz/Q1Ryywa7QuL+9NQH1EWo=,27CMEKVVo72VuwBCRINcrbCmBgk=
33,5,HVEdlz/Q1Ryywa7QuL+9NQH1EWo=,27CMEKVVo72VuwBCRINcrbCmBgk=
39,4,HVEdlz/Q1Ryywa7QuL+9NQH1EWo=,27CMEKVVo72VuwBCRINcrbCmBgk=
32,5,HVEdlz/Q1Ryywa7QuL+9NQH1EWo=,27CMEKVVo72VuwBCRINcrbCmBgk=
41,4,HVEdlz/Q1Ryywa7QuL+9NQH1EWo=,27CMEKVVo72VuwBCRINcrbCmBgk=
38,0,HVEdlz/Q1Ryywa7QuL+9NQH1EWo=,27CMEKVVo72VuwBCRINcrbCmBgk=
40,4,HVEdlz/Q1Ryywa7QuL+9NQH1EWo=,27CMEKVVo72VuwBCRINcrbCmBgk=
42,4,HVEdlz/Q1Ryywa7QuL+9NQH1EWo=,27CMEKVVo72VuwBCRINcrbCmBgk=
47,31,HVEdlz/Q1Ryywa7QuL+9NQH1EWo=,wLzWUwxuAFPLqPg/cnCm3W5G1Qw=
35,16,HVEdlz/Q1Ryywa7QuL+9NQH1EWo=,wLzWUwxuAFPLqPg/cnCm3W5G1Qw=
47,17,HVEdlz/Q1Ryywa7QuL+9NQH1EWo=,wLzWUwxuAFPLqPg/cnCm3W5G1Qw=
44,18,HVEdlz/Q1Ryywa7QuL+9NQH1EWo=,wLzWUwxuAFPLqPg/cnCm3W5G1Qw=
45,18,HVEdlz/Q1Ryywa7QuL+9NQH1EWo=,wLzWUwxuAFPLqPg/cnCm3W5G1Qw=
32,16,HVEdlz/Q1Ryywa7QuL+9NQH1EWo=,wLzWUwxuAFPLqPg/cnCm3W5G1Qw=
43,18,HVEdlz/Q1Ryywa7QuL+9NQH1EWo=,wLzWUwxuAFPLqPg/cnCm3W5G1Qw=
41,18,HVEdlz/Q1Ryywa7QuL+9NQH1EWo=,wLzWUwxuAFPLqPg/cnCm3W5G1Qw=
42,18,HVEdlz/Q1Ryywa7QuL+9NQH1EWo=,wLzWUwxuAFPLqPg/cnCm3W5G1Qw=
40,18,HVEdlz/Q1Ryywa7QuL+9NQH1EWo=,wLzWUwxuAFPLqPg/cnCm3W5G1Qw=
39,18,HVEdlz/Q1Ryywa7QuL+9NQH1EWo=,wLzWUwxuAFPLqPg/cnCm3W5G1Qw=
44,19,HVEdlz/Q1Ryywa7QuL+9NQH1EWo=,wLzWUwxuAFPLqPg/cnCm3W5G1Qw=
38,18,HVEdlz/Q1Ryywa7QuL+9NQH1EWo=,wLzWUwxuAFPLqPg/cnCm3W5G1Qw=
35,18,HVEdlz/Q1Ryywa7QuL+9NQH1EWo=,wLzWUwxuAFPLqPg/cnCm3W5G1Qw=
37,18,HVEdlz/Q1Ryywa7QuL+9NQH1EWo=,wLzWUwxuAFPLqPg/cnCm3W5G1Qw=
36,18,HVEdlz/Q1Ryywa7QuL+9NQH1EWo=,wLzWUwxuAFPLqPg/cnCm3W5G1Qw=
46,18,HVEdlz/Q1Ryywa7QuL+9NQH1EWo=,wLzWUwxuAFPLqPg/cnCm3W5G1Qw=
46,31,HVEdlz/Q1Ryywa7QuL+9NQH1EWo=,wLzWUwxuAFPLqPg/cnCm3W5G1Qw=
34,18,HVEdlz/Q1Ryywa7QuL+9NQH1EWo=,wLzWUwxuAFPLqPg/cnCm3W5G1Qw=
32,18,HVEdlz/Q1Ryywa7QuL+9NQH1EWo=,wLzWUwxuAFPLqPg/cnCm3W5G1Qw=
33,18,HVEdlz/Q1Ryywa7QuL+9NQH1EWo=,wLzWUwxuAFPLqPg/cnCm3W5G1Qw=
43,19,HVEdlz/Q1Ryywa7QuL+9NQH1EWo=,wLzWUwxuAFPLqPg/cnCm3W5G1Qw=
44,31,HVEdlz/Q1Ryywa7QuL+9NQH1EWo=,wLzWUwxuAFPLqPg/cnCm3W5G1Qw=
36,16,HVEdlz/Q1Ryywa7QuL+9NQH1EWo=,wLzWUwxuAFPLqPg/cnCm3W5G1Qw=
45,31,HVEdlz/Q1Ryywa7QuL+9NQH1EWo=,wLzWUwxuAFPLqPg/cnCm3W5G1Qw=
43,31,HVEdlz/Q1Ryywa7QuL+9NQH1EWo=,wLzWUwxuAFPLqPg/cnCm3W5G1Qw=
42,31,HVEdlz/Q1Ryywa7QuL+9NQH1EWo=,wLzWUwxuAFPLqPg/cnCm3W5G1Qw=
41,31,HVEdlz/Q1Ryywa7QuL+9NQH1EWo=,wLzWUwxuAFPLqPg/cnCm3W5G1Qw=
45,19,HVEdlz/Q1Ryywa7QuL+9NQH1EWo=,wLzWUwxuAFPLqPg/cnCm3W5G1Qw=
37,31,HVEdlz/Q1Ryywa7QuL+9NQH1EWo=,wLzWUwxuAFPLqPg/cnCm3W5G1Qw=
39,31,HVEdlz/Q1Ryywa7QuL+9NQH1EWo=,wLzWUwxuAFPLqPg/cnCm3W5G1Qw=
38,31,HVEdlz/Q1Ryywa7QuL+9NQH1EWo=,wLzWUwxuAFPLqPg/cnCm3W5G1Qw=
46,19,HVEdlz/Q1Ryywa7QuL+9NQH1EWo=,wLzWUwxuAFPLqPg/cnCm3W5G1Qw=
36,31,HVEdlz/Q1Ryywa7QuL+9NQH1EWo=,wLzWUwxuAFPLqPg/cnCm3W5G1Qw=
34,16,HVEdlz/Q1Ryywa7QuL+9NQH1EWo=,wLzWUwxuAFPLqPg/cnCm3W5G1Qw=
42,19,HVEdlz/Q1Ryywa7QuL+9NQH1EWo=,wLzWUwxuAFPLqPg/cnCm3W5G1Qw=
47,30,HVEdlz/Q1Ryywa7QuL+9NQH1EWo=,wLzWUwxuAFPLqPg/cnCm3W5G1Qw=
34,31,HVEdlz/Q1Ryywa7QuL+9NQH1EWo=,wLzWUwxuAFPLqPg/cnCm3W5G1Qw=
46,30,HVEdlz/Q1Ryywa7QuL+9NQH1EWo=,wLzWUwxuAFPLqPg/cnCm3W5G1Qw=
32,31,HVEdlz/Q1Ryywa7QuL+9NQH1EWo=,wLzWUwxuAFPLqPg/cnCm3W5G1Qw=
35,31,HVEdlz/Q1Ryywa7QuL+9NQH1EWo=,wLzWUwxuAFPLqPg/cnCm3W5G1Qw=
37,16,HVEdlz/Q1Ryywa7QuL+9NQH1EWo=,wLzWUwxuAFPLqPg/cnCm3W5G1Qw=
45,30,HVEdlz/Q1Ryywa7QuL+9NQH1EWo=,wLzWUwxuAFPLqPg/cnCm3W5G1Qw=
44,30,HVEdlz/Q1Ryywa7QuL+9NQH1EWo=,wLzWUwxuAFPLqPg/cnCm3W5G1Qw=
43,30,HVEdlz/Q1Ryywa7QuL+9NQH1EWo=,wLzWUwxuAFPLqPg/cnCm3W5G1Qw=
40,31,HVEdlz/Q1Ryywa7QuL+9NQH1EWo=,wLzWUwxuAFPLqPg/cnCm3W5G1Qw=
42,30,HVEdlz/Q1Ryywa7QuL+9NQH1EWo=,wLzWUwxuAFPLqPg/cnCm3W5G1Qw=
46,17,HVEdlz/Q1Ryywa7QuL+9NQH1EWo=,wLzWUwxuAFPLqPg/cnCm3W5G1Qw=
33,31,HVEdlz/Q1Ryywa7QuL+9NQH1EWo=,wLzWUwxuAFPLqPg/cnCm3W5G1Qw=
34,17,HVEdlz/Q1Ryywa7QuL+9NQH1EWo=,wLzWUwxuAFPLqPg/cnCm3W5G1Qw=
41,30,HVEdlz/Q1Ryywa7QuL+9NQH1EWo=,wLzWUwxuAFPLqPg/cnCm3W5G1Qw=
40,30,HVEdlz/Q1Ryywa7QuL+9NQH1EWo=,wLzWUwxuAFPLqPg/cnCm3W5G1Qw=
39,30,HVEdlz/Q1Ryywa7QuL+9NQH1EWo=,wLzWUwxuAFPLqPg/cnCm3W5G1Qw=
38,30,HVEdlz/Q1Ryywa7QuL+9NQH1EWo=,wLzWUwxuAFPLqPg/cnCm3W5G1Qw=
47,19,HVEdlz/Q1Ryywa7QuL+9NQH1EWo=,wLzWUwxuAFPLqPg/cnCm3W5G1Qw=
37,30,HVEdlz/Q1Ryywa7QuL+9NQH1EWo=,wLzWUwxuAFPLqPg/cnCm3W5G1Qw=
36,30,HVEdlz/Q1Ryywa7QuL+9NQH1EWo=,wLzWUwxuAFPLqPg/cnCm3W5G1Qw=
33,17,HVEdlz/Q1Ryywa7QuL+9NQH1EWo=,wLzWUwxuAFPLqPg/cnCm3W5G1Qw=
35,30,HVEdlz/Q1Ryywa7QuL+9NQH1EWo=,wLzWUwxuAFPLqPg/cnCm3W5G1Qw=
32,17,HVEdlz/Q1Ryywa7QuL+9NQH1EWo=,wLzWUwxuAFPLqPg/cnCm3W5G1Qw=
47,29,HVEdlz/Q1Ryywa7QuL+9NQH1EWo=,wLzWUwxuAFPLqPg/cnCm3W5G1Qw=
46,29,HVEdlz/Q1Ryywa7QuL+9NQH1EWo=,wLzWUwxuAFPLqPg/cnCm3W5G1Qw=
41,19,HVEdlz/Q1Ryywa7QuL+9NQH1EWo=,wLzWUwxuAFPLqPg/cnCm3W5G1Qw=
45,29,HVEdlz/Q1Ryywa7QuL+9NQH1EWo=,wLzWUwxuAFPLqPg/cnCm3W5G1Qw=
44,29,HVEdlz/Q1Ryywa7QuL+9NQH1EWo=,wLzWUwxuAFPLqPg/cnCm3W5G1Qw=
33,16,HVEdlz/Q1Ryywa7QuL+9NQH1EWo=,wLzWUwxuAFPLqPg/cnCm3W5G1Qw=
34,30,HVEdlz/Q1Ryywa7QuL+9NQH1EWo=,wLzWUwxuAFPLqPg/cnCm3W5G1Qw=
32,30,HVEdlz/Q1Ryywa7QuL+9NQH1EWo=,wLzWUwxuAFPLqPg/cnCm3W5G1Qw=
42,29,HVEdlz/Q1Ryywa7QuL+9NQH1EWo=,wLzWUwxuAFPLqPg/cnCm3W5G1Qw=
43,29,HVEdlz/Q1Ryywa7QuL+9NQH1EWo=,wLzWUwxuAFPLqPg/cnCm3W5G1Qw=
41,29,HVEdlz/Q1Ryywa7QuL+9NQH1EWo=,wLzWUwxuAFPLqPg/cnCm3W5G1Qw=
38,29,HVEdlz/Q1Ryywa7QuL+9NQH1EWo=,wLzWUwxuAFPLqPg/cnCm3W5G1Qw=
39,29,HVEdlz/Q1Ryywa7QuL+9NQH1EWo=,wLzWUwxuAFPLqPg/cnCm3W5G1Qw=
33,30,HVEdlz/Q1Ryywa7QuL+9NQH1EWo=,wLzWUwxuAFPLqPg/cnCm3W5G1Qw=
40,29,HVEdlz/Q1Ryywa7QuL+9NQH1EWo=,wLzWUwxuAFPLqPg/cnCm3W5G1Qw=
32,20,HVEdlz/Q1Ryywa7QuL+9NQH1EWo=,wLzWUwxuAFPLqPg/cnCm3W5G1Qw=
37,29,HVEdlz/Q1Ryywa7QuL+9NQH1EWo=,wLzWUwxuAFPLqPg/cnCm3W5G1Qw=
36,29,HVEdlz/Q1Ryywa7QuL+9NQH1EWo=,wLzWUwxuAFPLqPg/cnCm3W5G1Qw=
45,17,HVEdlz/Q1Ryywa7QuL+9NQH1EWo=,wLzWUwxuAFPLqPg/cnCm3W5G1Qw=
47,16,HVEdlz/Q1Ryywa7QuL+9NQH1EWo=,wLzWUwxuAFPLqPg/cnCm3W5G1Qw=
35,29,HVEdlz/Q1Ryywa7QuL+9NQH1EWo=,wLzWUwxuAFPLqPg/cnCm3W5G1Qw=
47,28,HVEdlz/Q1Ryywa7QuL+9NQH1EWo=,wLzWUwxuAFPLqPg/cnCm3W5G1Qw=
46,28,HVEdlz/Q1Ryywa7QuL+9NQH1EWo=,wLzWUwxuAFPLqPg/cnCm3W5G1Qw=
40,19,HVEdlz/Q1Ryywa7QuL+9NQH1EWo=,wLzWUwxuAFPLqPg/cnCm3W5G1Qw=
44,17,HVEdlz/Q1Ryywa7QuL+9NQH1EWo=,wLzWUwxuAFPLqPg/cnCm3W5G1Qw=
33,20,HVEdlz/Q1Ryywa7QuL+9NQH1EWo=,wLzWUwxuAFPLqPg/cnCm3W5G1Qw=
45,28,HVEdlz/Q1Ryywa7QuL+9NQH1EWo=,wLzWUwxuAFPLqPg/cnCm3W5G1Qw=
43,28,HVEdlz/Q1Ryywa7QuL+9NQH1EWo=,wLzWUwxuAFPLqPg/cnCm3W5G1Qw=
32,29,HVEdlz/Q1Ryywa7QuL+9NQH1EWo=,wLzWUwxuAFPLqPg/cnCm3W5G1Qw=
34,29,HVEdlz/Q1Ryywa7QuL+9NQH1EWo=,wLzWUwxuAFPLqPg/cnCm3W5G1Qw=
44,28,HVEdlz/Q1Ryywa7QuL+9NQH1EWo=,wLzWUwxuAFPLqPg/cnCm3W5G1Qw=
42,28,HVEdlz/Q1Ryywa7QuL+9NQH1EWo=,wLzWUwxuAFPLqPg/cnCm3W5G1Qw=
41,28,HVEdlz/Q1Ryywa7QuL+9NQH1EWo=,wLzWUwxuAFPLqPg/cnCm3W5G1Qw=
40,28,HVEdlz/Q1Ryywa7QuL+9NQH1EWo=,wLzWUwxuAFPLqPg/cnCm3W5G1Qw=
33,29,HVEdlz/Q1Ryywa7QuL+9NQH1EWo=,wLzWUwxuAFPLqPg/cnCm3W5G1Qw=
39,28,HVEdlz/Q1Ryywa7QuL+9NQH1EWo=,wLzWUwxuAFPLqPg/cnCm3W5G1Qw=
34,20,HVEdlz/Q1Ryywa7QuL+9NQH1EWo=,wLzWUwxuAFPLqPg/cnCm3W5G1Qw=
36,28,HVEdlz/Q1Ryywa7QuL+9NQH1EWo=,wLzWUwxuAFPLqPg/cnCm3W5G1Qw=
37,28,HVEdlz/Q1Ryywa7QuL+9NQH1EWo=,wLzWUwxuAFPLqPg/cnCm3W5G1Qw=
38,28,HVEdlz/Q1Ryywa7QuL+9NQH1EWo=,wLzWUwxuAFPLqPg/cnCm3W5G1Qw=
39,19,HVEdlz/Q1Ryywa7QuL+9NQH1EWo=,wLzWUwxuAFPLqPg/cnCm3W5G1Qw=
35,28,HVEdlz/Q1Ryywa7QuL+9NQH1EWo=,wLzWUwxuAFPLqPg/cnCm3W5G1Qw=
35,20,HVEdlz/Q1Ryywa7QuL+9NQH1EWo=,wLzWUwxuAFPLqPg/cnCm3W5G1Qw=
46,27,HVEdlz/Q1Ryywa7QuL+9NQH1EWo=,wLzWUwxuAFPLqPg/cnCm3W5G1Qw=
47,27,HVEdlz/Q1Ryywa7QuL+9NQH1EWo=,wLzWUwxuAFPLqPg/cnCm3W5G1Qw=
43,17,HVEdlz/Q1Ryywa7QuL+9NQH1EWo=,wLzWUwxuAFPLqPg/cnCm3W5G1Qw=
46,16,HVEdlz/Q1Ryywa7QuL+9NQH1EWo=,wLzWUwxuAFPLqPg/cnCm3W5G1Qw=
36,20,HVEdlz/Q1Ryywa7QuL+9NQH1EWo=,wLzWUwxuAFPLqPg/cnCm3W5G1Qw=
45,27,HVEdlz/Q1Ryywa7QuL+9NQH1EWo=,wLzWUwxuAFPLqPg/cnCm3W5G1Qw=
44,27,HVEdlz/Q1Ryywa7QuL+9NQH1EWo=,wLzWUwxuAFPLqPg/cnCm3W5G1Qw=
34,28,HVEdlz/Q1Ryywa7QuL+9NQH1EWo=,wLzWUwxuAFPLqPg/cnCm3W5G1Qw=
37,20,HVEdlz/Q1Ryywa7QuL+9NQH1EWo=,wLzWUwxuAFPLqPg/cnCm3W5G1Qw=
32,28,HVEdlz/Q1Ryywa7QuL+9NQH1EWo=,wLzWUwxuAFPLqPg/cnCm3W5G1Qw=
42,27,HVEdlz/Q1Ryywa7QuL+9NQH1EWo=,wLzWUwxuAFPLqPg/cnCm3W5G1Qw=
41,27,HVEdlz/Q1Ryywa7QuL+9NQH1EWo=,wLzWUwxuAFPLqPg/cnCm3W5G1Qw=
43,27,HVEdlz/Q1Ryywa7QuL+9NQH1EWo=,wLzWUwxuAFPLqPg/cnCm3W5G1Qw=
40,27,HVEdlz/Q1Ryywa7QuL+9NQH1EWo=,wLzWUwxuAFPLqPg/cnCm3W5G1Qw=
33,28,HVEdlz/Q1Ryywa7QuL+9NQH1EWo=,wLzWUwxuAFPLqPg/cnCm3W5G1Qw=
38,20,HVEdlz/Q1Ryywa7QuL+9NQH1EWo=,wLzWUwxuAFPLqPg/cnCm3W5G1Qw=
39,27,HVEdlz/Q1Ryywa7QuL+9NQH1EWo=,wLzWUwxuAFPLqPg/cnCm3W5G1Qw=
38,27,HVEdlz/Q1Ryywa7QuL+9NQH1EWo=,wLzWUwxuAFPLqPg/cnCm3W5G1Qw=
36,27,HVEdlz/Q1Ryywa7QuL+9NQH1EWo=,wLzWUwxuAFPLqPg/cnCm3W5G1Qw=
38,19,HVEdlz/Q1Ryywa7QuL+9NQH1EWo=,wLzWUwxuAFPLqPg/cnCm3W5G1Qw=
37,27,HVEdlz/Q1Ryywa7QuL+9NQH1EWo=,wLzWUwxuAFPLqPg/cnCm3W5G1Qw=
39,20,HVEdlz/Q1Ryywa7QuL+9NQH1EWo=,wLzWUwxuAFPLqPg/cnCm3W5G1Qw=
45,16,HVEdlz/Q1Ryywa7QuL+9NQH1EWo=,wLzWUwxuAFPLqPg/cnCm3W5G1Qw=
42,17,HVEdlz/Q1Ryywa7QuL+9NQH1EWo=,wLzWUwxuAFPLqPg/cnCm3W5G1Qw=
47,26,HVEdlz/Q1Ryywa7QuL+9NQH1EWo=,wLzWUwxuAFPLqPg/cnCm3W5G1Qw=
40,20,HVEdlz/Q1Ryywa7QuL+9NQH1EWo=,wLzWUwxuAFPLqPg/cnCm3W5G1Qw=
35,27,HVEdlz/Q1Ryywa7QuL+9NQH1EWo=,wLzWUwxuAFPLqPg/cnCm3W5G1Qw=
45,26,HVEdlz/Q1Ryywa7QuL+9NQH1EWo=,wLzWUwxuAFPLqPg/cnCm3W5G1Qw=
46,26,HVEdlz/Q1Ryywa7QuL+9NQH1EWo=,wLzWUwxuAFPLqPg/cnCm3W5G1Qw=
44,26,HVEdlz/Q1Ryywa7QuL+9NQH1EWo=,wLzWUwxuAFPLqPg/cnCm3W5G1Qw=
41,20,HVEdlz/Q1Ryywa7QuL+9NQH1EWo=,wLzWUwxuAFPLqPg/cnCm3W5G1Qw=
32,27,HVEdlz/Q1Ryywa7QuL+9NQH1EWo=,wLzWUwxuAFPLqPg/cnCm3W5G1Qw=
33,27,HVEdlz/Q1Ryywa7QuL+9NQH1EWo=,wLzWUwxuAFPLqPg/cnCm3W5G1Qw=
43,26,HVEdlz/Q1Ryywa7QuL+9NQH1EWo=,wLzWUwxuAFPLqPg/cnCm3W5G1Qw=
42,26,HVEdlz/Q1Ryywa7QuL+9NQH1EWo=,wLzWUwxuAFPLqPg/cnCm3W5G1Qw=
42,20,HVEdlz/Q1Ryywa7QuL+9NQH1EWo=,wLzWUwxuAFPLqPg/cnCm3W5G1Qw=
40,26,HVEdlz/Q1Ryywa7QuL+9NQH1EWo=,wLzWUwxuAFPLqPg/cnCm3W5G1Qw=
41,26,HVEdlz/Q1Ryywa7QuL+9NQH1EWo=,wLzWUwxuAFPLqPg/cnCm3W5G1Qw=
39,26,HVEdlz/Q1Ryywa7QuL+9NQH1EWo=,wLzWUwxuAFPLqPg/cnCm3W5G1Qw=
38,26,HVEdlz/Q1Ryywa7QuL+9NQH1EWo=,wLzWUwxuAFPLqPg/cnCm3W5G1Qw=
47,18,HVEdlz/Q1Ryywa7QuL+9NQH1EWo=,wLzWUwxuAFPLqPg/cnCm3W5G1Qw=
44,16,HVEdlz/Q1Ryywa7QuL+9NQH1EWo=,wLzWUwxuAFPLqPg/cnCm3W5G1Qw=
37,26,HVEdlz/Q1Ryywa7QuL+9NQH1EWo=,wLzWUwxuAFPLqPg/cnCm3W5G1Qw=
37,19,HVEdlz/Q1Ryywa7QuL+9NQH1EWo=,wLzWUwxuAFPLqPg/cnCm3W5G1Qw=
43,20,HVEdlz/Q1Ryywa7QuL+9NQH1EWo=,wLzWUwxuAFPLqPg/cnCm3W5G1Qw=
34,27,HVEdlz/Q1Ryywa7QuL+9NQH1EWo=,wLzWUwxuAFPLqPg/cnCm3W5G1Qw=
36,26,HVEdlz/Q1Ryywa7QuL+9NQH1EWo=,wLzWUwxuAFPLqPg/cnCm3W5G1Qw=
41,17,HVEdlz/Q1Ryywa7QuL+9NQH1EWo=,wLzWUwxuAFPLqPg/cnCm3W5G1Qw=
35,26,HVEdlz/Q1Ryywa7QuL+9NQH1EWo=,wLzWUwxuAFPLqPg/cnCm3W5G1Qw=
38,16,HVEdlz/Q1Ryywa7QuL+9NQH1EWo=,wLzWUwxuAFPLqPg/cnCm3W5G1Qw=
47,25,HVEdlz/Q1Ryywa7QuL+9NQH1EWo=,wLzWUwxuAFPLqPg/cnCm3W5G1Qw=
46,25,HVEdlz/Q1Ryywa7QuL+9NQH1EWo=,wLzWUwxuAFPLqPg/cnCm3W5G1Qw=
34,26,HVEdlz/Q1Ryywa7QuL+9NQH1EWo=,wLzWUwxuAFPLqPg/cnCm3W5G1Qw=
44,20,HVEdlz/Q1Ryywa7QuL+9NQH1EWo=,wLzWUwxuAFPLqPg/cnCm3W5G1Qw=
33,26,HVEdlz/Q1Ryywa7QuL+9NQH1EWo=,wLzWUwxuAFPLqPg/cnCm3W5G1Qw=
45,25,HVEdlz/Q1Ryywa7QuL+9NQH1EWo=,wLzWUwxuAFPLqPg/cnCm3W5G1Qw=
44,25,HVEdlz/Q1Ryywa7QuL+9NQH1EWo=,wLzWUwxuAFPLqPg/cnCm3W5G1Qw=
42,25,HVEdlz/Q1Ryywa7QuL+9NQH1EWo=,wLzWUwxuAFPLqPg/cnCm3W5G1Qw=
41,25,HVEdlz/Q1Ryywa7QuL+9NQH1EWo=,wLzWUwxuAFPLqPg/cnCm3W5G1Qw=
43,25,HVEdlz/Q1Ryywa7QuL+9NQH1EWo=,wLzWUwxuAFPLqPg/cnCm3W5G1Qw=
32,26,HVEdlz/Q1Ryywa7QuL+9NQH1EWo=,wLzWUwxuAFPLqPg/cnCm3W5G1Qw=
45,20,HVEdlz/Q1Ryywa7QuL+9NQH1EWo=,wLzWUwxuAFPLqPg/cnCm3W5G1Qw=
40,25,HVEdlz/Q1Ryywa7QuL+9NQH1EWo=,wLzWUwxuAFPLqPg/cnCm3W5G1Qw=
39,25,HVEdlz/Q1Ryywa7QuL+9NQH1EWo=,wLzWUwxuAFPLqPg/cnCm3W5G1Qw=
36,19,HVEdlz/Q1Ryywa7QuL+9NQH1EWo=,wLzWUwxuAFPLqPg/cnCm3W5G1Qw=
43,16,HVEdlz/Q1Ryywa7QuL+9NQH1EWo=,wLzWUwxuAFPLqPg/cnCm3W5G1Qw=
38,25,HVEdlz/Q1Ryywa7QuL+9NQH1EWo=,wLzWUwxuAFPLqPg/cnCm3W5G1Qw=
46,20,HVEdlz/Q1Ryywa7QuL+9NQH1EWo=,wLzWUwxuAFPLqPg/cnCm3W5G1Qw=
36,25,HVEdlz/Q1Ryywa7QuL+9NQH1EWo=,wLzWUwxuAFPLqPg/cnCm3W5G1Qw=
40,17,HVEdlz/Q1Ryywa7QuL+9NQH1EWo=,wLzWUwxuAFPLqPg/cnCm3W5G1Qw=
35,25,HVEdlz/Q1Ryywa7QuL+9NQH1EWo=,wLzWUwxuAFPLqPg/cnCm3W5G1Qw=
47,20,HVEdlz/Q1Ryywa7QuL+9NQH1EWo=,wLzWUwxuAFPLqPg/cnCm3W5G1Qw=
37,25,HVEdlz/Q1Ryywa7QuL+9NQH1EWo=,wLzWUwxuAFPLqPg/cnCm3W5G1Qw=
47,24,HVEdlz/Q1Ryywa7QuL+9NQH1EWo=,wLzWUwxuAFPLqPg/cnCm3W5G1Qw=
46,24,HVEdlz/Q1Ryywa7QuL+9NQH1EWo=,wLzWUwxuAFPLqPg/cnCm3W5G1Qw=
32,25,HVEdlz/Q1Ryywa7QuL+9NQH1EWo=,wLzWUwxuAFPLqPg/cnCm3W5G1Qw=
35,17,HVEdlz/Q1Ryywa7QuL+9NQH1EWo=,wLzWUwxuAFPLqPg/cnCm3W5G1Qw=
45,24,HVEdlz/Q1Ryywa7QuL+9NQH1EWo=,wLzWUwxuAFPLqPg/cnCm3W5G1Qw=
34,25,HVEdlz/Q1Ryywa7QuL+9NQH1EWo=,wLzWUwxuAFPLqPg/cnCm3W5G1Qw=
44,24,HVEdlz/Q1Ryywa7QuL+9NQH1EWo=,wLzWUwxuAFPLqPg/cnCm3W5G1Qw=
43,24,HVEdlz/Q1Ryywa7QuL+9NQH1EWo=,wLzWUwxuAFPLqPg/cnCm3W5G1Qw=
42,24,HVEdlz/Q1Ryywa7QuL+9NQH1EWo=,wLzWUwxuAFPLqPg/cnCm3W5G1Qw=
33,25,HVEdlz/Q1Ryywa7QuL+9NQH1EWo=,wLzWUwxuAFPLqPg/cnCm3W5G1Qw=
41,24,HVEdlz/Q1Ryywa7QuL+9NQH1EWo=,wLzWUwxuAFPLqPg/cnCm3W5G1Qw=
40,24,HVEdlz/Q1Ryywa7QuL+9NQH1EWo=,wLzWUwxuAFPLqPg/cnCm3W5G1Qw=
42,16,HVEdlz/Q1Ryywa7QuL+9NQH1EWo=,wLzWUwxuAFPLqPg/cnCm3W5G1Qw=
35,19,HVEdlz/Q1Ryywa7QuL+9NQH1EWo=,wLzWUwxuAFPLqPg/cnCm3W5G1Qw=
38,24,HVEdlz/Q1Ryywa7QuL+9NQH1EWo=,wLzWUwxuAFPLqPg/cnCm3W5G1Qw=
36,24,HVEdlz/Q1Ryywa7QuL+9NQH1EWo=,wLzWUwxuAFPLqPg/cnCm3W5G1Qw=
39,24,HVEdlz/Q1Ryywa7QuL+9NQH1EWo=,wLzWUwxuAFPLqPg/cnCm3W5G1Qw=
37,24,HVEdlz/Q1Ryywa7QuL+9NQH1EWo=,wLzWUwxuAFPLqPg/cnCm3W5G1Qw=
39,17,HVEdlz/Q1Ryywa7QuL+9NQH1EWo=,wLzWUwxuAFPLqPg/cnCm3W5G1Qw=
35,24,HVEdlz/Q1Ryywa7QuL+9NQH1EWo=,wLzWUwxuAFPLqPg/cnCm3W5G1Qw=
47,23,HVEdlz/Q1Ryywa7QuL+9NQH1EWo=,wLzWUwxuAFPLqPg/cnCm3W5G1Qw=
46,23,HVEdlz/Q1Ryywa7QuL+9NQH1EWo=,wLzWUwxuAFPLqPg/cnCm3W5G1Qw=
45,23,HVEdlz/Q1Ryywa7QuL+9NQH1EWo=,wLzWUwxuAFPLqPg/cnCm3W5G1Qw=
32,21,HVEdlz/Q1Ryywa7QuL+9NQH1EWo=,wLzWUwxuAFPLqPg/cnCm3W5G1Qw=
44,23,HVEdlz/Q1Ryywa7QuL+9NQH1EWo=,wLzWUwxuAFPLqPg/cnCm3W5G1Qw=
43,23,HVEdlz/Q1Ryywa7QuL+9NQH1EWo=,wLzWUwxuAFPLqPg/cnCm3W5G1Qw=
42,23,HVEdlz/Q1Ryywa7QuL+9NQH1EWo=,wLzWUwxuAFPLqPg/cnCm3W5G1Qw=
41,23,HVEdlz/Q1Ryywa7QuL+9NQH1EWo=,wLzWUwxuAFPLqPg/cnCm3W5G1Qw=
41,16,HVEdlz/Q1Ryywa7QuL+9NQH1EWo=,wLzWUwxuAFPLqPg/cnCm3W5G1Qw=
34,19,HVEdlz/Q1Ryywa7QuL+9NQH1EWo=,wLzWUwxuAFPLqPg/cnCm3W5G1Qw=
33,24,HVEdlz/Q1Ryywa7QuL+9NQH1EWo=,wLzWUwxuAFPLqPg/cnCm3W5G1Qw=
34,24,HVEdlz/Q1Ryywa7QuL+9NQH1EWo=,wLzWUwxuAFPLqPg/cnCm3W5G1Qw=
40,23,HVEdlz/Q1Ryywa7QuL+9NQH1EWo=,wLzWUwxuAFPLqPg/cnCm3W5G1Qw=
39,23,HVEdlz/Q1Ryywa7QuL+9NQH1EWo=,wLzWUwxuAFPLqPg/cnCm3W5G1Qw=
32,24,HVEdlz/Q1Ryywa7QuL+9NQH1EWo=,wLzWUwxuAFPLqPg/cnCm3W5G1Qw=
38,23,HVEdlz/Q1Ryywa7QuL+9NQH1EWo=,wLzWUwxuAFPLqPg/cnCm3W5G1Qw=
36,23,HVEdlz/Q1Ryywa7QuL+9NQH1EWo=,wLzWUwxuAFPLqPg/cnCm3W5G1Qw=
33,21,HVEdlz/Q1Ryywa7QuL+9NQH1EWo=,wLzWUwxuAFPLqPg/cnCm3W5G1Qw=
37,23,HVEdlz/Q1Ryywa7QuL+9NQH1EWo=,wLzWUwxuAFPLqPg/cnCm3W5G1Qw=
38,17,HVEdlz/Q1Ryywa7QuL+9NQH1EWo=,wLzWUwxuAFPLqPg/cnCm3W5G1Qw=
47,22,HVEdlz/Q1Ryywa7QuL+9NQH1EWo=,wLzWUwxuAFPLqPg/cnCm3W5G1Qw=
46,22,HVEdlz/Q1Ryywa7QuL+9NQH1EWo=,wLzWUwxuAFPLqPg/cnCm3W5G1Qw=
34,21,HVEdlz/Q1Ryywa7QuL+9NQH1EWo=,wLzWUwxuAFPLqPg/cnCm3W5G1Qw=
45,22,HVEdlz/Q1Ryywa7QuL+9NQH1EWo=,wLzWUwxuAFPLqPg/cnCm3W5G1Qw=
44,22,HVEdlz/Q1Ryywa7QuL+9NQH1EWo=,wLzWUwxuAFPLqPg/cnCm3W5G1Qw=
35,21,HVEdlz/Q1Ryywa7QuL+9NQH1EWo=,wLzWUwxuAFPLqPg/cnCm3W5G1Qw=
43,22,HVEdlz/Q1Ryywa7QuL+9NQH1EWo=,wLzWUwxuAFPLqPg/cnCm3W5G1Qw=
42,22,HVEdlz/Q1Ryywa7QuL+9NQH1EWo=,wLzWUwxuAFPLqPg/cnCm3W5G1Qw=
40,16,HVEdlz/Q1Ryywa7QuL+9NQH1EWo=,wLzWUwxuAFPLqPg/cnCm3W5G1Qw=
35,23,HVEdlz/Q1Ryywa7QuL+9NQH1EWo=,wLzWUwxuAFPLqPg/cnCm3W5G1Qw=
33,19,HVEdlz/Q1Ryywa7QuL+9NQH1EWo=,wLzWUwxuAFPLqPg/cnCm3W5G1Qw=
36,21,HVEdlz/Q1Ryywa7QuL+9NQH1EWo=,wLzWUwxuAFPLqPg/cnCm3W5G1Qw=
40,22,HVEdlz/Q1Ryywa7QuL+9NQH1EWo=,wLzWUwxuAFPLqPg/cnCm3W5G1Qw=
41,22,HVEdlz/Q1Ryywa7QuL+9NQH1EWo=,wLzWUwxuAFPLqPg/cnCm3W5G1Qw=
39,22,HVEdlz/Q1Ryywa7QuL+9NQH1EWo=,wLzWUwxuAFPLqPg/cnCm3W5G1Qw=
37,21,HVEdlz/Q1Ryywa7QuL+9NQH1EWo=,wLzWUwxuAFPLqPg/cnCm3W5G1Qw=
34,23,HVEdlz/Q1Ryywa7QuL+9NQH1EWo=,wLzWUwxuAFPLqPg/cnCm3W5G1Qw=
38,22,HVEdlz/Q1Ryywa7QuL+9NQH1EWo=,wLzWUwxuAFPLqPg/cnCm3W5G1Qw=
38,21,HVEdlz/Q1Ryywa7QuL+9NQH1EWo=,wLzWUwxuAFPLqPg/cnCm3W5G1Qw=
35,22,HVEdlz/Q1Ryywa7QuL+9NQH1EWo=,wLzWUwxuAFPLqPg/cnCm3W5G1Qw=
36,22,HVEdlz/Q1Ryywa7QuL+9NQH1EWo=,wLzWUwxuAFPLqPg/cnCm3W5G1Qw=
37,22,HVEdlz/Q1Ryywa7QuL+9NQH1EWo=,wLzWUwxuAFPLqPg/cnCm3W5G1Qw=
39,21,HVEdlz/Q1Ryywa7QuL+9NQH1EWo=,wLzWUwxuAFPLqPg/cnCm3W5G1Qw=
37,17,HVEdlz/Q1Ryywa7QuL+9NQH1EWo=,wLzWUwxuAFPLqPg/cnCm3W5G1Qw=
34,22,HVEdlz/Q1Ryywa7QuL+9NQH1EWo=,wLzWUwxuAFPLqPg/cnCm3W5G1Qw=
33,23,HVEdlz/Q1Ryywa7QuL+9NQH1EWo=,wLzWUwxuAFPLqPg/cnCm3W5G1Qw=
40,21,HVEdlz/Q1Ryywa7QuL+9NQH1EWo=,wLzWUwxuAFPLqPg/cnCm3W5G1Qw=
46,21,HVEdlz/Q1Ryywa7QuL+9NQH1EWo=,wLzWUwxuAFPLqPg/cnCm3W5G1Qw=
47,21,HVEdlz/Q1Ryywa7QuL+9NQH1EWo=,wLzWUwxuAFPLqPg/cnCm3W5G1Qw=
45,21,HVEdlz/Q1Ryywa7QuL+9NQH1EWo=,wLzWUwxuAFPLqPg/cnCm3W5G1Qw=
41,21,HVEdlz/Q1Ryywa7QuL+9NQH1EWo=,wLzWUwxuAFPLqPg/cnCm3W5G1Qw=
44,21,HVEdlz/Q1Ryywa7QuL+9NQH1EWo=,wLzWUwxuAFPLqPg/cnCm3W5G1Qw=
43,21,HVEdlz/Q1Ryywa7QuL+9NQH1EWo=,wLzWUwxuAFPLqPg/cnCm3W5G1Qw=
32,23,HVEdlz/Q1Ryywa7QuL+9NQH1EWo=,wLzWUwxuAFPLqPg/cnCm3W5G1Qw=
39,16,HVEdlz/Q1Ryywa7QuL+9NQH1EWo=,wLzWUwxuAFPLqPg/cnCm3W5G1Qw=
42,21,HVEdlz/Q1Ryywa7QuL+9NQH1EWo=,wLzWUwxuAFPLqPg/cnCm3W5G1Qw=
36,17,HVEdlz/Q1Ryywa7QuL+9NQH1EWo=,wLzWUwxuAFPLqPg/cnCm3W5G1Qw=
32,19,HVEdlz/Q1Ryywa7QuL+9NQH1EWo=,wLzWUwxuAFPLqPg/cnCm3W5G1Qw=
32,22,HVEdlz/Q1Ryywa7QuL+9NQH1EWo=,wLzWUwxuAFPLqPg/cnCm3W5G1Qw=
33,22,HVEdlz/Q1Ryywa7QuL+9NQH1EWo=,wLzWUwxuAFPLqPg/cnCm3W5G1Qw=
