31,-1,UGpAQSNSXWLutPBDaWkTZY0FJjc=,62ZEf02y49WKCcWcENugerxrVjk=
16,-16,UGpAQSNSXWLutPBDaWkTZY0FJjc=,62ZEf02y49WKCcWcENugerxrVjk=
19,-16,UGpAQSNSXWLutPBDaWkTZY0FJjc=,62ZEf02y49WKCcWcENugerxrVjk=
29,-14,UGpAQSNSXWLutPBDaWkTZY0FJjc=,62ZEf02y49WKCcWcENugerxrVjk=
31,-15,UGpAQSNSXWLutPBDaWkTZY0FJjc=,62ZEf02y49WKCcWcENugerxrVjk=
25,-14,UGpAQSNSXWLutPBDaWkTZY0FJjc=,62ZEf02y49WKCcWcENugerxrVjk=
26,-14,UGpAQSNSXWLutPBDaWkTZY0FJjc=,62ZEf02y49WKCcWcENugerxrVjk=
21,-14,UGpAQSNSXWLutPBDaWkTZY0FJjc=,62ZEf02y49WKCcWcENugerxrVjk=
19,-14,UGpAQSNSXWLutPBDaWkTZY0FJjc=,62ZEf02y49WKCcWcENugerxrVjk=
20,-14,UGpAQSNSXWLutPBDaWkTZY0FJjc=,62ZEf02y49WKCcWcENugerxrVjk=
30,-1,UGpAQSNSXWLutPBDaWkTZY0FJjc=,62ZEf02y49WKCcWcENugerxrVjk=
16,-14,UGpAQSNSXWLutPBDaWkTZY0FJjc=,62ZEf02y49WKCcWcENugerxrVjk=
27,-14,UGpAQSNSXWLutPBDaWkTZY0FJjc=,62ZEf02y49WKCcWcENugerxrVjk=
18,-14,UGpAQSNSXWLutPBDaWkTZY0FJjc=,62ZEf02y49WKCcWcENugerxrVjk=
17,-14,UGpAQSNSXWLutPBDaWkTZY0FJjc=,62ZEf02y49WKCcWcENugerxrVjk=
29,-1,UGpAQSNSXWLutPBDaWkTZY0FJjc=,62ZEf02y49WKCcWcENugerxrVjk=
23,-14,UGpAQSNSXWLutPBDaWkTZY0FJjc=,62ZEf02y49WKCcWcENugerxrVjk=
24,-1,UGpAQSNSXWLutPBDaWkTZY0FJjc=,62ZEf02y49WKCcWcENugerxrVjk=
23,-1,UGpAQSNSXWLutPBDaWkTZY0FJjc=,62ZEf02y49WKCcWcENugerxrVjk=
28,-14,UGpAQSNSXWLutPBDaWkTZY0FJjc=,62ZEf02y49WKCcWcENugerxrVjk=
26,-1,UGpAQSNSXWLutPBDaWkTZY0FJjc=,62ZEf02y49WKCcWcENugerxrVjk=
25,-1,UGpAQSNSXWLutPBDaWkTZY0FJjc=,62ZEf02y49WKCcWcENugerxrVjk=
18,-16,UGpAQSNSXWLutPBDaWkTZY0FJjc=,62ZEf02y49WKCcWcENugerxrVjk=
19,-1,UGpAQSNSXWLutPBDaWkTZY0FJjc=,62ZEf02y49WKCcWcENugerxrVjk=
22,-1,UGpAQSNSXWLutPBDaWkTZY0FJjc=,62ZEf02y49WKCcWcENugerxrVjk=
24,-14,UGpAQSNSXWLutPBDaWkTZY0FJjc=,62ZEf02y49WKCcWcENugerxrVjk=
18,-1,UGpAQSNSXWLutPBDaWkTZY0FJjc=,62ZEf02y49WKCcWcENugerxrVjk=
16,-1,UGpAQSNSXWLutPBDaWkTZY0FJjc=,62ZEf02y49WKCcWcENugerxrVjk=
28,-13,UGpAQSNSXWLutPBDaWkTZY0FJjc=,62ZEf02y49WKCcWcENugerxrVjk=
21,-1,UGpAQSNSXWLutPBDaWkTZY0FJjc=,62ZEf02y49WKCcWcENugerxrVjk=
31,-2,UGpAQSNSXWLutPBDaWkTZY0FJjc=,62ZEf02y49WKCcWcENugerxrVjk=
20,-1,UGpAQSNSXWLutPBDaWkTZY0FJjc=,62ZEf02y49WKCcWcENugerxrVjk=
27,-1,UGpAQSNSXWLutPBDaWkTZY0FJjc=,62ZEf02y49WKCcWcENugerxrVjk=
24,-2,UGpAQSNSXWLutPBDaWkTZY0FJjc=,62ZEf02y49WKCcWcENugerxrVjk=
26,-2,UGpAQSNSXWLutPBDaWkTZY0FJjc=,62ZEf02y49WKCcWcENugerxrVjk=
25,-2,UGpAQSNSXWLutPBDaWkTZY0FJjc=,62ZEf02y49WKCcWcENugerxrVjk=
30,-15,UGpAQSNSXWLutPBDaWkTZY0FJjc=,62ZEf02y49WKCcWcENugerxrVjk=
23,-2,UGpAQSNSXWLutPBDaWkTZY0FJjc=,62ZEf02y49WKCcWcENugerxrVjk=
17,-1,UGpAQSNSXWLutPBDaWkTZY0FJjc=,62ZEf02y49WKCcWcENugerxrVjk=
30,-2,UGpAQSNSXWLutPBDaWkTZY0FJjc=,62ZEf02y49WKCcWcENugerxrVjk=
22,-14,UGpAQSNSXWLutPBDaWkTZY0FJjc=,62ZEf02y49WKCcWcENugerxrVjk=
27,-13,UGpAQSNSXWLutPBDaWkTZY0FJjc=,62ZEf02y49WKCcWcENugerxrVjk=
16,-15,UGpAQSNSXWLutPBDaWkTZY0FJjc=,62ZEf02y49WKCcWcENugerxrVjk=
29,-2,UGpAQSNSXWLutPBDaWkTZY0FJjc=,62ZEf02y49WKCcWcENugerxrVjk=
28,-2,UGpAQSNSXWLutPBDaWkTZY0FJjc=,62ZEf02y49WKCcWcENugerxrVjk=
27,-2,UGpAQSNSXWLutPBDaWkTZY0FJjc=,62ZEf02y49WKCcWcENugerxrVjk=
16,-2,UGpAQSNSXWLutPBDaWkTZY0FJjc=,62ZEf02y49WKCcWcENugerxrVjk=
20,-2,UGpAQSNSXWLutPBDaWkTZY0FJjc=,62ZEf02y49WKCcWcENugerxrVjk=
31,-3,UGpAQSNSXWLutPBDaWkTZY0FJjc=,62ZEf02y49WKCcWcENugerxrVjk=
28,-1,UGpAQSNSXWLutPBDaWkTZY0FJjc=,62ZEf02y49WKCcWcENugerxrVjk=
17,-2,UGpAQSNSXWLutPBDaWkTZY0FJjc=,62ZEf02y49WKCcWcENugerxrVjk=
30,-14,UGpAQSNSXWLutPBDaWkTZY0FJjc=,62ZEf02y49WKCcWcENugerxrVjk=
26,-13,UGpAQSNSXWLutPBDaWkTZY0FJjc=,62ZEf02y49WKCcWcENugerxrVjk=
17,-16,UGpAQSNSXWLutPBDaWkTZY0FJjc=,62ZEf02y49WKCcWcENugerxrVjk=
25,-3,UGpAQSNSXWLutPBDaWkTZY0FJjc=,62ZEf02y49WKCcWcENugerxrVjk=
30,-3,UGpAQSNSXWLutPBDaWkTZY0FJjc=,62ZEf02y49WKCcWcENugerxrVjk=
23,-3,UGpAQSNSXWLutPBDaWkTZY0FJjc=,62ZEf02y49WKCcWcENugerxrVjk=
24,-3,UGpAQSNSXWLutPBDaWkTZY0FJjc=,62ZEf02y49WKCcWcENugerxrVjk=
29,-3,UGpAQSNSXWLutPBDaWkTZY0FJjc=,62ZEf02y49WKCcWcENugerxrVjk=
22,-2,UGpAQSNSXWLutPBDaWkTZY0FJjc=,62ZEf02y49WKCcWcENugerxrVjk=
17,-15,UGpAQSNSXWLutPBDaWkTZY0FJjc=,62ZEf02y49WKCcWcENugerxrVjk=
27,-3,UGpAQSNSXWLutPBDaWkTZY0FJjc=,62ZEf02y49WKCcWcENugerxrVjk=
19,-2,UGpAQSNSXWLutPBDaWkTZY0FJjc=,62ZEf02y49WKCcWcENugerxrVjk=
21,-3,UGpAQSNSXWLutPBDaWkTZY0FJjc=,62ZEf02y49WKCcWcENugerxrVjk=
19,-3,UGpAQSNSXWLutPBDaWkTZY0FJjc=,62ZEf02y49WKCcWcENugerxrVjk=
20,-3,UGpAQSNSXWLutPBDaWkTZY0FJjc=,62ZEf02y49WKCcWcENugerxrVjk=
31,-16,UGpAQSNSXWLutPBDaWkTZY0FJjc=,62ZEf02y49WKCcWcENugerxrVjk=
21,-2,UGpAQSNSXWLutPBDaWkTZY0FJjc=,62ZEf02y49WKCcWcENugerxrVjk=
31,-4,UGpAQSNSXWLutPBDaWkTZY0FJjc=,62ZEf02y49WKCcWcENugerxrVjk=
26,-3,UGpAQSNSXWLutPBDaWkTZY0FJjc=,62ZEf02y49WKCcWcENugerxrVjk=
22,-3,UGpAQSNSXWLutPBDaWkTZY0FJjc=,62ZEf02y49WKCcWcENugerxrVjk=
30,-4,UGpAQSNSXWLutPBDaWkTZY0FJjc=,62ZEf02y49WKCcWcENugerxrVjk=
16,-3,UGpAQSNSXWLutPBDaWkTZY0FJjc=,62ZEf02y49WKCcWcENugerxrVjk=
18,-3,UGpAQSNSXWLutPBDaWkTZY0FJjc=,62ZEf02y49WKCcWcENugerxrVjk=
28,-3,UGpAQSNSXWLutPBDaWkTZY0FJjc=,62ZEf02y49WKCcWcENugerxrVjk=
26,-4,UGpAQSNSXWLutPBDaWkTZY0FJjc=,62ZEf02y49WKCcWcENugerxrVjk=
18,-2,UGpAQSNSXWLutPBDaWkTZY0FJjc=,62ZEf02y49WKCcWcENugerxrVjk=
28,-15,UGpAQSNSXWLutPBDaWkTZY0FJjc=,62ZEf02y49WKCcWcENugerxrVjk=
22,-4,UGpAQSNSXWLutPBDaWkTZY0FJjc=,62ZEf02y49WKCcWcENugerxrVjk=
20,-16,UGpAQSNSXWLutPBDaWkTZY0FJjc=,62ZEf02y49WKCcWcENugerxrVjk=
25,-4,UGpAQSNSXWLutPBDaWkTZY0FJjc=,62ZEf02y49WKCcWcENugerxrVjk=
21,-4,UGpAQSNSXWLutPBDaWkTZY0FJjc=,62ZEf02y49WKCcWcENugerxrVjk=
20,-4,UGpAQSNSXWLutPBDaWkTZY0FJjc=,62ZEf02y49WKCcWcENugerxrVjk=
24,-4,UGpAQSNSXWLutPBDaWkTZY0FJjc=,62ZEf02y49WKCcWcENugerxrVjk=
29,-15,UGpAQSNSXWLutPBDaWkTZY0FJjc=,62ZEf02y49WKCcWcENugerxrVjk=
27,-4,UGpAQSNSXWLutPBDaWkTZY0FJjc=,62ZEf02y49WKCcWcENugerxrVjk=
28,-4,UGpAQSNSXWLutPBDaWkTZY0FJjc=,62ZEf02y49WKCcWcENugerxrVjk=
25,-13,UGpAQSNSXWLutPBDaWkTZY0FJjc=,62ZEf02y49WKCcWcENugerxrVjk=
24,-13,UGpAQSNSXWLutPBDaWkTZY0FJjc=,62ZEf02y49WKCcWcENugerxrVjk=
18,-4,UGpAQSNSXWLutPBDaWkTZY0FJjc=,62ZEf02y49WKCcWcENugerxrVjk=
17,-3,UGpAQSNSXWLutPBDaWkTZY0FJjc=,62ZEf02y49WKCcWcENugerxrVjk=
23,-4,UGpAQSNSXWLutPBDaWkTZY0FJjc=,62ZEf02y49WKCcWcENugerxrVjk=
19,-4,UGpAQSNSXWLutPBDaWkTZY0FJjc=,62ZEf02y49WKCcWcENugerxrVjk=
29,-4,UGpAQSNSXWLutPBDaWkTZY0FJjc=,62ZEf02y49WKCcWcENugerxrVjk=
17,-4,UGpAQSNSXWLutPBDaWkTZY0FJjc=,62ZEf02y49WKCcWcENugerxrVjk=
23,-13,UGpAQSNSXWLutPBDaWkTZY0FJjc=,62ZEf02y49WKCcWcENugerxrVjk=
30,-16,UGpAQSNSXWLutPBDaWkTZY0FJjc=,62ZEf02y49WKCcWcENugerxrVjk=
26,-5,UGpAQSNSXWLutPBDaWkTZY0FJjc=,62ZEf02y49WKCcWcENugerxrVjk=
22,-5,UGpAQSNSXWLutPBDaWkTZY0FJjc=,62ZEf02y49WKCcWcENugerxrVjk=
29,-5,UGpAQSNSXWLutPBDaWkTZY0FJjc=,62ZEf02y49WKCcWcENugerxrVjk=
25,-5,UGpAQSNSXWLutPBDaWkTZY0FJjc=,62ZEf02y49WKCcWcENugerxrVjk=
21,-5,UGpAQSNSXWLutPBDaWkTZY0FJjc=,62ZEf02y49WKCcWcENugerxrVjk=
16,-4,UGpAQSNSXWLutPBDaWkTZY0FJjc=,62ZEf02y49WKCcWcENugerxrVjk=
24,-5,UGpAQSNSXWLutPBDaWkTZY0FJjc=,62ZEf02y49WKCcWcENugerxrVjk=
30,-5,UGpAQSNSXWLutPBDaWkTZY0FJjc=,62ZEf02y49WKCcWcENugerxrVjk=
31,-5,UGpAQSNSXWLutPBDaWkTZY0FJjc=,62ZEf02y49WKCcWcENugerxrVjk=
20,-5,UGpAQSNSXWLutPBDaWkTZY0FJjc=,62ZEf02y49WKCcWcENugerxrVjk=
29,-16,UGpAQSNSXWLutPBDaWkTZY0FJjc=,62ZEf02y49WKCcWcENugerxrVjk=
17,-5,UGpAQSNSXWLutPBDaWkTZY0FJjc=,62ZEf02y49WKCcWcENugerxrVjk=
19,-5,UGpAQSNSXWLutPBDaWkTZY0FJjc=,62ZEf02y49WKCcWcENugerxrVjk=
22,-13,UGpAQSNSXWLutPBDaWkTZY0FJjc=,62ZEf02y49WKCcWcENugerxrVjk=
23,-5,UGpAQSNSXWLutPBDaWkTZY0FJjc=,62ZEf02y49WKCcWcENugerxrVjk=
27,-5,UGpAQSNSXWLutPBDaWkTZY0FJjc=,62ZEf02y49WKCcWcENugerxrVjk=
29,-13,UGpAQSNSXWLutPBDaWkTZY0FJjc=,62ZEf02y49WKCcWcENugerxrVjk=
26,-6,UGpAQSNSXWLutPBDaWkTZY0FJjc=,62ZEf02y49WKCcWcENugerxrVjk=
16,-5,UGpAQSNSXWLutPBDaWkTZY0FJjc=,62ZEf02y49WKCcWcENugerxrVjk=
18,-5,UGpAQSNSXWLutPBDaWkTZY0FJjc=,62ZEf02y49WKCcWcENugerxrVjk=
28,-5,UGpAQSNSXWLutPBDaWkTZY0FJjc=,62ZEf02y49WKCcWcENugerxrVjk=
30,-6,UGpAQSNSXWLutPBDaWkTZY0FJjc=,62ZEf02y49WKCcWcENugerxrVjk=
25,-6,UGpAQSNSXWLutPBDaWkTZY0FJjc=,62ZEf02y49WKCcWcENugerxrVjk=
24,-6,UGpAQSNSXWLutPBDaWkTZY0FJjc=,62ZEf02y49WKCcWcENugerxrVjk=
20,-6,UGpAQSNSXWLutPBDaWkTZY0FJjc=,62ZEf02y49WKCcWcENugerxrVjk=
19,-6,UGpAQSNSXWLutPBDaWkTZY0FJjc=,62ZEf02y49WKCcWcENugerxrVjk=
23,-6,UGpAQSNSXWLutPBDaWkTZY0FJjc=,62ZEf02y49WKCcWcENugerxrVjk=
29,-6,UGpAQSNSXWLutPBDaWkTZY0FJjc=,62ZEf02y49WKCcWcENugerxrVjk=
21,-13,UGpAQSNSXWLutPBDaWkTZY0FJjc=,62ZEf02y49WKCcWcENugerxrVjk=
27,-15,UGpAQSNSXWLutPBDaWkTZY0FJjc=,62ZEf02y49WKCcWcENugerxrVjk=
22,-6,UGpAQSNSXWLutPBDaWkTZY0FJjc=,62ZEf02y49WKCcWcENugerxrVjk=
18,-6,UGpAQSNSXWLutPBDaWkTZY0FJjc=,62ZEf02y49WKCcWcENugerxrVjk=
17,-6,UGpAQSNSXWLutPBDaWkTZY0FJjc=,62ZEf02y49WKCcWcENugerxrVjk=
31,-6,UGpAQSNSXWLutPBDaWkTZY0FJjc=,62ZEf02y49WKCcWcENugerxrVjk=
26,-15,UGpAQSNSXWLutPBDaWkTZY0FJjc=,62ZEf02y49WKCcWcENugerxrVjk=
27,-6,UGpAQSNSXWLutPBDaWkTZY0FJjc=,62ZEf02y49WKCcWcENugerxrVjk=
21,-6,UGpAQSNSXWLutPBDaWkTZY0FJjc=,62ZEf02y49WKCcWcENugerxrVjk=
25,-15,UGpAQSNSXWLutPBDaWkTZY0FJjc=,62ZEf02y49WKCcWcENugerxrVjk=
28,-16,UGpAQSNSXWLutPBDaWkTZY0FJjc=,62ZEf02y49WKCcWcENugerxrVjk=
31,-7,UGpAQSNSXWLutPBDaWkTZY0FJjc=,62ZEf02y49WKCcWcENugerxrVjk=
28,-6,UGpAQSNSXWLutPBDaWkTZY0FJjc=,62ZEf02y49WKCcWcENugerxrVjk=
16,-6,UGpAQSNSXWLutPBDaWkTZY0FJjc=,62ZEf02y49WKCcWcENugerxrVjk=
20,-13,UGpAQSNSXWLutPBDaWkTZY0FJjc=,62ZEf02y49WKCcWcENugerxrVjk=
22,-7,UGpAQSNSXWLutPBDaWkTZY0FJjc=,62ZEf02y49WKCcWcENugerxrVjk=
20,-7,UGpAQSNSXWLutPBDaWkTZY0FJjc=,62ZEf02y49WKCcWcENugerxrVjk=
21,-7,UGpAQSNSXWLutPBDaWkTZY0FJjc=,62ZEf02y49WKCcWcENugerxrVjk=
19,-7,UGpAQSNSXWLutPBDaWkTZY0FJjc=,62ZEf02y49WKCcWcENugerxrVjk=
17,-7,UGpAQSNSXWLutPBDaWkTZY0FJjc=,62ZEf02y49WKCcWcENugerxrVjk=
27,-7,UGpAQSNSXWLutPBDaWkTZY0FJjc=,62ZEf02y49WKCcWcENugerxrVjk=
30,-13,UGpAQSNSXWLutPBDaWkTZY0FJjc=,62ZEf02y49WKCcWcENugerxrVjk=
16,-7,UGpAQSNSXWLutPBDaWkTZY0FJjc=,62ZEf02y49WKCcWcENugerxrVjk=
18,-7,UGpAQSNSXWLutPBDaWkTZY0FJjc=,62ZEf02y49WKCcWcENugerxrVjk=
24,-15,UGpAQSNSXWLutPBDaWkTZY0FJjc=,62ZEf02y49WKCcWcENugerxrVjk=
30,-7,UGpAQSNSXWLutPBDaWkTZY0FJjc=,62ZEf02y49WKCcWcENugerxrVjk=
28,-7,UGpAQSNSXWLutPBDaWkTZY0FJjc=,62ZEf02y49WKCcWcENugerxrVjk=
26,-7,UGpAQSNSXWLutPBDaWkTZY0FJjc=,62ZEf02y49WKCcWcENugerxrVjk=
24,-7,UGpAQSNSXWLutPBDaWkTZY0FJjc=,62ZEf02y49WKCcWcENugerxrVjk=
23,-7,UGpAQSNSXWLutPBDaWkTZY0FJjc=,62ZEf02y49WKCcWcENugerxrVjk=
30,-8,UGpAQSNSXWLutPBDaWkTZY0FJjc=,62ZEf02y49WKCcWcENugerxrVjk=
31,-8,UGpAQSNSXWLutPBDaWkTZY0FJjc=,62ZEf02y49WKCcWcENugerxrVjk=
22,-8,UGpAQSNSXWLutPBDaWkTZY0FJjc=,62ZEf02y49WKCcWcENugerxrVjk=
27,-16,UGpAQSNSXWLutPBDaWkTZY0FJjc=,62ZEf02y49WKCcWcENugerxrVjk=
29,-7,UGpAQSNSXWLutPBDaWkTZY0FJjc=,62ZEf02y49WKCcWcENugerxrVjk=
19,-13,UGpAQSNSXWLutPBDaWkTZY0FJjc=,62ZEf02y49WKCcWcENugerxrVjk=
21,-8,UGpAQSNSXWLutPBDaWkTZY0FJjc=,62ZEf02y49WKCcWcENugerxrVjk=
20,-8,UGpAQSNSXWLutPBDaWkTZY0FJjc=,62ZEf02y49WKCcWcENugerxrVjk=
31,-13,UGpAQSNSXWLutPBDaWkTZY0FJjc=,62ZEf02y49WKCcWcENugerxrVjk=
28,-8,UGpAQSNSXWLutPBDaWkTZY0FJjc=,62ZEf02y49WKCcWcENugerxrVjk=
16,-12,UGpAQSNSXWLutPBDaWkTZY0FJjc=,62ZEf02y49WKCcWcENugerxrVjk=
25,-7,UGpAQSNSXWLutPBDaWkTZY0FJjc=,62ZEf02y49WKCcWcENugerxrVjk=
19,-8,UGpAQSNSXWLutPBDaWkTZY0FJjc=,62ZEf02y49WKCcWcENugerxrVjk=
23,-8,UGpAQSNSXWLutPBDaWkTZY0FJjc=,62ZEf02y49WKCcWcENugerxrVjk=
16,-8,UGpAQSNSXWLutPBDaWkTZY0FJjc=,62ZEf02y49WKCcWcENugerxrVjk=
25,-8,UGpAQSNSXWLutPBDaWkTZY0FJjc=,62ZEf02y49WKCcWcENugerxrVjk=
17,-8,UGpAQSNSXWLutPBDaWkTZY0FJjc=,62ZEf02y49WKCcWcENugerxrVjk=
30,-9,UGpAQSNSXWLutPBDaWkTZY0FJjc=,62ZEf02y49WKCcWcENugerxrVjk=
18,-8,UGpAQSNSXWLutPBDaWkTZY0FJjc=,62ZEf02y49WKCcWcENugerxrVjk=
31,-9,UGpAQSNSXWLutPBDaWkTZY0FJjc=,62ZEf02y49WKCcWcENugerxrVjk=
24,-8,UGpAQSNSXWLutPBDaWkTZY0FJjc=,62ZEf02y49WKCcWcENugerxrVjk=
29,-9,UGpAQSNSXWLutPBDaWkTZY0FJjc=,62ZEf02y49WKCcWcENugerxrVjk=
29,-8,UGpAQSNSXWLutPBDaWkTZY0FJjc=,62ZEf02y49WKCcWcENugerxrVjk=
25,-9,UGpAQSNSXWLutPBDaWkTZY0FJjc=,62ZEf02y49WKCcWcENugerxrVjk=
26,-8,UGpAQSNSXWLutPBDaWkTZY0FJjc=,62ZEf02y49WKCcWcENugerxrVjk=
22,-9,UGpAQSNSXWLutPBDaWkTZY0FJjc=,62ZEf02y49WKCcWcENugerxrVjk=
21,-9,UGpAQSNSXWLutPBDaWkTZY0FJjc=,62ZEf02y49WKCcWcENugerxrVjk=
27,-8,UGpAQSNSXWLutPBDaWkTZY0FJjc=,62ZEf02y49WKCcWcENugerxrVjk=
25,-16,UGpAQSNSXWLutPBDaWkTZY0FJjc=,62ZEf02y49WKCcWcENugerxrVjk=
24,-9,UGpAQSNSXWLutPBDaWkTZY0FJjc=,62ZEf02y49WKCcWcENugerxrVjk=
19,-9,UGpAQSNSXWLutPBDaWkTZY0FJjc=,62ZEf02y49WKCcWcENugerxrVjk=
23,-15,UGpAQSNSXWLutPBDaWkTZY0FJjc=,62ZEf02y49WKCcWcENugerxrVjk=
20,-9,UGpAQSNSXWLutPBDaWkTZY0FJjc=,62ZEf02y49WKCcWcENugerxrVjk=
18,-13,UGpAQSNSXWLutPBDaWkTZY0FJjc=,62ZEf02y49WKCcWcENugerxrVjk=
26,-16,UGpAQSNSXWLutPBDaWkTZY0FJjc=,62ZEf02y49WKCcWcENugerxrVjk=
16,-9,UGpAQSNSXWLutPBDaWkTZY0FJjc=,62ZEf02y49WKCcWcENugerxrVjk=
28,-9,UGpAQSNSXWLutPBDaWkTZY0FJjc=,62ZEf02y49WKCcWcENugerxrVjk=
17,-9,UGpAQSNSXWLutPBDaWkTZY0FJjc=,62ZEf02y49WKCcWcENugerxrVjk=
26,-9,UGpAQSNSXWLutPBDaWkTZY0FJjc=,62ZEf02y49WKCcWcENugerxrVjk=
21,-16,UGpAQSNSXWLutPBDaWkTZY0FJjc=,62ZEf02y49WKCcWcENugerxrVjk=
27,-9,UGpAQSNSXWLutPBDaWkTZY0FJjc=,62ZEf02y49WKCcWcENugerxrVjk=
18,-9,UGpAQSNSXWLutPBDaWkTZY0FJjc=,62ZEf02y49WKCcWcENugerxrVjk=
30,-10,UGpAQSNSXWLutPBDaWkTZY0FJjc=,62ZEf02y49WKCcWcENugerxrVjk=
22,-10,UGpAQSNSXWLutPBDaWkTZY0FJjc=,62ZEf02y49WKCcWcENugerxrVjk=
21,-10,UGpAQSNSXWLutPBDaWkTZY0FJjc=,62ZEf02y49WKCcWcENugerxrVjk=
20,-10,UGpAQSNSXWLutPBDaWkTZY0FJjc=,62ZEf02y49WKCcWcENugerxrVjk=
23,-9,UGpAQSNSXWLutPBDaWkTZY0FJjc=,62ZEf02y49WKCcWcENugerxrVjk=
17,-13,UGpAQSNSXWLutPBDaWkTZY0FJjc=,62ZEf02y49WKCcWcENugerxrVjk=
18,-15,UGpAQSNSXWLutPBDaWkTZY0FJjc=,62ZEf02y49WKCcWcENugerxrVjk=
19,-10,UGpAQSNSXWLutPBDaWkTZY0FJjc=,62ZEf02y49WKCcWcENugerxrVjk=
23,-10,UGpAQSNSXWLutPBDaWkTZY0FJjc=,62ZEf02y49WKCcWcENugerxrVjk=
18,-10,UGpAQSNSXWLutPBDaWkTZY0FJjc=,62ZEf02y49WKCcWcENugerxrVjk=
22,-15,UGpAQSNSXWLutPBDaWkTZY0FJjc=,62ZEf02y49WKCcWcENugerxrVjk=
21,-15,UGpAQSNSXWLutPBDaWkTZY0FJjc=,62ZEf02y49WKCcWcENugerxrVjk=
29,-10,UGpAQSNSXWLutPBDaWkTZY0FJjc=,62ZEf02y49WKCcWcENugerxrVjk=
31,-10,UGpAQSNSXWLutPBDaWkTZY0FJjc=,62ZEf02y49WKCcWcENugerxrVjk=
28,-10,UGpAQSNSXWLutPBDaWkTZY0FJjc=,62ZEf02y49WKCcWcENugerxrVjk=
17,-12,UGpAQSNSXWLutPBDaWkTZY0FJjc=,62ZEf02y49WKCcWcENugerxrVjk=
31,-11,UGpAQSNSXWLutPBDaWkTZY0FJjc=,62ZEf02y49WKCcWcENugerxrVjk=
24,-16,UGpAQSNSXWLutPBDaWkTZY0FJjc=,62ZEf02y49WKCcWcENugerxrVjk=
18,-12,UGpAQSNSXWLutPBDaWkTZY0FJjc=,62ZEf02y49WKCcWcENugerxrVjk=
30,-11,UGpAQSNSXWLutPBDaWkTZY0FJjc=,62ZEf02y49WKCcWcENugerxrVjk=
24,-10,UGpAQSNSXWLutPBDaWkTZY0FJjc=,62ZEf02y49WKCcWcENugerxrVjk=
27,-10,UGpAQSNSXWLutPBDaWkTZY0FJjc=,62ZEf02y49WKCcWcENugerxrVjk=
26,-10,UGpAQSNSXWLutPBDaWkTZY0FJjc=,62ZEf02y49WKCcWcENugerxrVjk=
17,-10,UGpAQSNSXWLutPBDaWkTZY0FJjc=,62ZEf02y49WKCcWcENugerxrVjk=
16,-13,UGpAQSNSXWLutPBDaWkTZY0FJjc=,62ZEf02y49WKCcWcENugerxrVjk=
22,-11,UGpAQSNSXWLutPBDaWkTZY0FJjc=,62ZEf02y49WKCcWcENugerxrVjk=
21,-11,UGpAQSNSXWLutPBDaWkTZY0FJjc=,62ZEf02y49WKCcWcENugerxrVjk=
16,-10,UGpAQSNSXWLutPBDaWkTZY0FJjc=,62ZEf02y49WKCcWcENugerxrVjk=
27,-11,UGpAQSNSXWLutPBDaWkTZY0FJjc=,62ZEf02y49WKCcWcENugerxrVjk=
18,-11,UGpAQSNSXWLutPBDaWkTZY0FJjc=,62ZEf02y49WKCcWcENugerxrVjk=
19,-12,UGpAQSNSXWLutPBDaWkTZY0FJjc=,62ZEf02y49WKCcWcENugerxrVjk=
19,-11,UGpAQSNSXWLutPBDaWkTZY0FJjc=,62ZEf02y49WKCcWcENugerxrVjk=
25,-10,UGpAQSNSXWLutPBDaWkTZY0FJjc=,62ZEf02y49WKCcWcENugerxrVjk=
16,-11,UGpAQSNSXWLutPBDaWkTZY0FJjc=,62ZEf02y49WKCcWcENugerxrVjk=
20,-11,UGpAQSNSXWLutPBDaWkTZY0FJjc=,62ZEf02y49WKCcWcENugerxrVjk=
28,-11,UGpAQSNSXWLutPBDaWkTZY0FJjc=,62ZEf02y49WKCcWcENugerxrVjk=
20,-12,UGpAQSNSXWLutPBDaWkTZY0FJjc=,62ZEf02y49WKCcWcENugerxrVjk=
23,-11,UGpAQSNSXWLutPBDaWkTZY0FJjc=,62ZEf02y49WKCcWcENugerxrVjk=
23,-16,UGpAQSNSXWLutPBDaWkTZY0FJjc=,62ZEf02y49WKCcWcENugerxrVjk=
26,-11,UGpAQSNSXWLutPBDaWkTZY0FJjc=,62ZEf02y49WKCcWcENugerxrVjk=
25,-11,UGpAQSNSXWLutPBDaWkTZY0FJjc=,62ZEf02y49WKCcWcENugerxrVjk=
20,-15,UGpAQSNSXWLutPBDaWkTZY0FJjc=,62ZEf02y49WKCcWcENugerxrVjk=
29,-11,UGpAQSNSXWLutPBDaWkTZY0FJjc=,62ZEf02y49WKCcWcENugerxrVjk=
21,-12,UGpAQSNSXWLutPBDaWkTZY0FJjc=,62ZEf02y49WKCcWcENugerxrVjk=
28,-12,UGpAQSNSXWLutPBDaWkTZY0FJjc=,62ZEf02y49WKCcWcENugerxrVjk=
17,-11,UGpAQSNSXWLutPBDaWkTZY0FJjc=,62ZEf02y49WKCcWcENugerxrVjk=
19,-15,UGpAQSNSXWLutPBDaWkTZY0FJjc=,62ZEf02y49WKCcWcENugerxrVjk=
27,-12,UGpAQSNSXWLutPBDaWkTZY0FJjc=,62ZEf02y49WKCcWcENugerxrVjk=
31,-14,UGpAQSNSXWLutPBDaWkTZY0FJjc=,62ZEf02y49WKCcWcENugerxrVjk=
22,-12,UGpAQSNSXWLutPBDaWkTZY0FJjc=,62ZEf02y49WKCcWcENugerxrVjk=
24,-11,UGpAQSNSXWLutPBDaWkTZY0FJjc=,62ZEf02y49WKCcWcENugerxrVjk=
30,-12,UGpAQSNSXWLutPBDaWkTZY0FJjc=,62ZEf02y49WKCcWcENugerxrVjk=
31,-12,UGpAQSNSXWLutPBDaWkTZY0FJjc=,62ZEf02y49WKCcWcENugerxrVjk=
24,-12,UGpAQSNSXWLutPBDaWkTZY0FJjc=,62ZEf02y49WKCcWcENugerxrVjk=
26,-12,UGpAQSNSXWLutPBDaWkTZY0FJjc=,62ZEf02y49WKCcWcENugerxrVjk=
25,-12,UGpAQSNSXWLutPBDaWkTZY0FJjc=,62ZEf02y49WKCcWcENugerxrVjk=
29,-12,UGpAQSNSXWLutPBDaWkTZY0FJjc=,62ZEf02y49WKCcWcENugerxrVjk=
22,-16,UGpAQSNSXWLutPBDaWkTZY0FJjc=,62ZEf02y49WKCcWcENugerxrVjk=
23,-12,UGpAQSNSXWLutPBDaWkTZY0FJjc=,62ZEf02y49WKCcWcENugerxrVjk=
19,-32,lZ52zwE0/+2aulMMAED8bWlQsZE=,M1OmO07fFJsIULkDrCHqnFhubzw=
16,-32,lZ52zwE0/+2aulMMAED8bWlQsZE=,M1OmO07fFJsIULkDrCHqnFhubzw=
28,-29,lZ52zwE0/+2aulMMAED8bWlQsZE=,M1OmO07fFJsIULkDrCHqnFhubzw=
30,-30,lZ52zwE0/+2aulMMAED8bWlQsZE=,M1OmO07fFJsIULkDrCHqnFhubzw=
20,-32,lZ52zwE0/+2aulMMAED8bWlQsZE=,M1OmO07fFJsIULkDrCHqnFhubzw=
29,-29,lZ52zwE0/+2aulMMAED8bWlQsZE=,M1OmO07fFJsIULkDrCHqnFhubzw=
30,-29,lZ52zwE0/+2aulMMAED8bWlQsZE=,M1OmO07fFJsIULkDrCHqnFhubzw=
21,-32,lZ52zwE0/+2aulMMAED8bWlQsZE=,M1OmO07fFJsIULkDrCHqnFhubzw=
18,-31,lZ52zwE0/+2aulMMAED8bWlQsZE=,M1OmO07fFJsIULkDrCHqnFhubzw=
31,-29,lZ52zwE0/+2aulMMAED8bWlQsZE=,M1OmO07fFJsIULkDrCHqnFhubzw=
16,-28,lZ52zwE0/+2aulMMAED8bWlQsZE=,M1OmO07fFJsIULkDrCHqnFhubzw=
17,-28,lZ52zwE0/+2aulMMAED8bWlQsZE=,M1OmO07fFJsIULkDrCHqnFhubzw=
18,-28,lZ52zwE0/+2aulMMAED8bWlQsZE=,M1OmO07fFJsIULkDrCHqnFhubzw=
19,-28,lZ52zwE0/+2aulMMAED8bWlQsZE=,M1OmO07fFJsIULkDrCHqnFhubzw=
20,-28,lZ52zwE0/+2aulMMAED8bWlQsZE=,M1OmO07fFJsIULkDrCHqnFhubzw=
21,-28,lZ52zwE0/+2aulMMAED8bWlQsZE=,M1OmO07fFJsIULkDrCHqnFhubzw=
22,-28,lZ52zwE0/+2aulMMAED8bWlQsZE=,M1OmO07fFJsIULkDrCHqnFhubzw=
23,-28,lZ52zwE0/+2aulMMAED8bWlQsZE=,M1OmO07fFJsIULkDrCHqnFhubzw=
24,-28,lZ52zwE0/+2aulMMAED8bWlQsZE=,M1OmO07fFJsIULkDrCHqnFhubzw=
25,-28,lZ52zwE0/+2aulMMAED8bWlQsZE=,M1OmO07fFJsIULkDrCHqnFhubzw=
26,-28,lZ52zwE0/+2aulMMAED8bWlQsZE=,M1OmO07fFJsIULkDrCHqnFhubzw=
31,-31,lZ52zwE0/+2aulMMAED8bWlQsZE=,M1OmO07fFJsIULkDrCHqnFhubzw=
29,-30,lZ52zwE0/+2aulMMAED8bWlQsZE=,M1OmO07fFJsIULkDrCHqnFhubzw=
27,-28,lZ52zwE0/+2aulMMAED8bWlQsZE=,M1OmO07fFJsIULkDrCHqnFhubzw=
31,-30,lZ52zwE0/+2aulMMAED8bWlQsZE=,M1OmO07fFJsIULkDrCHqnFhubzw=
28,-30,lZ52zwE0/+2aulMMAED8bWlQsZE=,M1OmO07fFJsIULkDrCHqnFhubzw=
22,-32,lZ52zwE0/+2aulMMAED8bWlQsZE=,M1OmO07fFJsIULkDrCHqnFhubzw=
27,-30,lZ52zwE0/+2aulMMAED8bWlQsZE=,M1OmO07fFJsIULkDrCHqnFhubzw=
28,-28,lZ52zwE0/+2aulMMAED8bWlQsZE=,M1OmO07fFJsIULkDrCHqnFhubzw=
26,-30,lZ52zwE0/+2aulMMAED8bWlQsZE=,M1OmO07fFJsIULkDrCHqnFhubzw=
29,-28,lZ52zwE0/+2aulMMAED8bWlQsZE=,M1OmO07fFJsIULkDrCHqnFhubzw=
30,-28,lZ52zwE0/+2aulMMAED8bWlQsZE=,M1OmO07fFJsIULkDrCHqnFhubzw=
25,-30,lZ52zwE0/+2aulMMAED8bWlQsZE=,M1OmO07fFJsIULkDrCHqnFhubzw=
31,-28,lZ52zwE0/+2aulMMAED8bWlQsZE=,M1OmO07fFJsIULkDrCHqnFhubzw=
23,-30,lZ52zwE0/+2aulMMAED8bWlQsZE=,M1OmO07fFJsIULkDrCHqnFhubzw=
24,-30,lZ52zwE0/+2aulMMAED8bWlQsZE=,M1OmO07fFJsIULkDrCHqnFhubzw=
19,-31,lZ52zwE0/+2aulMMAED8bWlQsZE=,M1OmO07fFJsIULkDrCHqnFhubzw=
16,-27,lZ52zwE0/+2aulMMAED8bWlQsZE=,M1OmO07fFJsIULkDrCHqnFhubzw=
22,-30,lZ52zwE0/+2aulMMAED8bWlQsZE=,M1OmO07fFJsIULkDrCHqnFhubzw=
17,-27,lZ52zwE0/+2aulMMAED8bWlQsZE=,M1OmO07fFJsIULkDrCHqnFhubzw=
20,-30,lZ52zwE0/+2aulMMAED8bWlQsZE=,M1OmO07fFJsIULkDrCHqnFhubzw=
21,-30,lZ52zwE0/+2aulMMAED8bWlQsZE=,M1OmO07fFJsIULkDrCHqnFhubzw=
18,-27,lZ52zwE0/+2aulMMAED8bWlQsZE=,M1OmO07fFJsIULkDrCHqnFhubzw=
19,-27,lZ52zwE0/+2aulMMAED8bWlQsZE=,M1OmO07fFJsIULkDrCHqnFhubzw=
19,-30,lZ52zwE0/+2aulMMAED8bWlQsZE=,M1OmO07fFJsIULkDrCHqnFhubzw=
20,-27,lZ52zwE0/+2aulMMAED8bWlQsZE=,M1OmO07fFJsIULkDrCHqnFhubzw=
18,-30,lZ52zwE0/+2aulMMAED8bWlQsZE=,M1OmO07fFJsIULkDrCHqnFhubzw=
16,-30,lZ52zwE0/+2aulMMAED8bWlQsZE=,M1OmO07fFJsIULkDrCHqnFhubzw=
22,-27,lZ52zwE0/+2aulMMAED8bWlQsZE=,M1OmO07fFJsIULkDrCHqnFhubzw=
23,-27,lZ52zwE0/+2aulMMAED8bWlQsZE=,M1OmO07fFJsIULkDrCHqnFhubzw=
21,-27,lZ52zwE0/+2aulMMAED8bWlQsZE=,M1OmO07fFJsIULkDrCHqnFhubzw=
24,-27,lZ52zwE0/+2aulMMAED8bWlQsZE=,M1OmO07fFJsIULkDrCHqnFhubzw=
17,-30,lZ52zwE0/+2aulMMAED8bWlQsZE=,M1OmO07fFJsIULkDrCHqnFhubzw=
25,-27,lZ52zwE0/+2aulMMAED8bWlQsZE=,M1OmO07fFJsIULkDrCHqnFhubzw=
26,-27,lZ52zwE0/+2aulMMAED8bWlQsZE=,M1OmO07fFJsIULkDrCHqnFhubzw=
27,-29,lZ52zwE0/+2aulMMAED8bWlQsZE=,M1OmO07fFJsIULkDrCHqnFhubzw=
23,-32,lZ52zwE0/+2aulMMAED8bWlQsZE=,M1OmO07fFJsIULkDrCHqnFhubzw=
20,-31,lZ52zwE0/+2aulMMAED8bWlQsZE=,M1OmO07fFJsIULkDrCHqnFhubzw=
16,-29,lZ52zwE0/+2aulMMAED8bWlQsZE=,M1OmO07fFJsIULkDrCHqnFhubzw=
27,-27,lZ52zwE0/+2aulMMAED8bWlQsZE=,M1OmO07fFJsIULkDrCHqnFhubzw=
29,-27,lZ52zwE0/+2aulMMAED8bWlQsZE=,M1OmO07fFJsIULkDrCHqnFhubzw=
28,-27,lZ52zwE0/+2aulMMAED8bWlQsZE=,M1OmO07fFJsIULkDrCHqnFhubzw=
30,-27,lZ52zwE0/+2aulMMAED8bWlQsZE=,M1OmO07fFJsIULkDrCHqnFhubzw=
31,-27,lZ52zwE0/+2aulMMAED8bWlQsZE=,M1OmO07fFJsIULkDrCHqnFhubzw=
16,-26,lZ52zwE0/+2aulMMAED8bWlQsZE=,M1OmO07fFJsIULkDrCHqnFhubzw=
21,-31,lZ52zwE0/+2aulMMAED8bWlQsZE=,M1OmO07fFJsIULkDrCHqnFhubzw=
17,-26,lZ52zwE0/+2aulMMAED8bWlQsZE=,M1OmO07fFJsIULkDrCHqnFhubzw=
18,-26,lZ52zwE0/+2aulMMAED8bWlQsZE=,M1OmO07fFJsIULkDrCHqnFhubzw=
19,-26,lZ52zwE0/+2aulMMAED8bWlQsZE=,M1OmO07fFJsIULkDrCHqnFhubzw=
21,-26,lZ52zwE0/+2aulMMAED8bWlQsZE=,M1OmO07fFJsIULkDrCHqnFhubzw=
20,-26,lZ52zwE0/+2aulMMAED8bWlQsZE=,M1OmO07fFJsIULkDrCHqnFhubzw=
22,-26,lZ52zwE0/+2aulMMAED8bWlQsZE=,M1OmO07fFJsIULkDrCHqnFhubzw=
23,-26,lZ52zwE0/+2aulMMAED8bWlQsZE=,M1OmO07fFJsIULkDrCHqnFhubzw=
24,-26,lZ52zwE0/+2aulMMAED8bWlQsZE=,M1OmO07fFJsIULkDrCHqnFhubzw=
25,-26,lZ52zwE0/+2aulMMAED8bWlQsZE=,M1OmO07fFJsIULkDrCHqnFhubzw=
17,-29,lZ52zwE0/+2aulMMAED8bWlQsZE=,M1OmO07fFJsIULkDrCHqnFhubzw=
24,-32,lZ52zwE0/+2aulMMAED8bWlQsZE=,M1OmO07fFJsIULkDrCHqnFhubzw=
27,-26,lZ52zwE0/+2aulMMAED8bWlQsZE=,M1OmO07fFJsIULkDrCHqnFhubzw=
26,-26,lZ52zwE0/+2aulMMAED8bWlQsZE=,M1OmO07fFJsIULkDrCHqnFhubzw=
28,-26,lZ52zwE0/+2aulMMAED8bWlQsZE=,M1OmO07fFJsIULkDrCHqnFhubzw=
29,-26,lZ52zwE0/+2aulMMAED8bWlQsZE=,M1OmO07fFJsIULkDrCHqnFhubzw=
30,-26,lZ52zwE0/+2aulMMAED8bWlQsZE=,M1OmO07fFJsIULkDrCHqnFhubzw=
31,-26,lZ52zwE0/+2aulMMAED8bWlQsZE=,M1OmO07fFJsIULkDrCHqnFhubzw=
16,-25,lZ52zwE0/+2aulMMAED8bWlQsZE=,M1OmO07fFJsIULkDrCHqnFhubzw=
22,-31,lZ52zwE0/+2aulMMAED8bWlQsZE=,M1OmO07fFJsIULkDrCHqnFhubzw=
17,-25,lZ52zwE0/+2aulMMAED8bWlQsZE=,M1OmO07fFJsIULkDrCHqnFhubzw=
18,-25,lZ52zwE0/+2aulMMAED8bWlQsZE=,M1OmO07fFJsIULkDrCHqnFhubzw=
19,-25,lZ52zwE0/+2aulMMAED8bWlQsZE=,M1OmO07fFJsIULkDrCHqnFhubzw=
20,-25,lZ52zwE0/+2aulMMAED8bWlQsZE=,M1OmO07fFJsIULkDrCHqnFhubzw=
21,-25,lZ52zwE0/+2aulMMAED8bWlQsZE=,M1OmO07fFJsIULkDrCHqnFhubzw=
22,-25,lZ52zwE0/+2aulMMAED8bWlQsZE=,M1OmO07fFJsIULkDrCHqnFhubzw=
23,-25,lZ52zwE0/+2aulMMAED8bWlQsZE=,M1OmO07fFJsIULkDrCHqnFhubzw=
24,-25,lZ52zwE0/+2aulMMAED8bWlQsZE=,M1OmO07fFJsIULkDrCHqnFhubzw=
18,-29,lZ52zwE0/+2aulMMAED8bWlQsZE=,M1OmO07fFJsIULkDrCHqnFhubzw=
25,-32,lZ52zwE0/+2aulMMAED8bWlQsZE=,M1OmO07fFJsIULkDrCHqnFhubzw=
25,-25,lZ52zwE0/+2aulMMAED8bWlQsZE=,M1OmO07fFJsIULkDrCHqnFhubzw=
26,-25,lZ52zwE0/+2aulMMAED8bWlQsZE=,M1OmO07fFJsIULkDrCHqnFhubzw=
27,-25,lZ52zwE0/+2aulMMAED8bWlQsZE=,M1OmO07fFJsIULkDrCHqnFhubzw=
28,-25,lZ52zwE0/+2aulMMAED8bWlQsZE=,M1OmO07fFJsIULkDrCHqnFhubzw=
29,-25,lZ52zwE0/+2aulMMAED8bWlQsZE=,M1OmO07fFJsIULkDrCHqnFhubzw=
30,-25,lZ52zwE0/+2aulMMAED8bWlQsZE=,M1OmO07fFJsIULkDrCHqnFhubzw=
31,-25,lZ52zwE0/+2aulMMAED8bWlQsZE=,M1OmO07fFJsIULkDrCHqnFhubzw=
16,-24,lZ52zwE0/+2aulMMAED8bWlQsZE=,M1OmO07fFJsIULkDrCHqnFhubzw=
23,-31,lZ52zwE0/+2aulMMAED8bWlQsZE=,M1OmO07fFJsIULkDrCHqnFhubzw=
17,-24,lZ52zwE0/+2aulMMAED8bWlQsZE=,M1OmO07fFJsIULkDrCHqnFhubzw=
18,-24,lZ52zwE0/+2aulMMAED8bWlQsZE=,M1OmO07fFJsIULkDrCHqnFhubzw=
19,-24,lZ52zwE0/+2aulMMAED8bWlQsZE=,M1OmO07fFJsIULkDrCHqnFhubzw=
20,-24,lZ52zwE0/+2aulMMAED8bWlQsZE=,M1OmO07fFJsIULkDrCHqnFhubzw=
21,-24,lZ52zwE0/+2aulMMAED8bWlQsZE=,M1OmO07fFJsIULkDrCHqnFhubzw=
22,-24,lZ52zwE0/+2aulMMAED8bWlQsZE=,M1OmO07fFJsIULkDrCHqnFhubzw=
23,-24,lZ52zwE0/+2aulMMAED8bWlQsZE=,M1OmO07fFJsIULkDrCHqnFhubzw=
19,-29,lZ52zwE0/+2aulMMAED8bWlQsZE=,M1OmO07fFJsIULkDrCHqnFhubzw=
26,-32,lZ52zwE0/+2aulMMAED8bWlQsZE=,M1OmO07fFJsIULkDrCHqnFhubzw=
24,-24,lZ52zwE0/+2aulMMAED8bWlQsZE=,M1OmO07fFJsIULkDrCHqnFhubzw=
25,-24,lZ52zwE0/+2aulMMAED8bWlQsZE=,M1OmO07fFJsIULkDrCHqnFhubzw=
26,-24,lZ52zwE0/+2aulMMAED8bWlQsZE=,M1OmO07fFJsIULkDrCHqnFhubzw=
27,-24,lZ52zwE0/+2aulMMAED8bWlQsZE=,M1OmO07fFJsIULkDrCHqnFhubzw=
28,-24,lZ52zwE0/+2aulMMAED8bWlQsZE=,M1OmO07fFJsIULkDrCHqnFhubzw=
29,-24,lZ52zwE0/+2aulMMAED8bWlQsZE=,M1OmO07fFJsIULkDrCHqnFhubzw=
30,-24,lZ52zwE0/+2aulMMAED8bWlQsZE=,M1OmO07fFJsIULkDrCHqnFhubzw=
31,-24,lZ52zwE0/+2aulMMAED8bWlQsZE=,M1OmO07fFJsIULkDrCHqnFhubzw=
16,-23,lZ52zwE0/+2aulMMAED8bWlQsZE=,M1OmO07fFJsIULkDrCHqnFhubzw=
24,-31,lZ52zwE0/+2aulMMAED8bWlQsZE=,M1OmO07fFJsIULkDrCHqnFhubzw=
17,-23,lZ52zwE0/+2aulMMAED8bWlQsZE=,M1OmO07fFJsIULkDrCHqnFhubzw=
18,-23,lZ52zwE0/+2aulMMAED8bWlQsZE=,M1OmO07fFJsIULkDrCHqnFhubzw=
19,-23,lZ52zwE0/+2aulMMAED8bWlQsZE=,M1OmO07fFJsIULkDrCHqnFhubzw=
29,-17,lZ52zwE0/+2aulMMAED8bWlQsZE=,M1OmO07fFJsIULkDrCHqnFhubzw=
30,-17,lZ52zwE0/+2aulMMAED8bWlQsZE=,M1OmO07fFJsIULkDrCHqnFhubzw=
31,-17,lZ52zwE0/+2aulMMAED8bWlQsZE=,M1OmO07fFJsIULkDrCHqnFhubzw=
28,-17,lZ52zwE0/+2aulMMAED8bWlQsZE=,M1OmO07fFJsIULkDrCHqnFhubzw=
20,-23,lZ52zwE0/+2aulMMAED8bWlQsZE=,M1OmO07fFJsIULkDrCHqnFhubzw=
21,-23,lZ52zwE0/+2aulMMAED8bWlQsZE=,M1OmO07fFJsIULkDrCHqnFhubzw=
27,-17,lZ52zwE0/+2aulMMAED8bWlQsZE=,M1OmO07fFJsIULkDrCHqnFhubzw=
26,-17,lZ52zwE0/+2aulMMAED8bWlQsZE=,M1OmO07fFJsIULkDrCHqnFhubzw=
24,-17,lZ52zwE0/+2aulMMAED8bWlQsZE=,M1OmO07fFJsIULkDrCHqnFhubzw=
22,-23,lZ52zwE0/+2aulMMAED8bWlQsZE=,M1OmO07fFJsIULkDrCHqnFhubzw=
20,-29,lZ52zwE0/+2aulMMAED8bWlQsZE=,M1OmO07fFJsIULkDrCHqnFhubzw=
27,-32,lZ52zwE0/+2aulMMAED8bWlQsZE=,M1OmO07fFJsIULkDrCHqnFhubzw=
23,-17,lZ52zwE0/+2aulMMAED8bWlQsZE=,M1OmO07fFJsIULkDrCHqnFhubzw=
26,-29,lZ52zwE0/+2aulMMAED8bWlQsZE=,M1OmO07fFJsIULkDrCHqnFhubzw=
25,-17,lZ52zwE0/+2aulMMAED8bWlQsZE=,M1OmO07fFJsIULkDrCHqnFhubzw=
22,-17,lZ52zwE0/+2aulMMAED8bWlQsZE=,M1OmO07fFJsIULkDrCHqnFhubzw=
18,-32,lZ52zwE0/+2aulMMAED8bWlQsZE=,M1OmO07fFJsIULkDrCHqnFhubzw=
18,-17,lZ52zwE0/+2aulMMAED8bWlQsZE=,M1OmO07fFJsIULkDrCHqnFhubzw=
30,-31,lZ52zwE0/+2aulMMAED8bWlQsZE=,M1OmO07fFJsIULkDrCHqnFhubzw=
23,-23,lZ52zwE0/+2aulMMAED8bWlQsZE=,M1OmO07fFJsIULkDrCHqnFhubzw=
16,-17,lZ52zwE0/+2aulMMAED8bWlQsZE=,M1OmO07fFJsIULkDrCHqnFhubzw=
17,-17,lZ52zwE0/+2aulMMAED8bWlQsZE=,M1OmO07fFJsIULkDrCHqnFhubzw=
24,-23,lZ52zwE0/+2aulMMAED8bWlQsZE=,M1OmO07fFJsIULkDrCHqnFhubzw=
21,-17,lZ52zwE0/+2aulMMAED8bWlQsZE=,M1OmO07fFJsIULkDrCHqnFhubzw=
30,-18,lZ52zwE0/+2aulMMAED8bWlQsZE=,M1OmO07fFJsIULkDrCHqnFhubzw=
31,-18,lZ52zwE0/+2aulMMAED8bWlQsZE=,M1OmO07fFJsIULkDrCHqnFhubzw=
29,-18,lZ52zwE0/+2aulMMAED8bWlQsZE=,M1OmO07fFJsIULkDrCHqnFhubzw=
20,-17,lZ52zwE0/+2aulMMAED8bWlQsZE=,M1OmO07fFJsIULkDrCHqnFhubzw=
25,-23,lZ52zwE0/+2aulMMAED8bWlQsZE=,M1OmO07fFJsIULkDrCHqnFhubzw=
19,-17,lZ52zwE0/+2aulMMAED8bWlQsZE=,M1OmO07fFJsIULkDrCHqnFhubzw=
28,-18,lZ52zwE0/+2aulMMAED8bWlQsZE=,M1OmO07fFJsIULkDrCHqnFhubzw=
26,-23,lZ52zwE0/+2aulMMAED8bWlQsZE=,M1OmO07fFJsIULkDrCHqnFhubzw=
24,-18,lZ52zwE0/+2aulMMAED8bWlQsZE=,M1OmO07fFJsIULkDrCHqnFhubzw=
23,-18,lZ52zwE0/+2aulMMAED8bWlQsZE=,M1OmO07fFJsIULkDrCHqnFhubzw=
26,-18,lZ52zwE0/+2aulMMAED8bWlQsZE=,M1OmO07fFJsIULkDrCHqnFhubzw=
25,-18,lZ52zwE0/+2aulMMAED8bWlQsZE=,M1OmO07fFJsIULkDrCHqnFhubzw=
27,-23,lZ52zwE0/+2aulMMAED8bWlQsZE=,M1OmO07fFJsIULkDrCHqnFhubzw=
17,-31,lZ52zwE0/+2aulMMAED8bWlQsZE=,M1OmO07fFJsIULkDrCHqnFhubzw=
27,-18,lZ52zwE0/+2aulMMAED8bWlQsZE=,M1OmO07fFJsIULkDrCHqnFhubzw=
16,-31,lZ52zwE0/+2aulMMAED8bWlQsZE=,M1OmO07fFJsIULkDrCHqnFhubzw=
20,-18,lZ52zwE0/+2aulMMAED8bWlQsZE=,M1OmO07fFJsIULkDrCHqnFhubzw=
17,-32,lZ52zwE0/+2aulMMAED8bWlQsZE=,M1OmO07fFJsIULkDrCHqnFhubzw=
25,-29,lZ52zwE0/+2aulMMAED8bWlQsZE=,M1OmO07fFJsIULkDrCHqnFhubzw=
17,-18,lZ52zwE0/+2aulMMAED8bWlQsZE=,M1OmO07fFJsIULkDrCHqnFhubzw=
28,-23,lZ52zwE0/+2aulMMAED8bWlQsZE=,M1OmO07fFJsIULkDrCHqnFhubzw=
21,-18,lZ52zwE0/+2aulMMAED8bWlQsZE=,M1OmO07fFJsIULkDrCHqnFhubzw=
22,-18,lZ52zwE0/+2aulMMAED8bWlQsZE=,M1OmO07fFJsIULkDrCHqnFhubzw=
16,-18,lZ52zwE0/+2aulMMAED8bWlQsZE=,M1OmO07fFJsIULkDrCHqnFhubzw=
19,-18,lZ52zwE0/+2aulMMAED8bWlQsZE=,M1OmO07fFJsIULkDrCHqnFhubzw=
30,-19,lZ52zwE0/+2aulMMAED8bWlQsZE=,M1OmO07fFJsIULkDrCHqnFhubzw=
29,-23,lZ52zwE0/+2aulMMAED8bWlQsZE=,M1OmO07fFJsIULkDrCHqnFhubzw=
18,-18,lZ52zwE0/+2aulMMAED8bWlQsZE=,M1OmO07fFJsIULkDrCHqnFhubzw=
31,-19,lZ52zwE0/+2aulMMAED8bWlQsZE=,M1OmO07fFJsIULkDrCHqnFhubzw=
30,-23,lZ52zwE0/+2aulMMAED8bWlQsZE=,M1OmO07fFJsIULkDrCHqnFhubzw=
26,-19,lZ52zwE0/+2aulMMAED8bWlQsZE=,M1OmO07fFJsIULkDrCHqnFhubzw=
31,-23,lZ52zwE0/+2aulMMAED8bWlQsZE=,M1OmO07fFJsIULkDrCHqnFhubzw=
29,-19,lZ52zwE0/+2aulMMAED8bWlQsZE=,M1OmO07fFJsIULkDrCHqnFhubzw=
28,-19,lZ52zwE0/+2aulMMAED8bWlQsZE=,M1OmO07fFJsIULkDrCHqnFhubzw=
27,-19,lZ52zwE0/+2aulMMAED8bWlQsZE=,M1OmO07fFJsIULkDrCHqnFhubzw=
23,-19,lZ52zwE0/+2aulMMAED8bWlQsZE=,M1OmO07fFJsIULkDrCHqnFhubzw=
25,-19,lZ52zwE0/+2aulMMAED8bWlQsZE=,M1OmO07fFJsIULkDrCHqnFhubzw=
29,-31,lZ52zwE0/+2aulMMAED8bWlQsZE=,M1OmO07fFJsIULkDrCHqnFhubzw=
31,-32,lZ52zwE0/+2aulMMAED8bWlQsZE=,M1OmO07fFJsIULkDrCHqnFhubzw=
24,-29,lZ52zwE0/+2aulMMAED8bWlQsZE=,M1OmO07fFJsIULkDrCHqnFhubzw=
25,-31,lZ52zwE0/+2aulMMAED8bWlQsZE=,M1OmO07fFJsIULkDrCHqnFhubzw=
24,-19,lZ52zwE0/+2aulMMAED8bWlQsZE=,M1OmO07fFJsIULkDrCHqnFhubzw=
16,-22,lZ52zwE0/+2aulMMAED8bWlQsZE=,M1OmO07fFJsIULkDrCHqnFhubzw=
22,-19,lZ52zwE0/+2aulMMAED8bWlQsZE=,M1OmO07fFJsIULkDrCHqnFhubzw=
28,-31,lZ52zwE0/+2aulMMAED8bWlQsZE=,M1OmO07fFJsIULkDrCHqnFhubzw=
21,-19,lZ52zwE0/+2aulMMAED8bWlQsZE=,M1OmO07fFJsIULkDrCHqnFhubzw=
17,-19,lZ52zwE0/+2aulMMAED8bWlQsZE=,M1OmO07fFJsIULkDrCHqnFhubzw=
17,-22,lZ52zwE0/+2aulMMAED8bWlQsZE=,M1OmO07fFJsIULkDrCHqnFhubzw=
19,-19,lZ52zwE0/+2aulMMAED8bWlQsZE=,M1OmO07fFJsIULkDrCHqnFhubzw=
18,-19,lZ52zwE0/+2aulMMAED8bWlQsZE=,M1OmO07fFJsIULkDrCHqnFhubzw=
16,-19,lZ52zwE0/+2aulMMAED8bWlQsZE=,M1OmO07fFJsIULkDrCHqnFhubzw=
20,-19,lZ52zwE0/+2aulMMAED8bWlQsZE=,M1OmO07fFJsIULkDrCHqnFhubzw=
31,-20,lZ52zwE0/+2aulMMAED8bWlQsZE=,M1OmO07fFJsIULkDrCHqnFhubzw=
30,-20,lZ52zwE0/+2aulMMAED8bWlQsZE=,M1OmO07fFJsIULkDrCHqnFhubzw=
25,-20,lZ52zwE0/+2aulMMAED8bWlQsZE=,M1OmO07fFJsIULkDrCHqnFhubzw=
24,-20,lZ52zwE0/+2aulMMAED8bWlQsZE=,M1OmO07fFJsIULkDrCHqnFhubzw=
26,-20,lZ52zwE0/+2aulMMAED8bWlQsZE=,M1OmO07fFJsIULkDrCHqnFhubzw=
28,-20,lZ52zwE0/+2aulMMAED8bWlQsZE=,M1OmO07fFJsIULkDrCHqnFhubzw=
30,-32,lZ52zwE0/+2aulMMAED8bWlQsZE=,M1OmO07fFJsIULkDrCHqnFhubzw=
23,-29,lZ52zwE0/+2aulMMAED8bWlQsZE=,M1OmO07fFJsIULkDrCHqnFhubzw=
27,-20,lZ52zwE0/+2aulMMAED8bWlQsZE=,M1OmO07fFJsIULkDrCHqnFhubzw=
29,-20,lZ52zwE0/+2aulMMAED8bWlQsZE=,M1OmO07fFJsIULkDrCHqnFhubzw=
21,-20,lZ52zwE0/+2aulMMAED8bWlQsZE=,M1OmO07fFJsIULkDrCHqnFhubzw=
23,-20,lZ52zwE0/+2aulMMAED8bWlQsZE=,M1OmO07fFJsIULkDrCHqnFhubzw=
27,-31,lZ52zwE0/+2aulMMAED8bWlQsZE=,M1OmO07fFJsIULkDrCHqnFhubzw=
18,-22,lZ52zwE0/+2aulMMAED8bWlQsZE=,M1OmO07fFJsIULkDrCHqnFhubzw=
20,-20,lZ52zwE0/+2aulMMAED8bWlQsZE=,M1OmO07fFJsIULkDrCHqnFhubzw=
22,-20,lZ52zwE0/+2aulMMAED8bWlQsZE=,M1OmO07fFJsIULkDrCHqnFhubzw=
19,-20,lZ52zwE0/+2aulMMAED8bWlQsZE=,M1OmO07fFJsIULkDrCHqnFhubzw=
16,-20,lZ52zwE0/+2aulMMAED8bWlQsZE=,M1OmO07fFJsIULkDrCHqnFhubzw=
19,-22,lZ52zwE0/+2aulMMAED8bWlQsZE=,M1OmO07fFJsIULkDrCHqnFhubzw=
17,-20,lZ52zwE0/+2aulMMAED8bWlQsZE=,M1OmO07fFJsIULkDrCHqnFhubzw=
30,-21,lZ52zwE0/+2aulMMAED8bWlQsZE=,M1OmO07fFJsIULkDrCHqnFhubzw=
18,-20,lZ52zwE0/+2aulMMAED8bWlQsZE=,M1OmO07fFJsIULkDrCHqnFhubzw=
29,-21,lZ52zwE0/+2aulMMAED8bWlQsZE=,M1OmO07fFJsIULkDrCHqnFhubzw=
31,-21,lZ52zwE0/+2aulMMAED8bWlQsZE=,M1OmO07fFJsIULkDrCHqnFhubzw=
28,-21,lZ52zwE0/+2aulMMAED8bWlQsZE=,M1OmO07fFJsIULkDrCHqnFhubzw=
27,-21,lZ52zwE0/+2aulMMAED8bWlQsZE=,M1OmO07fFJsIULkDrCHqnFhubzw=
24,-21,lZ52zwE0/+2aulMMAED8bWlQsZE=,M1OmO07fFJsIULkDrCHqnFhubzw=
20,-22,lZ52zwE0/+2aulMMAED8bWlQsZE=,M1OmO07fFJsIULkDrCHqnFhubzw=
29,-32,lZ52zwE0/+2aulMMAED8bWlQsZE=,M1OmO07fFJsIULkDrCHqnFhubzw=
22,-29,lZ52zwE0/+2aulMMAED8bWlQsZE=,M1OmO07fFJsIULkDrCHqnFhubzw=
22,-21,lZ52zwE0/+2aulMMAED8bWlQsZE=,M1OmO07fFJsIULkDrCHqnFhubzw=
23,-21,lZ52zwE0/+2aulMMAED8bWlQsZE=,M1OmO07fFJsIULkDrCHqnFhubzw=
26,-21,lZ52zwE0/+2aulMMAED8bWlQsZE=,M1OmO07fFJsIULkDrCHqnFhubzw=
21,-21,lZ52zwE0/+2aulMMAED8bWlQsZE=,M1OmO07fFJsIULkDrCHqnFhubzw=
26,-31,lZ52zwE0/+2aulMMAED8bWlQsZE=,M1OmO07fFJsIULkDrCHqnFhubzw=
25,-21,lZ52zwE0/+2aulMMAED8bWlQsZE=,M1OmO07fFJsIULkDrCHqnFhubzw=
20,-21,lZ52zwE0/+2aulMMAED8bWlQsZE=,M1OmO07fFJsIULkDrCHqnFhubzw=
21,-22,lZ52zwE0/+2aulMMAED8bWlQsZE=,M1OmO07fFJsIULkDrCHqnFhubzw=
21,-29,lZ52zwE0/+2aulMMAED8bWlQsZE=,M1OmO07fFJsIULkDrCHqnFhubzw=
28,-32,lZ52zwE0/+2aulMMAED8bWlQsZE=,M1OmO07fFJsIULkDrCHqnFhubzw=
19,-21,lZ52zwE0/+2aulMMAED8bWlQsZE=,M1OmO07fFJsIULkDrCHqnFhubzw=
18,-21,lZ52zwE0/+2aulMMAED8bWlQsZE=,M1OmO07fFJsIULkDrCHqnFhubzw=
17,-21,lZ52zwE0/+2aulMMAED8bWlQsZE=,M1OmO07fFJsIULkDrCHqnFhubzw=
29,-22,lZ52zwE0/+2aulMMAED8bWlQsZE=,M1OmO07fFJsIULkDrCHqnFhubzw=
28,-22,lZ52zwE0/+2aulMMAED8bWlQsZE=,M1OmO07fFJsIULkDrCHqnFhubzw=
16,-21,lZ52zwE0/+2aulMMAED8bWlQsZE=,M1OmO07fFJsIULkDrCHqnFhubzw=
22,-22,lZ52zwE0/+2aulMMAED8bWlQsZE=,M1OmO07fFJsIULkDrCHqnFhubzw=
31,-22,lZ52zwE0/+2aulMMAED8bWlQsZE=,M1OmO07fFJsIULkDrCHqnFhubzw=
30,-22,lZ52zwE0/+2aulMMAED8bWlQsZE=,M1OmO07fFJsIULkDrCHqnFhubzw=
24,-22,lZ52zwE0/+2aulMMAED8bWlQsZE=,M1OmO07fFJsIULkDrCHqnFhubzw=
26,-22,lZ52zwE0/+2aulMMAED8bWlQsZE=,M1OmO07fFJsIULkDrCHqnFhubzw=
27,-22,lZ52zwE0/+2aulMMAED8bWlQsZE=,M1OmO07fFJsIULkDrCHqnFhubzw=
25,-22,lZ52zwE0/+2aulMMAED8bWlQsZE=,M1OmO07fFJsIULkDrCHqnFhubzw=
23,-22,lZ52zwE0/+2aulMMAED8bWlQsZE=,M1OmO07fFJsIULkDrCHqnFhubzw=
15,-17,f2y0AfXxbAIk/DO9IITeBDcjl8s=,mjwWzbGvHB3km+P66kV023fG0AU=
3,-32,f2y0AfXxbAIk/DO9IITeBDcjl8s=,mjwWzbGvHB3km+P66kV023fG0AU=
12,-30,f2y0AfXxbAIk/DO9IITeBDcjl8s=,mjwWzbGvHB3km+P66kV023fG0AU=
11,-30,f2y0AfXxbAIk/DO9IITeBDcjl8s=,mjwWzbGvHB3km+P66kV023fG0AU=
8,-30,f2y0AfXxbAIk/DO9IITeBDcjl8s=,mjwWzbGvHB3km+P66kV023fG0AU=
10,-30,f2y0AfXxbAIk/DO9IITeBDcjl8s=,mjwWzbGvHB3km+P66kV023fG0AU=
4,-30,f2y0AfXxbAIk/DO9IITeBDcjl8s=,mjwWzbGvHB3km+P66kV023fG0AU=
15,-31,qV5CZIs31n8Y+/5dWPmhB7pNJ3g=,mjwWzbGvHB3km+P66kV023fG0AU=
9,-30,f2y0AfXxbAIk/DO9IITeBDcjl8s=,mjwWzbGvHB3km+P66kV023fG0AU=
0,-32,qV5CZIs31n8Y+/5dWPmhB7pNJ3g=,mjwWzbGvHB3km+P66kV023fG0AU=
6,-30,qV5CZIs31n8Y+/5dWPmhB7pNJ3g=,mjwWzbGvHB3km+P66kV023fG0AU=
7,-30,f2y0AfXxbAIk/DO9IITeBDcjl8s=,mjwWzbGvHB3km+P66kV023fG0AU=
13,-30,qV5CZIs31n8Y+/5dWPmhB7pNJ3g=,mjwWzbGvHB3km+P66kV023fG0AU=
14,-17,qV5CZIs31n8Y+/5dWPmhB7pNJ3g=,mjwWzbGvHB3km+P66kV023fG0AU=
3,-30,qV5CZIs31n8Y+/5dWPmhB7pNJ3g=,mjwWzbGvHB3km+P66kV023fG0AU=
13,-17,qV5CZIs31n8Y+/5dWPmhB7pNJ3g=,mjwWzbGvHB3km+P66kV023fG0AU=
2,-30,qV5CZIs31n8Y+/5dWPmhB7pNJ3g=,mjwWzbGvHB3km+P66kV023fG0AU=
11,-17,qV5CZIs31n8Y+/5dWPmhB7pNJ3g=,mjwWzbGvHB3km+P66kV023fG0AU=
10,-17,qV5CZIs31n8Y+/5dWPmhB7pNJ3g=,mjwWzbGvHB3km+P66kV023fG0AU=
12,-29,f2y0AfXxbAIk/DO9IITeBDcjl8s=,mjwWzbGvHB3km+P66kV023fG0AU=
5,-30,qV5CZIs31n8Y+/5dWPmhB7pNJ3g=,mjwWzbGvHB3km+P66kV023fG0AU=
11,-29,qV5CZIs31n8Y+/5dWPmhB7pNJ3g=,mjwWzbGvHB3km+P66kV023fG0AU=
0,-30,qV5CZIs31n8Y+/5dWPmhB7pNJ3g=,mjwWzbGvHB3km+P66kV023fG0AU=
7,-17,qV5CZIs31n8Y+/5dWPmhB7pNJ3g=,mjwWzbGvHB3km+P66kV023fG0AU=
1,-30,qV5CZIs31n8Y+/5dWPmhB7pNJ3g=,mjwWzbGvHB3km+P66kV023fG0AU=
14,-30,qV5CZIs31n8Y+/5dWPmhB7pNJ3g=,mjwWzbGvHB3km+P66kV023fG0AU=
1,-17,qV5CZIs31n8Y+/5dWPmhB7pNJ3g=,mjwWzbGvHB3km+P66kV023fG0AU=
4,-32,qV5CZIs31n8Y+/5dWPmhB7pNJ3g=,mjwWzbGvHB3km+P66kV023fG0AU=
12,-17,qV5CZIs31n8Y+/5dWPmhB7pNJ3g=,mjwWzbGvHB3km+P66kV023fG0AU=
5,-17,qV5CZIs31n8Y+/5dWPmhB7pNJ3g=,mjwWzbGvHB3km+P66kV023fG0AU=
0,-17,qV5CZIs31n8Y+/5dWPmhB7pNJ3g=,mjwWzbGvHB3km+P66kV023fG0AU=
4,-17,qV5CZIs31n8Y+/5dWPmhB7pNJ3g=,mjwWzbGvHB3km+P66kV023fG0AU=
3,-17,qV5CZIs31n8Y+/5dWPmhB7pNJ3g=,mjwWzbGvHB3km+P66kV023fG0AU=
15,-18,qV5CZIs31n8Y+/5dWPmhB7pNJ3g=,mjwWzbGvHB3km+P66kV023fG0AU=
9,-17,qV5CZIs31n8Y+/5dWPmhB7pNJ3g=,mjwWzbGvHB3km+P66kV023fG0AU=
8,-17,qV5CZIs31n8Y+/5dWPmhB7pNJ3g=,mjwWzbGvHB3km+P66kV023fG0AU=
6,-17,qV5CZIs31n8Y+/5dWPmhB7pNJ3g=,mjwWzbGvHB3km+P66kV023fG0AU=
14,-31,qV5CZIs31n8Y+/5dWPmhB7pNJ3g=,mjwWzbGvHB3km+P66kV023fG0AU=
13,-29,qV5CZIs31n8Y+/5dWPmhB7pNJ3g=,mjwWzbGvHB3km+P66kV023fG0AU=
2,-32,qV5CZIs31n8Y+/5dWPmhB7pNJ3g=,mjwWzbGvHB3km+P66kV023fG0AU=
13,-18,qV5CZIs31n8Y+/5dWPmhB7pNJ3g=,mjwWzbGvHB3km+P66kV023fG0AU=
2,-17,qV5CZIs31n8Y+/5dWPmhB7pNJ3g=,mjwWzbGvHB3km+P66kV023fG0AU=
5,-18,qV5CZIs31n8Y+/5dWPmhB7pNJ3g=,mjwWzbGvHB3km+P66kV023fG0AU=
12,-18,qV5CZIs31n8Y+/5dWPmhB7pNJ3g=,mjwWzbGvHB3km+P66kV023fG0AU=
10,-18,qV5CZIs31n8Y+/5dWPmhB7pNJ3g=,mjwWzbGvHB3km+P66kV023fG0AU=
14,-18,qV5CZIs31n8Y+/5dWPmhB7pNJ3g=,mjwWzbGvHB3km+P66kV023fG0AU=
10,-29,qV5CZIs31n8Y+/5dWPmhB7pNJ3g=,mjwWzbGvHB3km+P66kV023fG0AU=
11,-18,qV5CZIs31n8Y+/5dWPmhB7pNJ3g=,mjwWzbGvHB3km+P66kV023fG0AU=
9,-29,qV5CZIs31n8Y+/5dWPmhB7pNJ3g=,mjwWzbGvHB3km+P66kV023fG0AU=
6,-18,qV5CZIs31n8Y+/5dWPmhB7pNJ3g=,mjwWzbGvHB3km+P66kV023fG0AU=
4,-18,qV5CZIs31n8Y+/5dWPmhB7pNJ3g=,mjwWzbGvHB3km+P66kV023fG0AU=
2,-18,qV5CZIs31n8Y+/5dWPmhB7pNJ3g=,mjwWzbGvHB3km+P66kV023fG0AU=
1,-18,qV5CZIs31n8Y+/5dWPmhB7pNJ3g=,mjwWzbGvHB3km+P66kV023fG0AU=
3,-18,qV5CZIs31n8Y+/5dWPmhB7pNJ3g=,mjwWzbGvHB3km+P66kV023fG0AU=
15,-19,qV5CZIs31n8Y+/5dWPmhB7pNJ3g=,mjwWzbGvHB3km+P66kV023fG0AU=
0,-18,qV5CZIs31n8Y+/5dWPmhB7pNJ3g=,mjwWzbGvHB3km+P66kV023fG0AU=
14,-29,qV5CZIs31n8Y+/5dWPmhB7pNJ3g=,mjwWzbGvHB3km+P66kV023fG0AU=
7,-18,qV5CZIs31n8Y+/5dWPmhB7pNJ3g=,mjwWzbGvHB3km+P66kV023fG0AU=
1,-31,qV5CZIs31n8Y+/5dWPmhB7pNJ3g=,mjwWzbGvHB3km+P66kV023fG0AU=
8,-18,qV5CZIs31n8Y+/5dWPmhB7pNJ3g=,mjwWzbGvHB3km+P66kV023fG0AU=
13,-19,qV5CZIs31n8Y+/5dWPmhB7pNJ3g=,mjwWzbGvHB3km+P66kV023fG0AU=
5,-32,qV5CZIs31n8Y+/5dWPmhB7pNJ3g=,mjwWzbGvHB3km+P66kV023fG0AU=
9,-19,qV5CZIs31n8Y+/5dWPmhB7pNJ3g=,mjwWzbGvHB3km+P66kV023fG0AU=
0,-31,qV5CZIs31n8Y+/5dWPmhB7pNJ3g=,mjwWzbGvHB3km+P66kV023fG0AU=
9,-18,qV5CZIs31n8Y+/5dWPmhB7pNJ3g=,mjwWzbGvHB3km+P66kV023fG0AU=
5,-19,qV5CZIs31n8Y+/5dWPmhB7pNJ3g=,mjwWzbGvHB3km+P66kV023fG0AU=
3,-19,qV5CZIs31n8Y+/5dWPmhB7pNJ3g=,mjwWzbGvHB3km+P66kV023fG0AU=
6,-19,qV5CZIs31n8Y+/5dWPmhB7pNJ3g=,mjwWzbGvHB3km+P66kV023fG0AU=
8,-29,qV5CZIs31n8Y+/5dWPmhB7pNJ3g=,mjwWzbGvHB3km+P66kV023fG0AU=
8,-19,qV5CZIs31n8Y+/5dWPmhB7pNJ3g=,mjwWzbGvHB3km+P66kV023fG0AU=
1,-32,qV5CZIs31n8Y+/5dWPmhB7pNJ3g=,mjwWzbGvHB3km+P66kV023fG0AU=
2,-19,qV5CZIs31n8Y+/5dWPmhB7pNJ3g=,mjwWzbGvHB3km+P66kV023fG0AU=
14,-19,qV5CZIs31n8Y+/5dWPmhB7pNJ3g=,mjwWzbGvHB3km+P66kV023fG0AU=
12,-19,qV5CZIs31n8Y+/5dWPmhB7pNJ3g=,mjwWzbGvHB3km+P66kV023fG0AU=
14,-20,qV5CZIs31n8Y+/5dWPmhB7pNJ3g=,mjwWzbGvHB3km+P66kV023fG0AU=
4,-19,qV5CZIs31n8Y+/5dWPmhB7pNJ3g=,mjwWzbGvHB3km+P66kV023fG0AU=
12,-31,qV5CZIs31n8Y+/5dWPmhB7pNJ3g=,mjwWzbGvHB3km+P66kV023fG0AU=
10,-19,qV5CZIs31n8Y+/5dWPmhB7pNJ3g=,mjwWzbGvHB3km+P66kV023fG0AU=
13,-20,qV5CZIs31n8Y+/5dWPmhB7pNJ3g=,mjwWzbGvHB3km+P66kV023fG0AU=
11,-19,qV5CZIs31n8Y+/5dWPmhB7pNJ3g=,mjwWzbGvHB3km+P66kV023fG0AU=
7,-19,qV5CZIs31n8Y+/5dWPmhB7pNJ3g=,mjwWzbGvHB3km+P66kV023fG0AU=
1,-19,qV5CZIs31n8Y+/5dWPmhB7pNJ3g=,mjwWzbGvHB3km+P66kV023fG0AU=
0,-19,qV5CZIs31n8Y+/5dWPmhB7pNJ3g=,mjwWzbGvHB3km+P66kV023fG0AU=
2,-31,qV5CZIs31n8Y+/5dWPmhB7pNJ3g=,mjwWzbGvHB3km+P66kV023fG0AU=
15,-20,qV5CZIs31n8Y+/5dWPmhB7pNJ3g=,mjwWzbGvHB3km+P66kV023fG0AU=
13,-31,qV5CZIs31n8Y+/5dWPmhB7pNJ3g=,mjwWzbGvHB3km+P66kV023fG0AU=
9,-20,qV5CZIs31n8Y+/5dWPmhB7pNJ3g=,mjwWzbGvHB3km+P66kV023fG0AU=
7,-20,qV5CZIs31n8Y+/5dWPmhB7pNJ3g=,mjwWzbGvHB3km+P66kV023fG0AU=
15,-32,qV5CZIs31n8Y+/5dWPmhB7pNJ3g=,mjwWzbGvHB3km+P66kV023fG0AU=
2,-20,qV5CZIs31n8Y+/5dWPmhB7pNJ3g=,mjwWzbGvHB3km+P66kV023fG0AU=
6,-20,qV5CZIs31n8Y+/5dWPmhB7pNJ3g=,mjwWzbGvHB3km+P66kV023fG0AU=
15,-29,qV5CZIs31n8Y+/5dWPmhB7pNJ3g=,mjwWzbGvHB3km+P66kV023fG0AU=
14,-32,qV5CZIs31n8Y+/5dWPmhB7pNJ3g=,mjwWzbGvHB3km+P66kV023fG0AU=
1,-20,qV5CZIs31n8Y+/5dWPmhB7pNJ3g=,mjwWzbGvHB3km+P66kV023fG0AU=
12,-20,qV5CZIs31n8Y+/5dWPmhB7pNJ3g=,mjwWzbGvHB3km+P66kV023fG0AU=
0,-20,qV5CZIs31n8Y+/5dWPmhB7pNJ3g=,mjwWzbGvHB3km+P66kV023fG0AU=
11,-31,qV5CZIs31n8Y+/5dWPmhB7pNJ3g=,mjwWzbGvHB3km+P66kV023fG0AU=
10,-20,qV5CZIs31n8Y+/5dWPmhB7pNJ3g=,mjwWzbGvHB3km+P66kV023fG0AU=
3,-20,qV5CZIs31n8Y+/5dWPmhB7pNJ3g=,mjwWzbGvHB3km+P66kV023fG0AU=
5,-20,qV5CZIs31n8Y+/5dWPmhB7pNJ3g=,mjwWzbGvHB3km+P66kV023fG0AU=
4,-20,qV5CZIs31n8Y+/5dWPmhB7pNJ3g=,mjwWzbGvHB3km+P66kV023fG0AU=
7,-29,qV5CZIs31n8Y+/5dWPmhB7pNJ3g=,mjwWzbGvHB3km+P66kV023fG0AU=
0,-28,qV5CZIs31n8Y+/5dWPmhB7pNJ3g=,mjwWzbGvHB3km+P66kV023fG0AU=
11,-20,qV5CZIs31n8Y+/5dWPmhB7pNJ3g=,mjwWzbGvHB3km+P66kV023fG0AU=
12,-21,qV5CZIs31n8Y+/5dWPmhB7pNJ3g=,mjwWzbGvHB3km+P66kV023fG0AU=
13,-21,qV5CZIs31n8Y+/5dWPmhB7pNJ3g=,mjwWzbGvHB3km+P66kV023fG0AU=
8,-20,qV5CZIs31n8Y+/5dWPmhB7pNJ3g=,mjwWzbGvHB3km+P66kV023fG0AU=
1,-28,qV5CZIs31n8Y+/5dWPmhB7pNJ3g=,mjwWzbGvHB3km+P66kV023fG0AU=
11,-21,qV5CZIs31n8Y+/5dWPmhB7pNJ3g=,mjwWzbGvHB3km+P66kV023fG0AU=
15,-21,qV5CZIs31n8Y+/5dWPmhB7pNJ3g=,mjwWzbGvHB3km+P66kV023fG0AU=
14,-21,qV5CZIs31n8Y+/5dWPmhB7pNJ3g=,mjwWzbGvHB3km+P66kV023fG0AU=
9,-21,qV5CZIs31n8Y+/5dWPmhB7pNJ3g=,mjwWzbGvHB3km+P66kV023fG0AU=
7,-21,qV5CZIs31n8Y+/5dWPmhB7pNJ3g=,mjwWzbGvHB3km+P66kV023fG0AU=
6,-21,qV5CZIs31n8Y+/5dWPmhB7pNJ3g=,mjwWzbGvHB3km+P66kV023fG0AU=
8,-21,qV5CZIs31n8Y+/5dWPmhB7pNJ3g=,mjwWzbGvHB3km+P66kV023fG0AU=
13,-32,qV5CZIs31n8Y+/5dWPmhB7pNJ3g=,mjwWzbGvHB3km+P66kV023fG0AU=
2,-28,qV5CZIs31n8Y+/5dWPmhB7pNJ3g=,mjwWzbGvHB3km+P66kV023fG0AU=
10,-21,qV5CZIs31n8Y+/5dWPmhB7pNJ3g=,mjwWzbGvHB3km+P66kV023fG0AU=
5,-21,qV5CZIs31n8Y+/5dWPmhB7pNJ3g=,mjwWzbGvHB3km+P66kV023fG0AU=
6,-29,qV5CZIs31n8Y+/5dWPmhB7pNJ3g=,mjwWzbGvHB3km+P66kV023fG0AU=
4,-28,qV5CZIs31n8Y+/5dWPmhB7pNJ3g=,mjwWzbGvHB3km+P66kV023fG0AU=
7,-28,qV5CZIs31n8Y+/5dWPmhB7pNJ3g=,mjwWzbGvHB3km+P66kV023fG0AU=
8,-28,qV5CZIs31n8Y+/5dWPmhB7pNJ3g=,mjwWzbGvHB3km+P66kV023fG0AU=
5,-28,qV5CZIs31n8Y+/5dWPmhB7pNJ3g=,mjwWzbGvHB3km+P66kV023fG0AU=
3,-28,qV5CZIs31n8Y+/5dWPmhB7pNJ3g=,mjwWzbGvHB3km+P66kV023fG0AU=
6,-32,qV5CZIs31n8Y+/5dWPmhB7pNJ3g=,mjwWzbGvHB3km+P66kV023fG0AU=
15,-30,qV5CZIs31n8Y+/5dWPmhB7pNJ3g=,mjwWzbGvHB3km+P66kV023fG0AU=
12,-28,qV5CZIs31n8Y+/5dWPmhB7pNJ3g=,mjwWzbGvHB3km+P66kV023fG0AU=
9,-28,qV5CZIs31n8Y+/5dWPmhB7pNJ3g=,mjwWzbGvHB3km+P66kV023fG0AU=
11,-28,qV5CZIs31n8Y+/5dWPmhB7pNJ3g=,mjwWzbGvHB3km+P66kV023fG0AU=
6,-28,qV5CZIs31n8Y+/5dWPmhB7pNJ3g=,mjwWzbGvHB3km+P66kV023fG0AU=
10,-28,qV5CZIs31n8Y+/5dWPmhB7pNJ3g=,mjwWzbGvHB3km+P66kV023fG0AU=
13,-28,qV5CZIs31n8Y+/5dWPmhB7pNJ3g=,mjwWzbGvHB3km+P66kV023fG0AU=
3,-31,qV5CZIs31n8Y+/5dWPmhB7pNJ3g=,mjwWzbGvHB3km+P66kV023fG0AU=
1,-27,qV5CZIs31n8Y+/5dWPmhB7pNJ3g=,mjwWzbGvHB3km+P66kV023fG0AU=
4,-27,qV5CZIs31n8Y+/5dWPmhB7pNJ3g=,mjwWzbGvHB3km+P66kV023fG0AU=
15,-28,qV5CZIs31n8Y+/5dWPmhB7pNJ3g=,mjwWzbGvHB3km+P66kV023fG0AU=
0,-27,qV5CZIs31n8Y+/5dWPmhB7pNJ3g=,mjwWzbGvHB3km+P66kV023fG0AU=
2,-27,qV5CZIs31n8Y+/5dWPmhB7pNJ3g=,mjwWzbGvHB3km+P66kV023fG0AU=
3,-27,qV5CZIs31n8Y+/5dWPmhB7pNJ3g=,mjwWzbGvHB3km+P66kV023fG0AU=
14,-28,qV5CZIs31n8Y+/5dWPmhB7pNJ3g=,mjwWzbGvHB3km+P66kV023fG0AU=
5,-27,qV5CZIs31n8Y+/5dWPmhB7pNJ3g=,mjwWzbGvHB3km+P66kV023fG0AU=
4,-31,qV5CZIs31n8Y+/5dWPmhB7pNJ3g=,mjwWzbGvHB3km+P66kV023fG0AU=
6,-27,qV5CZIs31n8Y+/5dWPmhB7pNJ3g=,mjwWzbGvHB3km+P66kV023fG0AU=
7,-27,qV5CZIs31n8Y+/5dWPmhB7pNJ3g=,mjwWzbGvHB3km+P66kV023fG0AU=
9,-27,qV5CZIs31n8Y+/5dWPmhB7pNJ3g=,mjwWzbGvHB3km+P66kV023fG0AU=
10,-27,qV5CZIs31n8Y+/5dWPmhB7pNJ3g=,mjwWzbGvHB3km+P66kV023fG0AU=
12,-27,qV5CZIs31n8Y+/5dWPmhB7pNJ3g=,mjwWzbGvHB3km+P66kV023fG0AU=
8,-27,qV5CZIs31n8Y+/5dWPmhB7pNJ3g=,mjwWzbGvHB3km+P66kV023fG0AU=
7,-32,qV5CZIs31n8Y+/5dWPmhB7pNJ3g=,mjwWzbGvHB3km+P66kV023fG0AU=
11,-27,qV5CZIs31n8Y+/5dWPmhB7pNJ3g=,mjwWzbGvHB3km+P66kV023fG0AU=
0,-29,qV5CZIs31n8Y+/5dWPmhB7pNJ3g=,mjwWzbGvHB3km+P66kV023fG0AU=
0,-26,qV5CZIs31n8Y+/5dWPmhB7pNJ3g=,mjwWzbGvHB3km+P66kV023fG0AU=
5,-31,qV5CZIs31n8Y+/5dWPmhB7pNJ3g=,mjwWzbGvHB3km+P66kV023fG0AU=
13,-27,qV5CZIs31n8Y+/5dWPmhB7pNJ3g=,mjwWzbGvHB3km+P66kV023fG0AU=
4,-26,qV5CZIs31n8Y+/5dWPmhB7pNJ3g=,mjwWzbGvHB3km+P66kV023fG0AU=
15,-27,qV5CZIs31n8Y+/5dWPmhB7pNJ3g=,mjwWzbGvHB3km+P66kV023fG0AU=
14,-27,qV5CZIs31n8Y+/5dWPmhB7pNJ3g=,mjwWzbGvHB3km+P66kV023fG0AU=
5,-26,qV5CZIs31n8Y+/5dWPmhB7pNJ3g=,mjwWzbGvHB3km+P66kV023fG0AU=
2,-26,qV5CZIs31n8Y+/5dWPmhB7pNJ3g=,mjwWzbGvHB3km+P66kV023fG0AU=
1,-26,qV5CZIs31n8Y+/5dWPmhB7pNJ3g=,mjwWzbGvHB3km+P66kV023fG0AU=
3,-26,qV5CZIs31n8Y+/5dWPmhB7pNJ3g=,mjwWzbGvHB3km+P66kV023fG0AU=
6,-26,qV5CZIs31n8Y+/5dWPmhB7pNJ3g=,mjwWzbGvHB3km+P66kV023fG0AU=
9,-26,qV5CZIs31n8Y+/5dWPmhB7pNJ3g=,mjwWzbGvHB3km+P66kV023fG0AU=
8,-32,qV5CZIs31n8Y+/5dWPmhB7pNJ3g=,mjwWzbGvHB3km+P66kV023fG0AU=
10,-26,qV5CZIs31n8Y+/5dWPmhB7pNJ3g=,mjwWzbGvHB3km+P66kV023fG0AU=
11,-26,qV5CZIs31n8Y+/5dWPmhB7pNJ3g=,mjwWzbGvHB3km+P66kV023fG0AU=
12,-26,qV5CZIs31n8Y+/5dWPmhB7pNJ3g=,mjwWzbGvHB3km+P66kV023fG0AU=
13,-26,qV5CZIs31n8Y+/5dWPmhB7pNJ3g=,mjwWzbGvHB3km+P66kV023fG0AU=
1,-29,qV5CZIs31n8Y+/5dWPmhB7pNJ3g=,mjwWzbGvHB3km+P66kV023fG0AU=
7,-26,qV5CZIs31n8Y+/5dWPmhB7pNJ3g=,mjwWzbGvHB3km+P66kV023fG0AU=
0,-25,qV5CZIs31n8Y+/5dWPmhB7pNJ3g=,mjwWzbGvHB3km+P66kV023fG0AU=
6,-31,qV5CZIs31n8Y+/5dWPmhB7pNJ3g=,mjwWzbGvHB3km+P66kV023fG0AU=
14,-26,qV5CZIs31n8Y+/5dWPmhB7pNJ3g=,mjwWzbGvHB3km+P66kV023fG0AU=
8,-26,qV5CZIs31n8Y+/5dWPmhB7pNJ3g=,mjwWzbGvHB3km+P66kV023fG0AU=
3,-25,qV5CZIs31n8Y+/5dWPmhB7pNJ3g=,mjwWzbGvHB3km+P66kV023fG0AU=
5,-25,qV5CZIs31n8Y+/5dWPmhB7pNJ3g=,mjwWzbGvHB3km+P66kV023fG0AU=
6,-25,qV5CZIs31n8Y+/5dWPmhB7pNJ3g=,mjwWzbGvHB3km+P66kV023fG0AU=
2,-25,qV5CZIs31n8Y+/5dWPmhB7pNJ3g=,mjwWzbGvHB3km+P66kV023fG0AU=
1,-25,qV5CZIs31n8Y+/5dWPmhB7pNJ3g=,mjwWzbGvHB3km+P66kV023fG0AU=
15,-26,qV5CZIs31n8Y+/5dWPmhB7pNJ3g=,mjwWzbGvHB3km+P66kV023fG0AU=
4,-25,qV5CZIs31n8Y+/5dWPmhB7pNJ3g=,mjwWzbGvHB3km+P66kV023fG0AU=
9,-32,qV5CZIs31n8Y+/5dWPmhB7pNJ3g=,mjwWzbGvHB3km+P66kV023fG0AU=
7,-25,qV5CZIs31n8Y+/5dWPmhB7pNJ3g=,mjwWzbGvHB3km+P66kV023fG0AU=
10,-25,qV5CZIs31n8Y+/5dWPmhB7pNJ3g=,mjwWzbGvHB3km+P66kV023fG0AU=
2,-29,qV5CZIs31n8Y+/5dWPmhB7pNJ3g=,mjwWzbGvHB3km+P66kV023fG0AU=
9,-25,qV5CZIs31n8Y+/5dWPmhB7pNJ3g=,mjwWzbGvHB3km+P66kV023fG0AU=
8,-25,qV5CZIs31n8Y+/5dWPmhB7pNJ3g=,mjwWzbGvHB3km+P66kV023fG0AU=
13,-25,qV5CZIs31n8Y+/5dWPmhB7pNJ3g=,mjwWzbGvHB3km+P66kV023fG0AU=
12,-25,qV5CZIs31n8Y+/5dWPmhB7pNJ3g=,mjwWzbGvHB3km+P66kV023fG0AU=
14,-25,qV5CZIs31n8Y+/5dWPmhB7pNJ3g=,mjwWzbGvHB3km+P66kV023fG0AU=
0,-24,qV5CZIs31n8Y+/5dWPmhB7pNJ3g=,mjwWzbGvHB3km+P66kV023fG0AU=
3,-24,qV5CZIs31n8Y+/5dWPmhB7pNJ3g=,mjwWzbGvHB3km+P66kV023fG0AU=
2,-24,qV5CZIs31n8Y+/5dWPmhB7pNJ3g=,mjwWzbGvHB3km+P66kV023fG0AU=
7,-31,qV5CZIs31n8Y+/5dWPmhB7pNJ3g=,mjwWzbGvHB3km+P66kV023fG0AU=
4,-24,qV5CZIs31n8Y+/5dWPmhB7pNJ3g=,mjwWzbGvHB3km+P66kV023fG0AU=
1,-24,qV5CZIs31n8Y+/5dWPmhB7pNJ3g=,mjwWzbGvHB3km+P66kV023fG0AU=
15,-25,qV5CZIs31n8Y+/5dWPmhB7pNJ3g=,mjwWzbGvHB3km+P66kV023fG0AU=
10,-32,qV5CZIs31n8Y+/5dWPmhB7pNJ3g=,mjwWzbGvHB3km+P66kV023fG0AU=
11,-25,qV5CZIs31n8Y+/5dWPmhB7pNJ3g=,mjwWzbGvHB3km+P66kV023fG0AU=
7,-24,qV5CZIs31n8Y+/5dWPmhB7pNJ3g=,mjwWzbGvHB3km+P66kV023fG0AU=
8,-24,qV5CZIs31n8Y+/5dWPmhB7pNJ3g=,mjwWzbGvHB3km+P66kV023fG0AU=
6,-24,qV5CZIs31n8Y+/5dWPmhB7pNJ3g=,mjwWzbGvHB3km+P66kV023fG0AU=
9,-24,qV5CZIs31n8Y+/5dWPmhB7pNJ3g=,mjwWzbGvHB3km+P66kV023fG0AU=
11,-24,qV5CZIs31n8Y+/5dWPmhB7pNJ3g=,mjwWzbGvHB3km+P66kV023fG0AU=
5,-24,qV5CZIs31n8Y+/5dWPmhB7pNJ3g=,mjwWzbGvHB3km+P66kV023fG0AU=
10,-24,qV5CZIs31n8Y+/5dWPmhB7pNJ3g=,mjwWzbGvHB3km+P66kV023fG0AU=
3,-29,qV5CZIs31n8Y+/5dWPmhB7pNJ3g=,mjwWzbGvHB3km+P66kV023fG0AU=
12,-24,qV5CZIs31n8Y+/5dWPmhB7pNJ3g=,mjwWzbGvHB3km+P66kV023fG0AU=
14,-24,qV5CZIs31n8Y+/5dWPmhB7pNJ3g=,mjwWzbGvHB3km+P66kV023fG0AU=
15,-24,qV5CZIs31n8Y+/5dWPmhB7pNJ3g=,mjwWzbGvHB3km+P66kV023fG0AU=
8,-31,qV5CZIs31n8Y+/5dWPmhB7pNJ3g=,mjwWzbGvHB3km+P66kV023fG0AU=
0,-23,qV5CZIs31n8Y+/5dWPmhB7pNJ3g=,mjwWzbGvHB3km+P66kV023fG0AU=
1,-23,qV5CZIs31n8Y+/5dWPmhB7pNJ3g=,mjwWzbGvHB3km+P66kV023fG0AU=
2,-23,qV5CZIs31n8Y+/5dWPmhB7pNJ3g=,mjwWzbGvHB3km+P66kV023fG0AU=
4,-23,qV5CZIs31n8Y+/5dWPmhB7pNJ3g=,mjwWzbGvHB3km+P66kV023fG0AU=
13,-24,qV5CZIs31n8Y+/5dWPmhB7pNJ3g=,mjwWzbGvHB3km+P66kV023fG0AU=
3,-23,qV5CZIs31n8Y+/5dWPmhB7pNJ3g=,mjwWzbGvHB3km+P66kV023fG0AU=
11,-32,qV5CZIs31n8Y+/5dWPmhB7pNJ3g=,mjwWzbGvHB3km+P66kV023fG0AU=
4,-29,qV5CZIs31n8Y+/5dWPmhB7pNJ3g=,mjwWzbGvHB3km+P66kV023fG0AU=
5,-23,qV5CZIs31n8Y+/5dWPmhB7pNJ3g=,mjwWzbGvHB3km+P66kV023fG0AU=
11,-23,qV5CZIs31n8Y+/5dWPmhB7pNJ3g=,mjwWzbGvHB3km+P66kV023fG0AU=
6,-23,qV5CZIs31n8Y+/5dWPmhB7pNJ3g=,mjwWzbGvHB3km+P66kV023fG0AU=
10,-23,qV5CZIs31n8Y+/5dWPmhB7pNJ3g=,mjwWzbGvHB3km+P66kV023fG0AU=
9,-23,qV5CZIs31n8Y+/5dWPmhB7pNJ3g=,mjwWzbGvHB3km+P66kV023fG0AU=
7,-23,qV5CZIs31n8Y+/5dWPmhB7pNJ3g=,mjwWzbGvHB3km+P66kV023fG0AU=
12,-23,qV5CZIs31n8Y+/5dWPmhB7pNJ3g=,mjwWzbGvHB3km+P66kV023fG0AU=
9,-31,qV5CZIs31n8Y+/5dWPmhB7pNJ3g=,mjwWzbGvHB3km+P66kV023fG0AU=
8,-23,qV5CZIs31n8Y+/5dWPmhB7pNJ3g=,mjwWzbGvHB3km+P66kV023fG0AU=
0,-22,qV5CZIs31n8Y+/5dWPmhB7pNJ3g=,mjwWzbGvHB3km+P66kV023fG0AU=
1,-22,qV5CZIs31n8Y+/5dWPmhB7pNJ3g=,mjwWzbGvHB3km+P66kV023fG0AU=
14,-23,qV5CZIs31n8Y+/5dWPmhB7pNJ3g=,mjwWzbGvHB3km+P66kV023fG0AU=
13,-23,qV5CZIs31n8Y+/5dWPmhB7pNJ3g=,mjwWzbGvHB3km+P66kV023fG0AU=
3,-22,qV5CZIs31n8Y+/5dWPmhB7pNJ3g=,mjwWzbGvHB3km+P66kV023fG0AU=
15,-23,qV5CZIs31n8Y+/5dWPmhB7pNJ3g=,mjwWzbGvHB3km+P66kV023fG0AU=
2,-22,qV5CZIs31n8Y+/5dWPmhB7pNJ3g=,mjwWzbGvHB3km+P66kV023fG0AU=
4,-22,qV5CZIs31n8Y+/5dWPmhB7pNJ3g=,mjwWzbGvHB3km+P66kV023fG0AU=
5,-22,qV5CZIs31n8Y+/5dWPmhB7pNJ3g=,mjwWzbGvHB3km+P66kV023fG0AU=
5,-29,qV5CZIs31n8Y+/5dWPmhB7pNJ3g=,mjwWzbGvHB3km+P66kV023fG0AU=
12,-32,qV5CZIs31n8Y+/5dWPmhB7pNJ3g=,mjwWzbGvHB3km+P66kV023fG0AU=
6,-22,qV5CZIs31n8Y+/5dWPmhB7pNJ3g=,mjwWzbGvHB3km+P66kV023fG0AU=
8,-22,qV5CZIs31n8Y+/5dWPmhB7pNJ3g=,mjwWzbGvHB3km+P66kV023fG0AU=
7,-22,qV5CZIs31n8Y+/5dWPmhB7pNJ3g=,mjwWzbGvHB3km+P66kV023fG0AU=
9,-22,qV5CZIs31n8Y+/5dWPmhB7pNJ3g=,mjwWzbGvHB3km+P66kV023fG0AU=
12,-22,qV5CZIs31n8Y+/5dWPmhB7pNJ3g=,mjwWzbGvHB3km+P66kV023fG0AU=
10,-22,qV5CZIs31n8Y+/5dWPmhB7pNJ3g=,mjwWzbGvHB3km+P66kV023fG0AU=
13,-22,qV5CZIs31n8Y+/5dWPmhB7pNJ3g=,mjwWzbGvHB3km+P66kV023fG0AU=
14,-22,qV5CZIs31n8Y+/5dWPmhB7pNJ3g=,mjwWzbGvHB3km+P66kV023fG0AU=
11,-22,qV5CZIs31n8Y+/5dWPmhB7pNJ3g=,mjwWzbGvHB3km+P66kV023fG0AU=
10,-31,qV5CZIs31n8Y+/5dWPmhB7pNJ3g=,mjwWzbGvHB3km+P66kV023fG0AU=
15,-22,qV5CZIs31n8Y+/5dWPmhB7pNJ3g=,mjwWzbGvHB3km+P66kV023fG0AU=
0,-21,qV5CZIs31n8Y+/5dWPmhB7pNJ3g=,mjwWzbGvHB3km+P66kV023fG0AU=
3,-21,qV5CZIs31n8Y+/5dWPmhB7pNJ3g=,mjwWzbGvHB3km+P66kV023fG0AU=
1,-21,qV5CZIs31n8Y+/5dWPmhB7pNJ3g=,mjwWzbGvHB3km+P66kV023fG0AU=
2,-21,qV5CZIs31n8Y+/5dWPmhB7pNJ3g=,mjwWzbGvHB3km+P66kV023fG0AU=
4,-21,qV5CZIs31n8Y+/5dWPmhB7pNJ3g=,mjwWzbGvHB3km+P66kV023fG0AU=
13,-1,C8Yk3K5PYCDqSK1BW31VzKVrh6g=,3qfa4jNwDDtEQagRRS3qc9BKrg4=
11,-1,C8Yk3K5PYCDqSK1BW31VzKVrh6g=,3qfa4jNwDDtEQagRRS3qc9BKrg4=
12,-1,C8Yk3K5PYCDqSK1BW31VzKVrh6g=,3qfa4jNwDDtEQagRRS3qc9BKrg4=
13,-14,C8Yk3K5PYCDqSK1BW31VzKVrh6g=,3qfa4jNwDDtEQagRRS3qc9BKrg4=
14,-1,C8Yk3K5PYCDqSK1BW31VzKVrh6g=,3qfa4jNwDDtEQagRRS3qc9BKrg4=
3,-16,C8Yk3K5PYCDqSK1BW31VzKVrh6g=,3qfa4jNwDDtEQagRRS3qc9BKrg4=
15,-1,C8Yk3K5PYCDqSK1BW31VzKVrh6g=,3qfa4jNwDDtEQagRRS3qc9BKrg4=
0,-16,C8Yk3K5PYCDqSK1BW31VzKVrh6g=,3qfa4jNwDDtEQagRRS3qc9BKrg4=
9,-1,C8Yk3K5PYCDqSK1BW31VzKVrh6g=,3qfa4jNwDDtEQagRRS3qc9BKrg4=
6,-1,C8Yk3K5PYCDqSK1BW31VzKVrh6g=,3qfa4jNwDDtEQagRRS3qc9BKrg4=
14,-14,C8Yk3K5PYCDqSK1BW31VzKVrh6g=,3qfa4jNwDDtEQagRRS3qc9BKrg4=
10,-1,C8Yk3K5PYCDqSK1BW31VzKVrh6g=,3qfa4jNwDDtEQagRRS3qc9BKrg4=
5,-1,C8Yk3K5PYCDqSK1BW31VzKVrh6g=,3qfa4jNwDDtEQagRRS3qc9BKrg4=
15,-14,C8Yk3K5PYCDqSK1BW31VzKVrh6g=,3qfa4jNwDDtEQagRRS3qc9BKrg4=
7,-1,C8Yk3K5PYCDqSK1BW31VzKVrh6g=,3qfa4jNwDDtEQagRRS3qc9BKrg4=
8,-1,C8Yk3K5PYCDqSK1BW31VzKVrh6g=,3qfa4jNwDDtEQagRRS3qc9BKrg4=
15,-15,C8Yk3K5PYCDqSK1BW31VzKVrh6g=,3qfa4jNwDDtEQagRRS3qc9BKrg4=
1,-15,C8Yk3K5PYCDqSK1BW31VzKVrh6g=,3qfa4jNwDDtEQagRRS3qc9BKrg4=
0,-13,C8Yk3K5PYCDqSK1BW31VzKVrh6g=,3qfa4jNwDDtEQagRRS3qc9BKrg4=
14,-15,C8Yk3K5PYCDqSK1BW31VzKVrh6g=,3qfa4jNwDDtEQagRRS3qc9BKrg4=
4,-1,C8Yk3K5PYCDqSK1BW31VzKVrh6g=,3qfa4jNwDDtEQagRRS3qc9BKrg4=
3,-1,C8Yk3K5PYCDqSK1BW31VzKVrh6g=,3qfa4jNwDDtEQagRRS3qc9BKrg4=
13,-15,C8Yk3K5PYCDqSK1BW31VzKVrh6g=,3qfa4jNwDDtEQagRRS3qc9BKrg4=
2,-1,C8Yk3K5PYCDqSK1BW31VzKVrh6g=,3qfa4jNwDDtEQagRRS3qc9BKrg4=
1,-1,C8Yk3K5PYCDqSK1BW31VzKVrh6g=,3qfa4jNwDDtEQagRRS3qc9BKrg4=
10,-15,C8Yk3K5PYCDqSK1BW31VzKVrh6g=,3qfa4jNwDDtEQagRRS3qc9BKrg4=
12,-15,C8Yk3K5PYCDqSK1BW31VzKVrh6g=,3qfa4jNwDDtEQagRRS3qc9BKrg4=
1,-13,C8Yk3K5PYCDqSK1BW31VzKVrh6g=,3qfa4jNwDDtEQagRRS3qc9BKrg4=
11,-15,C8Yk3K5PYCDqSK1BW31VzKVrh6g=,3qfa4jNwDDtEQagRRS3qc9BKrg4=
9,-15,C8Yk3K5PYCDqSK1BW31VzKVrh6g=,3qfa4jNwDDtEQagRRS3qc9BKrg4=
6,-15,C8Yk3K5PYCDqSK1BW31VzKVrh6g=,3qfa4jNwDDtEQagRRS3qc9BKrg4=
5,-15,C8Yk3K5PYCDqSK1BW31VzKVrh6g=,3qfa4jNwDDtEQagRRS3qc9BKrg4=
15,-2,C8Yk3K5PYCDqSK1BW31VzKVrh6g=,3qfa4jNwDDtEQagRRS3qc9BKrg4=
4,-15,C8Yk3K5PYCDqSK1BW31VzKVrh6g=,3qfa4jNwDDtEQagRRS3qc9BKrg4=
8,-15,C8Yk3K5PYCDqSK1BW31VzKVrh6g=,3qfa4jNwDDtEQagRRS3qc9BKrg4=
2,-13,C8Yk3K5PYCDqSK1BW31VzKVrh6g=,3qfa4jNwDDtEQagRRS3qc9BKrg4=
0,-1,C8Yk3K5PYCDqSK1BW31VzKVrh6g=,3qfa4jNwDDtEQagRRS3qc9BKrg4=
7,-15,C8Yk3K5PYCDqSK1BW31VzKVrh6g=,3qfa4jNwDDtEQagRRS3qc9BKrg4=
3,-15,C8Yk3K5PYCDqSK1BW31VzKVrh6g=,3qfa4jNwDDtEQagRRS3qc9BKrg4=
14,-2,C8Yk3K5PYCDqSK1BW31VzKVrh6g=,3qfa4jNwDDtEQagRRS3qc9BKrg4=
13,-2,C8Yk3K5PYCDqSK1BW31VzKVrh6g=,3qfa4jNwDDtEQagRRS3qc9BKrg4=
2,-15,C8Yk3K5PYCDqSK1BW31VzKVrh6g=,3qfa4jNwDDtEQagRRS3qc9BKrg4=
10,-2,C8Yk3K5PYCDqSK1BW31VzKVrh6g=,3qfa4jNwDDtEQagRRS3qc9BKrg4=
12,-14,C8Yk3K5PYCDqSK1BW31VzKVrh6g=,3qfa4jNwDDtEQagRRS3qc9BKrg4=
2,-16,C8Yk3K5PYCDqSK1BW31VzKVrh6g=,3qfa4jNwDDtEQagRRS3qc9BKrg4=
12,-2,C8Yk3K5PYCDqSK1BW31VzKVrh6g=,3qfa4jNwDDtEQagRRS3qc9BKrg4=
3,-13,C8Yk3K5PYCDqSK1BW31VzKVrh6g=,3qfa4jNwDDtEQagRRS3qc9BKrg4=
9,-2,C8Yk3K5PYCDqSK1BW31VzKVrh6g=,3qfa4jNwDDtEQagRRS3qc9BKrg4=
11,-2,C8Yk3K5PYCDqSK1BW31VzKVrh6g=,3qfa4jNwDDtEQagRRS3qc9BKrg4=
8,-2,C8Yk3K5PYCDqSK1BW31VzKVrh6g=,3qfa4jNwDDtEQagRRS3qc9BKrg4=
7,-2,C8Yk3K5PYCDqSK1BW31VzKVrh6g=,3qfa4jNwDDtEQagRRS3qc9BKrg4=
4,-2,C8Yk3K5PYCDqSK1BW31VzKVrh6g=,3qfa4jNwDDtEQagRRS3qc9BKrg4=
6,-2,C8Yk3K5PYCDqSK1BW31VzKVrh6g=,3qfa4jNwDDtEQagRRS3qc9BKrg4=
4,-13,C8Yk3K5PYCDqSK1BW31VzKVrh6g=,3qfa4jNwDDtEQagRRS3qc9BKrg4=
5,-2,C8Yk3K5PYCDqSK1BW31VzKVrh6g=,3qfa4jNwDDtEQagRRS3qc9BKrg4=
15,-3,C8Yk3K5PYCDqSK1BW31VzKVrh6g=,3qfa4jNwDDtEQagRRS3qc9BKrg4=
3,-2,C8Yk3K5PYCDqSK1BW31VzKVrh6g=,3qfa4jNwDDtEQagRRS3qc9BKrg4=
0,-15,C8Yk3K5PYCDqSK1BW31VzKVrh6g=,3qfa4jNwDDtEQagRRS3qc9BKrg4=
14,-3,C8Yk3K5PYCDqSK1BW31VzKVrh6g=,3qfa4jNwDDtEQagRRS3qc9BKrg4=
0,-14,C8Yk3K5PYCDqSK1BW31VzKVrh6g=,3qfa4jNwDDtEQagRRS3qc9BKrg4=
2,-2,C8Yk3K5PYCDqSK1BW31VzKVrh6g=,3qfa4jNwDDtEQagRRS3qc9BKrg4=
15,-16,C8Yk3K5PYCDqSK1BW31VzKVrh6g=,3qfa4jNwDDtEQagRRS3qc9BKrg4=
13,-3,C8Yk3K5PYCDqSK1BW31VzKVrh6g=,3qfa4jNwDDtEQagRRS3qc9BKrg4=
0,-2,C8Yk3K5PYCDqSK1BW31VzKVrh6g=,3qfa4jNwDDtEQagRRS3qc9BKrg4=
1,-2,C8Yk3K5PYCDqSK1BW31VzKVrh6g=,3qfa4jNwDDtEQagRRS3qc9BKrg4=
10,-3,C8Yk3K5PYCDqSK1BW31VzKVrh6g=,3qfa4jNwDDtEQagRRS3qc9BKrg4=
9,-3,C8Yk3K5PYCDqSK1BW31VzKVrh6g=,3qfa4jNwDDtEQagRRS3qc9BKrg4=
11,-3,C8Yk3K5PYCDqSK1BW31VzKVrh6g=,3qfa4jNwDDtEQagRRS3qc9BKrg4=
7,-3,C8Yk3K5PYCDqSK1BW31VzKVrh6g=,3qfa4jNwDDtEQagRRS3qc9BKrg4=
12,-3,C8Yk3K5PYCDqSK1BW31VzKVrh6g=,3qfa4jNwDDtEQagRRS3qc9BKrg4=
11,-14,C8Yk3K5PYCDqSK1BW31VzKVrh6g=,3qfa4jNwDDtEQagRRS3qc9BKrg4=
8,-3,C8Yk3K5PYCDqSK1BW31VzKVrh6g=,3qfa4jNwDDtEQagRRS3qc9BKrg4=
4,-16,C8Yk3K5PYCDqSK1BW31VzKVrh6g=,3qfa4jNwDDtEQagRRS3qc9BKrg4=
5,-3,C8Yk3K5PYCDqSK1BW31VzKVrh6g=,3qfa4jNwDDtEQagRRS3qc9BKrg4=
6,-3,C8Yk3K5PYCDqSK1BW31VzKVrh6g=,3qfa4jNwDDtEQagRRS3qc9BKrg4=
3,-3,C8Yk3K5PYCDqSK1BW31VzKVrh6g=,3qfa4jNwDDtEQagRRS3qc9BKrg4=
1,-3,C8Yk3K5PYCDqSK1BW31VzKVrh6g=,3qfa4jNwDDtEQagRRS3qc9BKrg4=
5,-13,C8Yk3K5PYCDqSK1BW31VzKVrh6g=,3qfa4jNwDDtEQagRRS3qc9BKrg4=
4,-3,C8Yk3K5PYCDqSK1BW31VzKVrh6g=,3qfa4jNwDDtEQagRRS3qc9BKrg4=
2,-3,C8Yk3K5PYCDqSK1BW31VzKVrh6g=,3qfa4jNwDDtEQagRRS3qc9BKrg4=
1,-16,C8Yk3K5PYCDqSK1BW31VzKVrh6g=,3qfa4jNwDDtEQagRRS3qc9BKrg4=
15,-4,C8Yk3K5PYCDqSK1BW31VzKVrh6g=,3qfa4jNwDDtEQagRRS3qc9BKrg4=
14,-4,C8Yk3K5PYCDqSK1BW31VzKVrh6g=,3qfa4jNwDDtEQagRRS3qc9BKrg4=
0,-3,C8Yk3K5PYCDqSK1BW31VzKVrh6g=,3qfa4jNwDDtEQagRRS3qc9BKrg4=
14,-16,C8Yk3K5PYCDqSK1BW31VzKVrh6g=,3qfa4jNwDDtEQagRRS3qc9BKrg4=
13,-4,C8Yk3K5PYCDqSK1BW31VzKVrh6g=,3qfa4jNwDDtEQagRRS3qc9BKrg4=
8,-4,C8Yk3K5PYCDqSK1BW31VzKVrh6g=,3qfa4jNwDDtEQagRRS3qc9BKrg4=
9,-4,C8Yk3K5PYCDqSK1BW31VzKVrh6g=,3qfa4jNwDDtEQagRRS3qc9BKrg4=
6,-13,C8Yk3K5PYCDqSK1BW31VzKVrh6g=,3qfa4jNwDDtEQagRRS3qc9BKrg4=
7,-4,C8Yk3K5PYCDqSK1BW31VzKVrh6g=,3qfa4jNwDDtEQagRRS3qc9BKrg4=
11,-4,C8Yk3K5PYCDqSK1BW31VzKVrh6g=,3qfa4jNwDDtEQagRRS3qc9BKrg4=
10,-4,C8Yk3K5PYCDqSK1BW31VzKVrh6g=,3qfa4jNwDDtEQagRRS3qc9BKrg4=
12,-4,C8Yk3K5PYCDqSK1BW31VzKVrh6g=,3qfa4jNwDDtEQagRRS3qc9BKrg4=
6,-4,C8Yk3K5PYCDqSK1BW31VzKVrh6g=,3qfa4jNwDDtEQagRRS3qc9BKrg4=
10,-14,C8Yk3K5PYCDqSK1BW31VzKVrh6g=,3qfa4jNwDDtEQagRRS3qc9BKrg4=
5,-4,C8Yk3K5PYCDqSK1BW31VzKVrh6g=,3qfa4jNwDDtEQagRRS3qc9BKrg4=
3,-4,C8Yk3K5PYCDqSK1BW31VzKVrh6g=,3qfa4jNwDDtEQagRRS3qc9BKrg4=
1,-4,C8Yk3K5PYCDqSK1BW31VzKVrh6g=,3qfa4jNwDDtEQagRRS3qc9BKrg4=
4,-4,C8Yk3K5PYCDqSK1BW31VzKVrh6g=,3qfa4jNwDDtEQagRRS3qc9BKrg4=
7,-13,C8Yk3K5PYCDqSK1BW31VzKVrh6g=,3qfa4jNwDDtEQagRRS3qc9BKrg4=
2,-4,C8Yk3K5PYCDqSK1BW31VzKVrh6g=,3qfa4jNwDDtEQagRRS3qc9BKrg4=
12,-5,C8Yk3K5PYCDqSK1BW31VzKVrh6g=,3qfa4jNwDDtEQagRRS3qc9BKrg4=
0,-4,C8Yk3K5PYCDqSK1BW31VzKVrh6g=,3qfa4jNwDDtEQagRRS3qc9BKrg4=
13,-5,C8Yk3K5PYCDqSK1BW31VzKVrh6g=,3qfa4jNwDDtEQagRRS3qc9BKrg4=
15,-5,C8Yk3K5PYCDqSK1BW31VzKVrh6g=,3qfa4jNwDDtEQagRRS3qc9BKrg4=
14,-5,C8Yk3K5PYCDqSK1BW31VzKVrh6g=,3qfa4jNwDDtEQagRRS3qc9BKrg4=
10,-5,C8Yk3K5PYCDqSK1BW31VzKVrh6g=,3qfa4jNwDDtEQagRRS3qc9BKrg4=
9,-5,C8Yk3K5PYCDqSK1BW31VzKVrh6g=,3qfa4jNwDDtEQagRRS3qc9BKrg4=
8,-5,C8Yk3K5PYCDqSK1BW31VzKVrh6g=,3qfa4jNwDDtEQagRRS3qc9BKrg4=
11,-5,C8Yk3K5PYCDqSK1BW31VzKVrh6g=,3qfa4jNwDDtEQagRRS3qc9BKrg4=
13,-16,C8Yk3K5PYCDqSK1BW31VzKVrh6g=,3qfa4jNwDDtEQagRRS3qc9BKrg4=
8,-13,C8Yk3K5PYCDqSK1BW31VzKVrh6g=,3qfa4jNwDDtEQagRRS3qc9BKrg4=
9,-14,C8Yk3K5PYCDqSK1BW31VzKVrh6g=,3qfa4jNwDDtEQagRRS3qc9BKrg4=
5,-5,C8Yk3K5PYCDqSK1BW31VzKVrh6g=,3qfa4jNwDDtEQagRRS3qc9BKrg4=
7,-5,C8Yk3K5PYCDqSK1BW31VzKVrh6g=,3qfa4jNwDDtEQagRRS3qc9BKrg4=
4,-5,C8Yk3K5PYCDqSK1BW31VzKVrh6g=,3qfa4jNwDDtEQagRRS3qc9BKrg4=
3,-5,C8Yk3K5PYCDqSK1BW31VzKVrh6g=,3qfa4jNwDDtEQagRRS3qc9BKrg4=
6,-5,C8Yk3K5PYCDqSK1BW31VzKVrh6g=,3qfa4jNwDDtEQagRRS3qc9BKrg4=
2,-5,C8Yk3K5PYCDqSK1BW31VzKVrh6g=,3qfa4jNwDDtEQagRRS3qc9BKrg4=
13,-6,C8Yk3K5PYCDqSK1BW31VzKVrh6g=,3qfa4jNwDDtEQagRRS3qc9BKrg4=
14,-6,C8Yk3K5PYCDqSK1BW31VzKVrh6g=,3qfa4jNwDDtEQagRRS3qc9BKrg4=
15,-6,C8Yk3K5PYCDqSK1BW31VzKVrh6g=,3qfa4jNwDDtEQagRRS3qc9BKrg4=
1,-5,C8Yk3K5PYCDqSK1BW31VzKVrh6g=,3qfa4jNwDDtEQagRRS3qc9BKrg4=
9,-13,C8Yk3K5PYCDqSK1BW31VzKVrh6g=,3qfa4jNwDDtEQagRRS3qc9BKrg4=
0,-5,C8Yk3K5PYCDqSK1BW31VzKVrh6g=,3qfa4jNwDDtEQagRRS3qc9BKrg4=
12,-6,C8Yk3K5PYCDqSK1BW31VzKVrh6g=,3qfa4jNwDDtEQagRRS3qc9BKrg4=
11,-6,C8Yk3K5PYCDqSK1BW31VzKVrh6g=,3qfa4jNwDDtEQagRRS3qc9BKrg4=
10,-6,C8Yk3K5PYCDqSK1BW31VzKVrh6g=,3qfa4jNwDDtEQagRRS3qc9BKrg4=
9,-6,C8Yk3K5PYCDqSK1BW31VzKVrh6g=,3qfa4jNwDDtEQagRRS3qc9BKrg4=
8,-6,C8Yk3K5PYCDqSK1BW31VzKVrh6g=,3qfa4jNwDDtEQagRRS3qc9BKrg4=
12,-16,C8Yk3K5PYCDqSK1BW31VzKVrh6g=,3qfa4jNwDDtEQagRRS3qc9BKrg4=
6,-6,C8Yk3K5PYCDqSK1BW31VzKVrh6g=,3qfa4jNwDDtEQagRRS3qc9BKrg4=
7,-6,C8Yk3K5PYCDqSK1BW31VzKVrh6g=,3qfa4jNwDDtEQagRRS3qc9BKrg4=
5,-6,C8Yk3K5PYCDqSK1BW31VzKVrh6g=,3qfa4jNwDDtEQagRRS3qc9BKrg4=
10,-13,C8Yk3K5PYCDqSK1BW31VzKVrh6g=,3qfa4jNwDDtEQagRRS3qc9BKrg4=
2,-6,C8Yk3K5PYCDqSK1BW31VzKVrh6g=,3qfa4jNwDDtEQagRRS3qc9BKrg4=
8,-14,C8Yk3K5PYCDqSK1BW31VzKVrh6g=,3qfa4jNwDDtEQagRRS3qc9BKrg4=
3,-6,C8Yk3K5PYCDqSK1BW31VzKVrh6g=,3qfa4jNwDDtEQagRRS3qc9BKrg4=
4,-6,C8Yk3K5PYCDqSK1BW31VzKVrh6g=,3qfa4jNwDDtEQagRRS3qc9BKrg4=
14,-7,C8Yk3K5PYCDqSK1BW31VzKVrh6g=,3qfa4jNwDDtEQagRRS3qc9BKrg4=
15,-7,C8Yk3K5PYCDqSK1BW31VzKVrh6g=,3qfa4jNwDDtEQagRRS3qc9BKrg4=
1,-6,C8Yk3K5PYCDqSK1BW31VzKVrh6g=,3qfa4jNwDDtEQagRRS3qc9BKrg4=
13,-7,C8Yk3K5PYCDqSK1BW31VzKVrh6g=,3qfa4jNwDDtEQagRRS3qc9BKrg4=
12,-7,C8Yk3K5PYCDqSK1BW31VzKVrh6g=,3qfa4jNwDDtEQagRRS3qc9BKrg4=
11,-7,C8Yk3K5PYCDqSK1BW31VzKVrh6g=,3qfa4jNwDDtEQagRRS3qc9BKrg4=
0,-6,C8Yk3K5PYCDqSK1BW31VzKVrh6g=,3qfa4jNwDDtEQagRRS3qc9BKrg4=
10,-7,C8Yk3K5PYCDqSK1BW31VzKVrh6g=,3qfa4jNwDDtEQagRRS3qc9BKrg4=
9,-7,C8Yk3K5PYCDqSK1BW31VzKVrh6g=,3qfa4jNwDDtEQagRRS3qc9BKrg4=
11,-16,C8Yk3K5PYCDqSK1BW31VzKVrh6g=,3qfa4jNwDDtEQagRRS3qc9BKrg4=
11,-13,C8Yk3K5PYCDqSK1BW31VzKVrh6g=,3qfa4jNwDDtEQagRRS3qc9BKrg4=
8,-7,C8Yk3K5PYCDqSK1BW31VzKVrh6g=,3qfa4jNwDDtEQagRRS3qc9BKrg4=
12,-13,C8Yk3K5PYCDqSK1BW31VzKVrh6g=,3qfa4jNwDDtEQagRRS3qc9BKrg4=
6,-7,C8Yk3K5PYCDqSK1BW31VzKVrh6g=,3qfa4jNwDDtEQagRRS3qc9BKrg4=
13,-13,C8Yk3K5PYCDqSK1BW31VzKVrh6g=,3qfa4jNwDDtEQagRRS3qc9BKrg4=
5,-7,C8Yk3K5PYCDqSK1BW31VzKVrh6g=,3qfa4jNwDDtEQagRRS3qc9BKrg4=
14,-13,C8Yk3K5PYCDqSK1BW31VzKVrh6g=,3qfa4jNwDDtEQagRRS3qc9BKrg4=
7,-14,C8Yk3K5PYCDqSK1BW31VzKVrh6g=,3qfa4jNwDDtEQagRRS3qc9BKrg4=
3,-7,C8Yk3K5PYCDqSK1BW31VzKVrh6g=,3qfa4jNwDDtEQagRRS3qc9BKrg4=
7,-7,C8Yk3K5PYCDqSK1BW31VzKVrh6g=,3qfa4jNwDDtEQagRRS3qc9BKrg4=
2,-7,C8Yk3K5PYCDqSK1BW31VzKVrh6g=,3qfa4jNwDDtEQagRRS3qc9BKrg4=
4,-7,C8Yk3K5PYCDqSK1BW31VzKVrh6g=,3qfa4jNwDDtEQagRRS3qc9BKrg4=
15,-8,C8Yk3K5PYCDqSK1BW31VzKVrh6g=,3qfa4jNwDDtEQagRRS3qc9BKrg4=
1,-7,C8Yk3K5PYCDqSK1BW31VzKVrh6g=,3qfa4jNwDDtEQagRRS3qc9BKrg4=
12,-8,C8Yk3K5PYCDqSK1BW31VzKVrh6g=,3qfa4jNwDDtEQagRRS3qc9BKrg4=
11,-8,C8Yk3K5PYCDqSK1BW31VzKVrh6g=,3qfa4jNwDDtEQagRRS3qc9BKrg4=
13,-8,C8Yk3K5PYCDqSK1BW31VzKVrh6g=,3qfa4jNwDDtEQagRRS3qc9BKrg4=
1,-14,C8Yk3K5PYCDqSK1BW31VzKVrh6g=,3qfa4jNwDDtEQagRRS3qc9BKrg4=
14,-8,C8Yk3K5PYCDqSK1BW31VzKVrh6g=,3qfa4jNwDDtEQagRRS3qc9BKrg4=
15,-13,C8Yk3K5PYCDqSK1BW31VzKVrh6g=,3qfa4jNwDDtEQagRRS3qc9BKrg4=
0,-7,C8Yk3K5PYCDqSK1BW31VzKVrh6g=,3qfa4jNwDDtEQagRRS3qc9BKrg4=
9,-8,C8Yk3K5PYCDqSK1BW31VzKVrh6g=,3qfa4jNwDDtEQagRRS3qc9BKrg4=
10,-8,C8Yk3K5PYCDqSK1BW31VzKVrh6g=,3qfa4jNwDDtEQagRRS3qc9BKrg4=
0,-12,C8Yk3K5PYCDqSK1BW31VzKVrh6g=,3qfa4jNwDDtEQagRRS3qc9BKrg4=
6,-14,C8Yk3K5PYCDqSK1BW31VzKVrh6g=,3qfa4jNwDDtEQagRRS3qc9BKrg4=
10,-16,C8Yk3K5PYCDqSK1BW31VzKVrh6g=,3qfa4jNwDDtEQagRRS3qc9BKrg4=
8,-8,C8Yk3K5PYCDqSK1BW31VzKVrh6g=,3qfa4jNwDDtEQagRRS3qc9BKrg4=
7,-8,C8Yk3K5PYCDqSK1BW31VzKVrh6g=,3qfa4jNwDDtEQagRRS3qc9BKrg4=
5,-8,C8Yk3K5PYCDqSK1BW31VzKVrh6g=,3qfa4jNwDDtEQagRRS3qc9BKrg4=
3,-8,C8Yk3K5PYCDqSK1BW31VzKVrh6g=,3qfa4jNwDDtEQagRRS3qc9BKrg4=
6,-8,C8Yk3K5PYCDqSK1BW31VzKVrh6g=,3qfa4jNwDDtEQagRRS3qc9BKrg4=
4,-8,C8Yk3K5PYCDqSK1BW31VzKVrh6g=,3qfa4jNwDDtEQagRRS3qc9BKrg4=
1,-12,C8Yk3K5PYCDqSK1BW31VzKVrh6g=,3qfa4jNwDDtEQagRRS3qc9BKrg4=
15,-9,C8Yk3K5PYCDqSK1BW31VzKVrh6g=,3qfa4jNwDDtEQagRRS3qc9BKrg4=
14,-9,C8Yk3K5PYCDqSK1BW31VzKVrh6g=,3qfa4jNwDDtEQagRRS3qc9BKrg4=
13,-9,C8Yk3K5PYCDqSK1BW31VzKVrh6g=,3qfa4jNwDDtEQagRRS3qc9BKrg4=
12,-9,C8Yk3K5PYCDqSK1BW31VzKVrh6g=,3qfa4jNwDDtEQagRRS3qc9BKrg4=
11,-9,C8Yk3K5PYCDqSK1BW31VzKVrh6g=,3qfa4jNwDDtEQagRRS3qc9BKrg4=
2,-8,C8Yk3K5PYCDqSK1BW31VzKVrh6g=,3qfa4jNwDDtEQagRRS3qc9BKrg4=
1,-8,C8Yk3K5PYCDqSK1BW31VzKVrh6g=,3qfa4jNwDDtEQagRRS3qc9BKrg4=
0,-8,C8Yk3K5PYCDqSK1BW31VzKVrh6g=,3qfa4jNwDDtEQagRRS3qc9BKrg4=
10,-9,C8Yk3K5PYCDqSK1BW31VzKVrh6g=,3qfa4jNwDDtEQagRRS3qc9BKrg4=
9,-9,C8Yk3K5PYCDqSK1BW31VzKVrh6g=,3qfa4jNwDDtEQagRRS3qc9BKrg4=
7,-9,C8Yk3K5PYCDqSK1BW31VzKVrh6g=,3qfa4jNwDDtEQagRRS3qc9BKrg4=
6,-9,C8Yk3K5PYCDqSK1BW31VzKVrh6g=,3qfa4jNwDDtEQagRRS3qc9BKrg4=
8,-9,C8Yk3K5PYCDqSK1BW31VzKVrh6g=,3qfa4jNwDDtEQagRRS3qc9BKrg4=
5,-14,C8Yk3K5PYCDqSK1BW31VzKVrh6g=,3qfa4jNwDDtEQagRRS3qc9BKrg4=
2,-12,C8Yk3K5PYCDqSK1BW31VzKVrh6g=,3qfa4jNwDDtEQagRRS3qc9BKrg4=
9,-16,C8Yk3K5PYCDqSK1BW31VzKVrh6g=,3qfa4jNwDDtEQagRRS3qc9BKrg4=
4,-9,C8Yk3K5PYCDqSK1BW31VzKVrh6g=,3qfa4jNwDDtEQagRRS3qc9BKrg4=
3,-9,C8Yk3K5PYCDqSK1BW31VzKVrh6g=,3qfa4jNwDDtEQagRRS3qc9BKrg4=
5,-9,C8Yk3K5PYCDqSK1BW31VzKVrh6g=,3qfa4jNwDDtEQagRRS3qc9BKrg4=
13,-10,C8Yk3K5PYCDqSK1BW31VzKVrh6g=,3qfa4jNwDDtEQagRRS3qc9BKrg4=
1,-9,C8Yk3K5PYCDqSK1BW31VzKVrh6g=,3qfa4jNwDDtEQagRRS3qc9BKrg4=
15,-10,C8Yk3K5PYCDqSK1BW31VzKVrh6g=,3qfa4jNwDDtEQagRRS3qc9BKrg4=
0,-9,C8Yk3K5PYCDqSK1BW31VzKVrh6g=,3qfa4jNwDDtEQagRRS3qc9BKrg4=
3,-12,C8Yk3K5PYCDqSK1BW31VzKVrh6g=,3qfa4jNwDDtEQagRRS3qc9BKrg4=
12,-10,C8Yk3K5PYCDqSK1BW31VzKVrh6g=,3qfa4jNwDDtEQagRRS3qc9BKrg4=
14,-10,C8Yk3K5PYCDqSK1BW31VzKVrh6g=,3qfa4jNwDDtEQagRRS3qc9BKrg4=
2,-9,C8Yk3K5PYCDqSK1BW31VzKVrh6g=,3qfa4jNwDDtEQagRRS3qc9BKrg4=
11,-10,C8Yk3K5PYCDqSK1BW31VzKVrh6g=,3qfa4jNwDDtEQagRRS3qc9BKrg4=
2,-14,C8Yk3K5PYCDqSK1BW31VzKVrh6g=,3qfa4jNwDDtEQagRRS3qc9BKrg4=
6,-10,C8Yk3K5PYCDqSK1BW31VzKVrh6g=,3qfa4jNwDDtEQagRRS3qc9BKrg4=
8,-10,C8Yk3K5PYCDqSK1BW31VzKVrh6g=,3qfa4jNwDDtEQagRRS3qc9BKrg4=
7,-10,C8Yk3K5PYCDqSK1BW31VzKVrh6g=,3qfa4jNwDDtEQagRRS3qc9BKrg4=
10,-10,C8Yk3K5PYCDqSK1BW31VzKVrh6g=,3qfa4jNwDDtEQagRRS3qc9BKrg4=
9,-10,C8Yk3K5PYCDqSK1BW31VzKVrh6g=,3qfa4jNwDDtEQagRRS3qc9BKrg4=
5,-10,C8Yk3K5PYCDqSK1BW31VzKVrh6g=,3qfa4jNwDDtEQagRRS3qc9BKrg4=
4,-12,C8Yk3K5PYCDqSK1BW31VzKVrh6g=,3qfa4jNwDDtEQagRRS3qc9BKrg4=
8,-16,C8Yk3K5PYCDqSK1BW31VzKVrh6g=,3qfa4jNwDDtEQagRRS3qc9BKrg4=
4,-10,C8Yk3K5PYCDqSK1BW31VzKVrh6g=,3qfa4jNwDDtEQagRRS3qc9BKrg4=
1,-10,C8Yk3K5PYCDqSK1BW31VzKVrh6g=,3qfa4jNwDDtEQagRRS3qc9BKrg4=
0,-10,C8Yk3K5PYCDqSK1BW31VzKVrh6g=,3qfa4jNwDDtEQagRRS3qc9BKrg4=
3,-10,C8Yk3K5PYCDqSK1BW31VzKVrh6g=,3qfa4jNwDDtEQagRRS3qc9BKrg4=
15,-11,C8Yk3K5PYCDqSK1BW31VzKVrh6g=,3qfa4jNwDDtEQagRRS3qc9BKrg4=
2,-10,C8Yk3K5PYCDqSK1BW31VzKVrh6g=,3qfa4jNwDDtEQagRRS3qc9BKrg4=
4,-14,C8Yk3K5PYCDqSK1BW31VzKVrh6g=,3qfa4jNwDDtEQagRRS3qc9BKrg4=
5,-16,C8Yk3K5PYCDqSK1BW31VzKVrh6g=,3qfa4jNwDDtEQagRRS3qc9BKrg4=
13,-11,C8Yk3K5PYCDqSK1BW31VzKVrh6g=,3qfa4jNwDDtEQagRRS3qc9BKrg4=
12,-11,C8Yk3K5PYCDqSK1BW31VzKVrh6g=,3qfa4jNwDDtEQagRRS3qc9BKrg4=
14,-11,C8Yk3K5PYCDqSK1BW31VzKVrh6g=,3qfa4jNwDDtEQagRRS3qc9BKrg4=
5,-12,C8Yk3K5PYCDqSK1BW31VzKVrh6g=,3qfa4jNwDDtEQagRRS3qc9BKrg4=
6,-11,C8Yk3K5PYCDqSK1BW31VzKVrh6g=,3qfa4jNwDDtEQagRRS3qc9BKrg4=
8,-11,C8Yk3K5PYCDqSK1BW31VzKVrh6g=,3qfa4jNwDDtEQagRRS3qc9BKrg4=
7,-11,C8Yk3K5PYCDqSK1BW31VzKVrh6g=,3qfa4jNwDDtEQagRRS3qc9BKrg4=
11,-11,C8Yk3K5PYCDqSK1BW31VzKVrh6g=,3qfa4jNwDDtEQagRRS3qc9BKrg4=
9,-11,C8Yk3K5PYCDqSK1BW31VzKVrh6g=,3qfa4jNwDDtEQagRRS3qc9BKrg4=
6,-12,C8Yk3K5PYCDqSK1BW31VzKVrh6g=,3qfa4jNwDDtEQagRRS3qc9BKrg4=
10,-11,C8Yk3K5PYCDqSK1BW31VzKVrh6g=,3qfa4jNwDDtEQagRRS3qc9BKrg4=
5,-11,C8Yk3K5PYCDqSK1BW31VzKVrh6g=,3qfa4jNwDDtEQagRRS3qc9BKrg4=
3,-14,C8Yk3K5PYCDqSK1BW31VzKVrh6g=,3qfa4jNwDDtEQagRRS3qc9BKrg4=
4,-11,C8Yk3K5PYCDqSK1BW31VzKVrh6g=,3qfa4jNwDDtEQagRRS3qc9BKrg4=
7,-16,C8Yk3K5PYCDqSK1BW31VzKVrh6g=,3qfa4jNwDDtEQagRRS3qc9BKrg4=
15,-12,C8Yk3K5PYCDqSK1BW31VzKVrh6g=,3qfa4jNwDDtEQagRRS3qc9BKrg4=
3,-11,C8Yk3K5PYCDqSK1BW31VzKVrh6g=,3qfa4jNwDDtEQagRRS3qc9BKrg4=
0,-11,C8Yk3K5PYCDqSK1BW31VzKVrh6g=,3qfa4jNwDDtEQagRRS3qc9BKrg4=
7,-12,C8Yk3K5PYCDqSK1BW31VzKVrh6g=,3qfa4jNwDDtEQagRRS3qc9BKrg4=
14,-12,C8Yk3K5PYCDqSK1BW31VzKVrh6g=,3qfa4jNwDDtEQagRRS3qc9BKrg4=
1,-11,C8Yk3K5PYCDqSK1BW31VzKVrh6g=,3qfa4jNwDDtEQagRRS3qc9BKrg4=
13,-12,C8Yk3K5PYCDqSK1BW31VzKVrh6g=,3qfa4jNwDDtEQagRRS3qc9BKrg4=
12,-12,C8Yk3K5PYCDqSK1BW31VzKVrh6g=,3qfa4jNwDDtEQagRRS3qc9BKrg4=
2,-11,C8Yk3K5PYCDqSK1BW31VzKVrh6g=,3qfa4jNwDDtEQagRRS3qc9BKrg4=
6,-16,C8Yk3K5PYCDqSK1BW31VzKVrh6g=,3qfa4jNwDDtEQagRRS3qc9BKrg4=
11,-12,C8Yk3K5PYCDqSK1BW31VzKVrh6g=,3qfa4jNwDDtEQagRRS3qc9BKrg4=
8,-12,C8Yk3K5PYCDqSK1BW31VzKVrh6g=,3qfa4jNwDDtEQagRRS3qc9BKrg4=
10,-12,C8Yk3K5PYCDqSK1BW31VzKVrh6g=,3qfa4jNwDDtEQagRRS3qc9BKrg4=
9,-12,C8Yk3K5PYCDqSK1BW31VzKVrh6g=,3qfa4jNwDDtEQagRRS3qc9BKrg4=
